e8d4

name=[HEADER]
  00000000: 30800008                       b,a   0x20
  00000004: 0000e994                       unimp  0xe994
  00000008: 00002000                       unimp  0x2000

name=[ENTRY]
  00000020: 30803a37                       b,a   0xe8fc
  00000024: 01000000                       nop 
  00000028: 01000000                       nop 
  0000002c: 01000000                       nop 

name=<?>
  00000030: c8200007                       st  %g4, [ %g0 + %g7 ]
  00000034: 8803e008                       add  %o7, 8, %g4
  00000038: e0016000                       ld  [ %g5 ], %l0
  0000003c: 81c40002                       jmp  %l0 + %g2
  00000040: 8a016004                       add  %g5, 4, %g5

name=<INTERPRET>
  00000044: ca200006                       st  %g5, [ %g0 + %g6 ]
  00000048: 8a03e008                       add  %o7, 8, %g5
  0000004c: e0016000                       ld  [ %g5 ], %l0
  00000050: 81c40002                       jmp  %l0 + %g2
  00000054: 8a016004                       add  %g5, 4, %g5

name=<NULLSUB>
  00000058: c8200007                       st  %g4, [ %g0 + %g7 ]
  0000005c: 8803e008                       add  %o7, 8, %g4
  00000060: e0016000                       ld  [ %g5 ], %l0
  00000064: 81c40002                       jmp  %l0 + %g2
  00000068: 8a016004                       add  %g5, 4, %g5

name=<VARIABLE>
  0000006c: c8200007                       st  %g4, [ %g0 + %g7 ]
  00000070: 8803e008                       add  %o7, 8, %g4
  00000074: e0016000                       ld  [ %g5 ], %l0
  00000078: 81c40002                       jmp  %l0 + %g2
  0000007c: 8a016004                       add  %g5, 4, %g5

name=<USER>
  00000080: c8200007                       st  %g4, [ %g0 + %g7 ]
  00000084: e003e008                       ld  [ %o7 + 8 ], %l0
  00000088: 88040003                       add  %l0, %g3, %g4
  0000008c: e0016000                       ld  [ %g5 ], %l0
  00000090: 81c40002                       jmp  %l0 + %g2
  00000094: 8a016004                       add  %g5, 4, %g5

name=<VALUE>
  00000098: c8200007                       st  %g4, [ %g0 + %g7 ]
  0000009c: e003e008                       ld  [ %o7 + 8 ], %l0
  000000a0: c8040003                       ld  [ %l0 + %g3 ], %g4
  000000a4: e0016000                       ld  [ %g5 ], %l0
  000000a8: 81c40002                       jmp  %l0 + %g2
  000000ac: 8a016004                       add  %g5, 4, %g5

name=<DEFER>
  000000b0: e0040003                       ld  [ %l0 + %g3 ], %l0
  000000b4: 81c40002                       jmp  %l0 + %g2
  000000b8: 01000000                       nop 

name=<CONSTANT>
  000000bc: c8200007                       st  %g4, [ %g0 + %g7 ]
  000000c0: c803e008                       ld  [ %o7 + 8 ], %g4
  000000c4: e0016000                       ld  [ %g5 ], %l0
  000000c8: 81c40002                       jmp  %l0 + %g2
  000000cc: 8a016004                       add  %g5, 4, %g5

name=<?>
  000000d0: 8e21e004                       sub  %g7, 4, %g7
  000000d4: c821e004                       st  %g4, [ %g7 + 4 ]
  000000d8: c803e008                       ld  [ %o7 + 8 ], %g4
  000000dc: c8200007                       st  %g4, [ %g0 + %g7 ]
  000000e0: c803e00c                       ld  [ %o7 + 0xc ], %g4
  000000e4: e0016000                       ld  [ %g5 ], %l0
  000000e8: 81c40002                       jmp  %l0 + %g2
  000000ec: 8a016004                       add  %g5, 4, %g5

name=<?>
  000000f0: c8200007                       st  %g4, [ %g0 + %g7 ]
  000000f4: 88000010                       add  %g0, %l0, %g4
  000000f8: 8c21a004                       sub  %g6, 4, %g6
  000000fc: ca200006                       st  %g5, [ %g0 + %g6 ]
  00000100: 8a03e008                       add  %o7, 8, %g5
  00000104: e0016000                       ld  [ %g5 ], %l0
  00000108: 81c40002                       jmp  %l0 + %g2
  0000010c: 8a016004                       add  %g5, 4, %g5

name=(lit) flags=80
  0000011c: 8e21e004                       sub  %g7, 4, %g7
  00000120: c8200007                       st  %g4, [ %g0 + %g7 ]
  00000124: c8016000                       ld  [ %g5 ], %g4
  00000128: 8a016004                       add  %g5, 4, %g5
  0000012c: e0016000                       ld  [ %g5 ], %l0
  00000130: 81c40002                       jmp  %l0 + %g2
  00000134: 8a016004                       add  %g5, 4, %g5

name=(wlit) flags=80
  00000144: 8e21e004                       sub  %g7, 4, %g7
  00000148: c8200007                       st  %g4, [ %g0 + %g7 ]
  0000014c: c8016000                       ld  [ %g5 ], %g4
  00000150: 8a016004                       add  %g5, 4, %g5
  00000154: e0016000                       ld  [ %g5 ], %l0
  00000158: 81c40002                       jmp  %l0 + %g2
  0000015c: 8a016004                       add  %g5, 4, %g5

name=(llit) flags=80
  0000016c: 8e21e004                       sub  %g7, 4, %g7

name={IF}
  00000170: c8200007                       st  %g4, [ %g0 + %g7 ]
  00000174: c8016000                       ld  [ %g5 ], %g4
  00000178: 8a016004                       add  %g5, 4, %g5
  0000017c: e0016000                       ld  [ %g5 ], %l0
  00000180: 81c40002                       jmp  %l0 + %g2
  00000184: 8a016004                       add  %g5, 4, %g5

name=branch flags=80
  00000194: e0016000                       ld  [ %g5 ], %l0
  00000198: 8a014010                       add  %g5, %l0, %g5
  0000019c: e0016000                       ld  [ %g5 ], %l0
  000001a0: 81c40002                       jmp  %l0 + %g2
  000001a4: 8a016004                       add  %g5, 4, %g5

name=?branch flags=80
  000001b4: 80812000                       addcc  %g4, 0, %g0
  000001b8: c801e000                       ld  [ %g7 ], %g4
  000001bc: 02bffff6                       be  0x194
  000001c0: 8e01e004                       add  %g7, 4, %g7
  000001c4: 8a016004                       add  %g5, 4, %g5
  000001c8: e0016000                       ld  [ %g5 ], %l0
  000001cc: 81c40002                       jmp  %l0 + %g2
  000001d0: 8a016004                       add  %g5, 4, %g5

name=(loop) flags=80
  000001e0: e001a000                       ld  [ %g6 ], %l0
  000001e4: a0842001                       inccc  %l0
  000001e8: 1ebfffeb                       bvc  0x194
  000001ec: e0200006                       st  %l0, [ %g0 + %g6 ]
  000001f0: 8c01a00c                       add  %g6, 0xc, %g6
  000001f4: 8a016004                       add  %g5, 4, %g5
  000001f8: e0016000                       ld  [ %g5 ], %l0
  000001fc: 81c40002                       jmp  %l0 + %g2
  00000200: 8a016004                       add  %g5, 4, %g5

name=(+loop) flags=80
  00000210: e001a000                       ld  [ %g6 ], %l0
  00000214: a0840004                       addcc  %l0, %g4, %l0
  00000218: e0200006                       st  %l0, [ %g0 + %g6 ]
  0000021c: c801e000                       ld  [ %g7 ], %g4
  00000220: 1ebfffdd                       bvc  0x194
  00000224: 8e01e004                       add  %g7, 4, %g7
  00000228: 8c01a00c                       add  %g6, 0xc, %g6
  0000022c: 8a016004                       add  %g5, 4, %g5
  00000230: e0016000                       ld  [ %g5 ], %l0
  00000234: 81c40002                       jmp  %l0 + %g2
  00000238: 8a016004                       add  %g5, 4, %g5

name=(do) flags=80
  00000248: a2000004                       add  %g0, %g4, %l1
  0000024c: e001e000                       ld  [ %g7 ], %l0
  00000250: c801e004                       ld  [ %g7 + 4 ], %g4
  00000254: 8e01e008                       add  %g7, 8, %g7
  00000258: 8c21a004                       sub  %g6, 4, %g6
  0000025c: ca200006                       st  %g5, [ %g0 + %g6 ]
  00000260: 8a016004                       add  %g5, 4, %g5
  00000264: 25200000                       sethi  %hi(0x80000000), %l2
  00000268: a0040012                       add  %l0, %l2, %l0
  0000026c: 8c21a004                       sub  %g6, 4, %g6
  00000270: e0200006                       st  %l0, [ %g0 + %g6 ]
  00000274: a2244010                       sub  %l1, %l0, %l1
  00000278: 8c21a004                       sub  %g6, 4, %g6
  0000027c: e2200006                       st  %l1, [ %g0 + %g6 ]
  00000280: e0016000                       ld  [ %g5 ], %l0
  00000284: 81c40002                       jmp  %l0 + %g2
  00000288: 8a016004                       add  %g5, 4, %g5

name=(?do) flags=80
  00000298: a2000004                       add  %g0, %g4, %l1
  0000029c: e001e000                       ld  [ %g7 ], %l0
  000002a0: c801e004                       ld  [ %g7 + 4 ], %g4
  000002a4: 80a44010                       cmp  %l1, %l0
  000002a8: 12bfffec                       bne  0x258
  000002ac: 8e01e008                       add  %g7, 8, %g7
  000002b0: e0016000                       ld  [ %g5 ], %l0
  000002b4: 8a040005                       add  %l0, %g5, %g5
  000002b8: e0016000                       ld  [ %g5 ], %l0
  000002bc: 81c40002                       jmp  %l0 + %g2
  000002c0: 8a016004                       add  %g5, 4, %g5

name=i flags=80
  000002cc: 8e21e004                       sub  %g7, 4, %g7
  000002d0: c8200007                       st  %g4, [ %g0 + %g7 ]
  000002d4: c801a000                       ld  [ %g6 ], %g4
  000002d8: e001a004                       ld  [ %g6 + 4 ], %l0
  000002dc: 88010010                       add  %g4, %l0, %g4
  000002e0: e0016000                       ld  [ %g5 ], %l0
  000002e4: 81c40002                       jmp  %l0 + %g2
  000002e8: 8a016004                       add  %g5, 4, %g5

name=j flags=80
  000002f4: 8e21e004                       sub  %g7, 4, %g7
  000002f8: c8200007                       st  %g4, [ %g0 + %g7 ]
  000002fc: c801a00c                       ld  [ %g6 + 0xc ], %g4
  00000300: e001a010                       ld  [ %g6 + 0x10 ], %l0
  00000304: 88010010                       add  %g4, %l0, %g4
  00000308: e0016000                       ld  [ %g5 ], %l0
  0000030c: 81c40002                       jmp  %l0 + %g2
  00000310: 8a016004                       add  %g5, 4, %g5

name=(leave) flags=80
  00000320: ca01a008                       ld  [ %g6 + 8 ], %g5
  00000324: 8c01a00c                       add  %g6, 0xc, %g6
  00000328: e0016000                       ld  [ %g5 ], %l0
  0000032c: 8a014010                       add  %g5, %l0, %g5
  00000330: e0016000                       ld  [ %g5 ], %l0
  00000334: 81c40002                       jmp  %l0 + %g2
  00000338: 8a016004                       add  %g5, 4, %g5

name=(?leave) flags=80
  0000034c: 80810000                       addcc  %g4, %g0, %g0
  00000350: c801e000                       ld  [ %g7 ], %g4
  00000354: 12bffff3                       bne  0x320
  00000358: 8e01e004                       add  %g7, 4, %g7
  0000035c: e0016000                       ld  [ %g5 ], %l0
  00000360: 81c40002                       jmp  %l0 + %g2
  00000364: 8a016004                       add  %g5, 4, %g5

name=unloop flags=80
  00000374: 8c01a00c                       add  %g6, 0xc, %g6
  00000378: e0016000                       ld  [ %g5 ], %l0
  0000037c: 81c40002                       jmp  %l0 + %g2
  00000380: 8a016004                       add  %g5, 4, %g5

name=(of) flags=80
  00000390: e001e000                       ld  [ %g7 ], %l0
  00000394: 8e01e004                       add  %g7, 4, %g7
  00000398: 80a40004                       cmp  %l0, %g4
  0000039c: 12800008                       bne  0x3bc
  000003a0: 88000010                       add  %g0, %l0, %g4
  000003a4: c801e000                       ld  [ %g7 ], %g4
  000003a8: 8e01e004                       add  %g7, 4, %g7
  000003ac: 8a016004                       add  %g5, 4, %g5
  000003b0: e0016000                       ld  [ %g5 ], %l0
  000003b4: 81c40002                       jmp  %l0 + %g2
  000003b8: 8a016004                       add  %g5, 4, %g5
  000003bc: e0016000                       ld  [ %g5 ], %l0
  000003c0: 8a014010                       add  %g5, %l0, %g5
  000003c4: e0016000                       ld  [ %g5 ], %l0
  000003c8: 81c40002                       jmp  %l0 + %g2
  000003cc: 8a016004                       add  %g5, 4, %g5

name=(endof) flags=80
  000003dc: e0016000                       ld  [ %g5 ], %l0
  000003e0: 8a014010                       add  %g5, %l0, %g5
  000003e4: e0016000                       ld  [ %g5 ], %l0
  000003e8: 81c40002                       jmp  %l0 + %g2
  000003ec: 8a016004                       add  %g5, 4, %g5

name=(endcase) flags=80
  00000400: c801e000                       ld  [ %g7 ], %g4
  00000404: 8e01e004                       add  %g7, 4, %g7
  00000408: e0016000                       ld  [ %g5 ], %l0
  0000040c: 81c40002                       jmp  %l0 + %g2
  00000410: 8a016004                       add  %g5, 4, %g5

name=execute flags=80
  00000420: a0000004                       add  %g0, %g4, %l0
  00000424: c801e000                       ld  [ %g7 ], %g4
  00000428: 81c42000                       jmp  %l0
  0000042c: 8e01e004                       add  %g7, 4, %g7
  00000430: 88002000                       add  %g0, 0, %g4
  00000434: e0016000                       ld  [ %g5 ], %l0
  00000438: 81c40002                       jmp  %l0 + %g2
  0000043c: 8a016004                       add  %g5, 4, %g5

name=digit flags=80
  0000044c: a0000004                       add  %g0, %g4, %l0
  00000450: c801e000                       ld  [ %g7 ], %g4
  00000454: 88a12030                       subcc  %g4, 0x30, %g4
  00000458: 06bffff6                       bl  0x430
  0000045c: 80a1200a                       cmp  %g4, 0xa
  00000460: 26800009                       bl,a   0x484
  00000464: 80a10010                       cmp  %g4, %l0
  00000468: 80a12011                       cmp  %g4, 0x11
  0000046c: 06bffff1                       bl  0x430
  00000470: 80a12031                       cmp  %g4, 0x31
  00000474: 06800003                       bl  0x480
  00000478: 88212007                       sub  %g4, 7, %g4
  0000047c: 88212020                       sub  %g4, 0x20, %g4
  00000480: 80a10010                       cmp  %g4, %l0
  00000484: 16bfffeb                       bge  0x430
  00000488: 01000000                       nop 
  0000048c: c8200007                       st  %g4, [ %g0 + %g7 ]
  00000490: 88003fff                       add  %g0, -1, %g4
  00000494: e0016000                       ld  [ %g5 ], %l0
  00000498: 81c40002                       jmp  %l0 + %g2
  0000049c: 8a016004                       add  %g5, 4, %g5

name=cmove flags=80
  000004ac: e001e004                       ld  [ %g7 + 4 ], %l0
  000004b0: e201e000                       ld  [ %g7 ], %l1
  000004b4: a0040004                       add  %l0, %g4, %l0
  000004b8: a2044004                       add  %l1, %g4, %l1
  000004bc: a2246001                       dec  %l1
  000004c0: 88a00004                       subcc  %g0, %g4, %g4
  000004c4: 02800006                       be  0x4dc
  000004c8: 01000000                       nop 
  000004cc: e40c0004                       ldub  [ %l0 + %g4 ], %l2
  000004d0: 88812001                       inccc  %g4
  000004d4: 06bffffe                       bl  0x4cc
  000004d8: e42c4004                       stb  %l2, [ %l1 + %g4 ]
  000004dc: c801e008                       ld  [ %g7 + 8 ], %g4
  000004e0: 8e01e00c                       add  %g7, 0xc, %g7
  000004e4: e0016000                       ld  [ %g5 ], %l0
  000004e8: 81c40002                       jmp  %l0 + %g2
  000004ec: 8a016004                       add  %g5, 4, %g5

name=cmove> flags=80
  000004fc: e001e004                       ld  [ %g7 + 4 ], %l0
  00000500: e201e000                       ld  [ %g7 ], %l1
  00000504: a2046001                       inc  %l1
  00000508: 80a12000                       cmp  %g4, 0
  0000050c: 02800006                       be  0x524
  00000510: 88212001                       dec  %g4
  00000514: e40c0004                       ldub  [ %l0 + %g4 ], %l2
  00000518: 88a12001                       deccc  %g4
  0000051c: 16bffffe                       bge  0x514
  00000520: e42c4004                       stb  %l2, [ %l1 + %g4 ]
  00000524: c801e008                       ld  [ %g7 + 8 ], %g4
  00000528: 8e01e00c                       add  %g7, 0xc, %g7
  0000052c: e0016000                       ld  [ %g5 ], %l0
  00000530: 81c40002                       jmp  %l0 + %g2
  00000534: 8a016004                       add  %g5, 4, %g5

name=and flags=80
  00000540: e001e000                       ld  [ %g7 ], %l0
  00000544: 8e01e004                       add  %g7, 4, %g7
  00000548: 88090010                       and  %g4, %l0, %g4
  0000054c: e0016000                       ld  [ %g5 ], %l0
  00000550: 81c40002                       jmp  %l0 + %g2
  00000554: 8a016004                       add  %g5, 4, %g5

name=or flags=80
  00000560: e001e000                       ld  [ %g7 ], %l0
  00000564: 8e01e004                       add  %g7, 4, %g7
  00000568: 88110010                       or  %g4, %l0, %g4
  0000056c: e0016000                       ld  [ %g5 ], %l0
  00000570: 81c40002                       jmp  %l0 + %g2
  00000574: 8a016004                       add  %g5, 4, %g5

name=xor flags=80
  00000580: e001e000                       ld  [ %g7 ], %l0
  00000584: 8e01e004                       add  %g7, 4, %g7
  00000588: 88190010                       xor  %g4, %l0, %g4
  0000058c: e0016000                       ld  [ %g5 ], %l0
  00000590: 81c40002                       jmp  %l0 + %g2
  00000594: 8a016004                       add  %g5, 4, %g5

name=<< flags=80
  000005a0: e001e000                       ld  [ %g7 ], %l0
  000005a4: 8e01e004                       add  %g7, 4, %g7
  000005a8: 892c0004                       sll  %l0, %g4, %g4
  000005ac: e0016000                       ld  [ %g5 ], %l0
  000005b0: 81c40002                       jmp  %l0 + %g2
  000005b4: 8a016004                       add  %g5, 4, %g5

name=>> flags=80
  000005c0: e001e000                       ld  [ %g7 ], %l0
  000005c4: 8e01e004                       add  %g7, 4, %g7
  000005c8: 89340004                       srl  %l0, %g4, %g4
  000005cc: e0016000                       ld  [ %g5 ], %l0
  000005d0: 81c40002                       jmp  %l0 + %g2
  000005d4: 8a016004                       add  %g5, 4, %g5

name=>>a flags=80
  000005e0: e001e000                       ld  [ %g7 ], %l0
  000005e4: 8e01e004                       add  %g7, 4, %g7
  000005e8: 893c0004                       sra  %l0, %g4, %g4
  000005ec: e0016000                       ld  [ %g5 ], %l0
  000005f0: 81c40002                       jmp  %l0 + %g2
  000005f4: 8a016004                       add  %g5, 4, %g5

name=lshift flags=80
  00000604: e001e000                       ld  [ %g7 ], %l0
  00000608: 8e01e004                       add  %g7, 4, %g7
  0000060c: 892c0004                       sll  %l0, %g4, %g4
  00000610: e0016000                       ld  [ %g5 ], %l0
  00000614: 81c40002                       jmp  %l0 + %g2
  00000618: 8a016004                       add  %g5, 4, %g5

name=rshift flags=80
  00000628: e001e000                       ld  [ %g7 ], %l0
  0000062c: 8e01e004                       add  %g7, 4, %g7
  00000630: 89340004                       srl  %l0, %g4, %g4
  00000634: e0016000                       ld  [ %g5 ], %l0
  00000638: 81c40002                       jmp  %l0 + %g2
  0000063c: 8a016004                       add  %g5, 4, %g5

name=+ flags=80
  00000648: e001e000                       ld  [ %g7 ], %l0
  0000064c: 8e01e004                       add  %g7, 4, %g7
  00000650: 88010010                       add  %g4, %l0, %g4
  00000654: e0016000                       ld  [ %g5 ], %l0
  00000658: 81c40002                       jmp  %l0 + %g2
  0000065c: 8a016004                       add  %g5, 4, %g5

name=- flags=80
  00000668: e001e000                       ld  [ %g7 ], %l0
  0000066c: 8e01e004                       add  %g7, 4, %g7
  00000670: 88240004                       sub  %l0, %g4, %g4
  00000674: e0016000                       ld  [ %g5 ], %l0
  00000678: 81c40002                       jmp  %l0 + %g2
  0000067c: 8a016004                       add  %g5, 4, %g5

name=invert flags=80
  0000068c: 88193fff                       xor  %g4, -1, %g4
  00000690: e0016000                       ld  [ %g5 ], %l0
  00000694: 81c40002                       jmp  %l0 + %g2
  00000698: 8a016004                       add  %g5, 4, %g5

name=negate flags=80
  000006a8: 88200004                       neg  %g4
  000006ac: e0016000                       ld  [ %g5 ], %l0
  000006b0: 81c40002                       jmp  %l0 + %g2
  000006b4: 8a016004                       add  %g5, 4, %g5

name=first-code-word flags=80
  000006cc: 7ffffe5e                       call  0x44
  000006d0: 8c21a004                       sub  %g6, 4, %g6
  000006d4: 00001c28 (')                   unimp  0x1c28
  000006d8: 000000fc (lit)                 unimp  0xfc
  000006dc: 00000a20 unnest                unimp  0xa20

name=abs flags=80
  000006e8: 7ffffe57                       call  0x44
  000006ec: 8c21a004                       sub  %g6, 4, %g6
  000006f0: 00000d84 dup                   unimp  0xd84
  000006f4: 00000af0 0<                    unimp  0xaf0
  000006f8: 00000194 ?branch               unimp  0x194
  000006fc: 00000008                       unimp  0x8
  00000700: 00000688 negate                unimp  0x688
  00000704: 00000a20 unnest                unimp  0xa20

name=min flags=80
  00000710: 7ffffe4d                       call  0x44
  00000714: 8c21a004                       sub  %g6, 4, %g6
  00000718: 00000e64 2dup                  unimp  0xe64
  0000071c: 00000bac >                     unimp  0xbac
  00000720: 00000194 ?branch               unimp  0x194
  00000724: 00000008                       unimp  0x8
  00000728: 00000dc8 swap                  unimp  0xdc8
  0000072c: 00000d3c drop                  unimp  0xd3c
  00000730: 00000a20 unnest                unimp  0xa20

name=max flags=80
  0000073c: 7ffffe42                       call  0x44
  00000740: 8c21a004                       sub  %g6, 4, %g6
  00000744: 00000e64 2dup                  unimp  0xe64
  00000748: 00000b80 <                     unimp  0xb80
  0000074c: 00000194 ?branch               unimp  0x194
  00000750: 00000008                       unimp  0x8
  00000754: 00000dc8 swap                  unimp  0xdc8
  00000758: 00000d3c drop                  unimp  0xd3c
  0000075c: 00000a20 unnest                unimp  0xa20

name=umin flags=80
  0000076c: 7ffffe36                       call  0x44
  00000770: 8c21a004                       sub  %g6, 4, %g6
  00000774: 00000e64 2dup                  unimp  0xe64
  00000778: 00000c30 u>                    unimp  0xc30
  0000077c: 00000194 ?branch               unimp  0x194
  00000780: 00000008                       unimp  0x8
  00000784: 00000dc8 swap                  unimp  0xdc8
  00000788: 00000d3c drop                  unimp  0xd3c
  0000078c: 00000a20 unnest                unimp  0xa20

name=umax flags=80
  0000079c: 7ffffe2a                       call  0x44
  000007a0: 8c21a004                       sub  %g6, 4, %g6
  000007a4: 00000e64 2dup                  unimp  0xe64
  000007a8: 00000c88 u<                    unimp  0xc88
  000007ac: 00000194 ?branch               unimp  0x194
  000007b0: 00000008                       unimp  0x8
  000007b4: 00000dc8 swap                  unimp  0xdc8
  000007b8: 00000d3c drop                  unimp  0xd3c
  000007bc: 00000a20 unnest                unimp  0xa20

name=up@ flags=80
  000007c8: 8e21e004                       sub  %g7, 4, %g7
  000007cc: c8200007                       st  %g4, [ %g0 + %g7 ]
  000007d0: 88000003                       add  %g0, %g3, %g4
  000007d4: e0016000                       ld  [ %g5 ], %l0
  000007d8: 81c40002                       jmp  %l0 + %g2
  000007dc: 8a016004                       add  %g5, 4, %g5

name=sp@ flags=80
  000007e8: 8e21e004                       sub  %g7, 4, %g7
  000007ec: c8200007                       st  %g4, [ %g0 + %g7 ]
  000007f0: 88000007                       add  %g0, %g7, %g4
  000007f4: e0016000                       ld  [ %g5 ], %l0
  000007f8: 81c40002                       jmp  %l0 + %g2
  000007fc: 8a016004                       add  %g5, 4, %g5

name=rp@ flags=80
  00000808: 8e21e004                       sub  %g7, 4, %g7
  0000080c: c8200007                       st  %g4, [ %g0 + %g7 ]
  00000810: 88000006                       add  %g0, %g6, %g4
  00000814: e0016000                       ld  [ %g5 ], %l0
  00000818: 81c40002                       jmp  %l0 + %g2
  0000081c: 8a016004                       add  %g5, 4, %g5

name=up! flags=80
  00000828: 86000004                       add  %g0, %g4, %g3
  0000082c: c801e000                       ld  [ %g7 ], %g4
  00000830: 8e01e004                       add  %g7, 4, %g7
  00000834: e0016000                       ld  [ %g5 ], %l0
  00000838: 81c40002                       jmp  %l0 + %g2
  0000083c: 8a016004                       add  %g5, 4, %g5

name=sp! flags=80
  00000848: 8e000004                       add  %g0, %g4, %g7
  0000084c: c801e000                       ld  [ %g7 ], %g4
  00000850: 8e01e004                       add  %g7, 4, %g7
  00000854: e0016000                       ld  [ %g5 ], %l0
  00000858: 81c40002                       jmp  %l0 + %g2
  0000085c: 8a016004                       add  %g5, 4, %g5

name=rp! flags=80
  00000868: 8c000004                       add  %g0, %g4, %g6
  0000086c: c801e000                       ld  [ %g7 ], %g4
  00000870: 8e01e004                       add  %g7, 4, %g7
  00000874: e0016000                       ld  [ %g5 ], %l0
  00000878: 81c40002                       jmp  %l0 + %g2
  0000087c: 8a016004                       add  %g5, 4, %g5

name=>r flags=80
  00000888: 8c21a004                       sub  %g6, 4, %g6
  0000088c: c8200006                       st  %g4, [ %g0 + %g6 ]
  00000890: c801e000                       ld  [ %g7 ], %g4
  00000894: 8e01e004                       add  %g7, 4, %g7
  00000898: e0016000                       ld  [ %g5 ], %l0
  0000089c: 81c40002                       jmp  %l0 + %g2
  000008a0: 8a016004                       add  %g5, 4, %g5

name=r> flags=80
  000008ac: 8e21e004                       sub  %g7, 4, %g7
  000008b0: c8200007                       st  %g4, [ %g0 + %g7 ]
  000008b4: c801a000                       ld  [ %g6 ], %g4
  000008b8: 8c01a004                       add  %g6, 4, %g6
  000008bc: e0016000                       ld  [ %g5 ], %l0
  000008c0: 81c40002                       jmp  %l0 + %g2
  000008c4: 8a016004                       add  %g5, 4, %g5

name=r@ flags=80
  000008d0: 8e21e004                       sub  %g7, 4, %g7
  000008d4: c8200007                       st  %g4, [ %g0 + %g7 ]
  000008d8: c801a000                       ld  [ %g6 ], %g4
  000008dc: e0016000                       ld  [ %g5 ], %l0
  000008e0: 81c40002                       jmp  %l0 + %g2
  000008e4: 8a016004                       add  %g5, 4, %g5

name=>user flags=80
  000008f4: e0010000                       ld  [ %g4 ], %l0
  000008f8: 8800c010                       add  %g3, %l0, %g4
  000008fc: e0016000                       ld  [ %g5 ], %l0
  00000900: 81c40002                       jmp  %l0 + %g2
  00000904: 8a016004                       add  %g5, 4, %g5

name=2>r flags=80
  00000910: 8c21a008                       sub  %g6, 8, %g6
  00000914: e001e000                       ld  [ %g7 ], %l0
  00000918: e021a004                       st  %l0, [ %g6 + 4 ]
  0000091c: c821a000                       st  %g4, [ %g6 ]
  00000920: c801e004                       ld  [ %g7 + 4 ], %g4
  00000924: 8e01e008                       add  %g7, 8, %g7
  00000928: e0016000                       ld  [ %g5 ], %l0
  0000092c: 81c40002                       jmp  %l0 + %g2
  00000930: 8a016004                       add  %g5, 4, %g5

name=2r> flags=80
  0000093c: 8e21e008                       sub  %g7, 8, %g7
  00000940: c821e004                       st  %g4, [ %g7 + 4 ]
  00000944: c801a004                       ld  [ %g6 + 4 ], %g4
  00000948: c821e000                       st  %g4, [ %g7 ]
  0000094c: c801a000                       ld  [ %g6 ], %g4
  00000950: 8c01a008                       add  %g6, 8, %g6
  00000954: e0016000                       ld  [ %g5 ], %l0
  00000958: 81c40002                       jmp  %l0 + %g2
  0000095c: 8a016004                       add  %g5, 4, %g5

name=2r@ flags=80
  00000968: 8e21e008                       sub  %g7, 8, %g7
  0000096c: c821e004                       st  %g4, [ %g7 + 4 ]
  00000970: c801a004                       ld  [ %g6 + 4 ], %g4
  00000974: c821e000                       st  %g4, [ %g7 ]
  00000978: c801a000                       ld  [ %g6 ], %g4
  0000097c: e0016000                       ld  [ %g5 ], %l0
  00000980: 81c40002                       jmp  %l0 + %g2
  00000984: 8a016004                       add  %g5, 4, %g5

name=>ip flags=80
  00000990: 8c21a004                       sub  %g6, 4, %g6
  00000994: c8200006                       st  %g4, [ %g0 + %g6 ]
  00000998: c801e000                       ld  [ %g7 ], %g4
  0000099c: 8e01e004                       add  %g7, 4, %g7
  000009a0: e0016000                       ld  [ %g5 ], %l0
  000009a4: 81c40002                       jmp  %l0 + %g2
  000009a8: 8a016004                       add  %g5, 4, %g5

name=ip> flags=80
  000009b4: 8e21e004                       sub  %g7, 4, %g7
  000009b8: c8200007                       st  %g4, [ %g0 + %g7 ]
  000009bc: c801a000                       ld  [ %g6 ], %g4
  000009c0: 8c01a004                       add  %g6, 4, %g6
  000009c4: e0016000                       ld  [ %g5 ], %l0
  000009c8: 81c40002                       jmp  %l0 + %g2
  000009cc: 8a016004                       add  %g5, 4, %g5

name=ip@ flags=80
  000009d8: 8e21e004                       sub  %g7, 4, %g7
  000009dc: c8200007                       st  %g4, [ %g0 + %g7 ]
  000009e0: c801a000                       ld  [ %g6 ], %g4
  000009e4: e0016000                       ld  [ %g5 ], %l0
  000009e8: 81c40002                       jmp  %l0 + %g2
  000009ec: 8a016004                       add  %g5, 4, %g5

name=ip>token flags=80
  00000a00: 7ffffd91                       call  0x44
  00000a04: 8c21a004                       sub  %g6, 4, %g6
  00000a08: 0000256c /token                unimp  0x256c
  00000a0c: 00000648 -                     unimp  0x648
  00000a10: 00000a20 unnest                unimp  0xa20

name=exit flags=80
  00000a20: ca01a000                       ld  [ %g6 ], %g5
  00000a24: 8c01a004                       add  %g6, 4, %g6
  00000a28: e0016000                       ld  [ %g5 ], %l0
  00000a2c: 81c40002                       jmp  %l0 + %g2
  00000a30: 8a016004                       add  %g5, 4, %g5

name=unnest flags=80
  00000a40: ca01a000                       ld  [ %g6 ], %g5
  00000a44: 8c01a004                       add  %g6, 4, %g6
  00000a48: e0016000                       ld  [ %g5 ], %l0
  00000a4c: 81c40002                       jmp  %l0 + %g2
  00000a50: 8a016004                       add  %g5, 4, %g5

name=tuck flags=80
  00000a60: e001e000                       ld  [ %g7 ], %l0
  00000a64: 8e21e004                       sub  %g7, 4, %g7
  00000a68: e0200007                       st  %l0, [ %g0 + %g7 ]
  00000a6c: c821e004                       st  %g4, [ %g7 + 4 ]
  00000a70: e0016000                       ld  [ %g5 ], %l0
  00000a74: 81c40002                       jmp  %l0 + %g2
  00000a78: 8a016004                       add  %g5, 4, %g5

name=nip flags=80
  00000a84: 8e01e004                       add  %g7, 4, %g7
  00000a88: e0016000                       ld  [ %g5 ], %l0
  00000a8c: 81c40002                       jmp  %l0 + %g2
  00000a90: 8a016004                       add  %g5, 4, %g5

name=flip flags=80
  00000aa0: a00920ff                       and  %g4, 0xff, %l0
  00000aa4: a12c2008                       sll  %l0, 8, %l0
  00000aa8: 89312008                       srl  %g4, 8, %g4
  00000aac: 880920ff                       and  %g4, 0xff, %g4
  00000ab0: 88110010                       or  %g4, %l0, %g4
  00000ab4: e0016000                       ld  [ %g5 ], %l0
  00000ab8: 81c40002                       jmp  %l0 + %g2
  00000abc: 8a016004                       add  %g5, 4, %g5

name=0= flags=80
  00000ac8: 80810000                       addcc  %g4, %g0, %g0
  00000acc: 12800003                       bne  0xad8
  00000ad0: 88002000                       add  %g0, 0, %g4
  00000ad4: 88003fff                       add  %g0, -1, %g4
  00000ad8: e0016000                       ld  [ %g5 ], %l0
  00000adc: 81c40002                       jmp  %l0 + %g2
  00000ae0: 8a016004                       add  %g5, 4, %g5

name=0<> flags=80
  00000aec: 80810000                       addcc  %g4, %g0, %g0
  00000af0: 02800003                       be  0xafc
  00000af4: 88002000                       add  %g0, 0, %g4
  00000af8: 88003fff                       add  %g0, -1, %g4
  00000afc: e0016000                       ld  [ %g5 ], %l0
  00000b00: 81c40002                       jmp  %l0 + %g2
  00000b04: 8a016004                       add  %g5, 4, %g5

name=0< flags=80
  00000b10: 80810000                       addcc  %g4, %g0, %g0
  00000b14: 1c800003                       bpos  0xb20
  00000b18: 88002000                       add  %g0, 0, %g4
  00000b1c: 88003fff                       add  %g0, -1, %g4
  00000b20: e0016000                       ld  [ %g5 ], %l0
  00000b24: 81c40002                       jmp  %l0 + %g2
  00000b28: 8a016004                       add  %g5, 4, %g5

name=0<= flags=80
  00000b34: 80810000                       addcc  %g4, %g0, %g0
  00000b38: 14800003                       bg  0xb44
  00000b3c: 88002000                       add  %g0, 0, %g4
  00000b40: 88003fff                       add  %g0, -1, %g4
  00000b44: e0016000                       ld  [ %g5 ], %l0
  00000b48: 81c40002                       jmp  %l0 + %g2
  00000b4c: 8a016004                       add  %g5, 4, %g5

name=0> flags=80
  00000b58: 80810000                       addcc  %g4, %g0, %g0
  00000b5c: 04800003                       ble  0xb68
  00000b60: 88002000                       add  %g0, 0, %g4
  00000b64: 88003fff                       add  %g0, -1, %g4
  00000b68: e0016000                       ld  [ %g5 ], %l0
  00000b6c: 81c40002                       jmp  %l0 + %g2
  00000b70: 8a016004                       add  %g5, 4, %g5

name=0>= flags=80
  00000b7c: 80810000                       addcc  %g4, %g0, %g0
  00000b80: 0c800003                       bneg  0xb8c
  00000b84: 88002000                       add  %g0, 0, %g4
  00000b88: 88003fff                       add  %g0, -1, %g4
  00000b8c: e0016000                       ld  [ %g5 ], %l0
  00000b90: 81c40002                       jmp  %l0 + %g2
  00000b94: 8a016004                       add  %g5, 4, %g5

name=< flags=80
  00000ba0: e001e000                       ld  [ %g7 ], %l0
  00000ba4: 8e01e004                       add  %g7, 4, %g7
  00000ba8: 80a40004                       cmp  %l0, %g4
  00000bac: 16800003                       bge  0xbb8
  00000bb0: 88002000                       add  %g0, 0, %g4
  00000bb4: 88003fff                       add  %g0, -1, %g4
  00000bb8: e0016000                       ld  [ %g5 ], %l0
  00000bbc: 81c40002                       jmp  %l0 + %g2
  00000bc0: 8a016004                       add  %g5, 4, %g5

name=> flags=80
  00000bcc: e001e000                       ld  [ %g7 ], %l0
  00000bd0: 8e01e004                       add  %g7, 4, %g7
  00000bd4: 80a40004                       cmp  %l0, %g4
  00000bd8: 04800003                       ble  0xbe4
  00000bdc: 88002000                       add  %g0, 0, %g4
  00000be0: 88003fff                       add  %g0, -1, %g4
  00000be4: e0016000                       ld  [ %g5 ], %l0
  00000be8: 81c40002                       jmp  %l0 + %g2
  00000bec: 8a016004                       add  %g5, 4, %g5

name== flags=80
  00000bf8: e001e000                       ld  [ %g7 ], %l0
  00000bfc: 8e01e004                       add  %g7, 4, %g7
  00000c00: 80a40004                       cmp  %l0, %g4
  00000c04: 12800003                       bne  0xc10
  00000c08: 88002000                       add  %g0, 0, %g4
  00000c0c: 88003fff                       add  %g0, -1, %g4
  00000c10: e0016000                       ld  [ %g5 ], %l0
  00000c14: 81c40002                       jmp  %l0 + %g2
  00000c18: 8a016004                       add  %g5, 4, %g5

name=<> flags=80
  00000c24: e001e000                       ld  [ %g7 ], %l0
  00000c28: 8e01e004                       add  %g7, 4, %g7
  00000c2c: 80a40004                       cmp  %l0, %g4
  00000c30: 02800003                       be  0xc3c
  00000c34: 88002000                       add  %g0, 0, %g4
  00000c38: 88003fff                       add  %g0, -1, %g4
  00000c3c: e0016000                       ld  [ %g5 ], %l0
  00000c40: 81c40002                       jmp  %l0 + %g2
  00000c44: 8a016004                       add  %g5, 4, %g5

name=u> flags=80
  00000c50: e001e000                       ld  [ %g7 ], %l0
  00000c54: 8e01e004                       add  %g7, 4, %g7
  00000c58: 80a40004                       cmp  %l0, %g4
  00000c5c: 08800003                       bleu  0xc68
  00000c60: 88002000                       add  %g0, 0, %g4
  00000c64: 88003fff                       add  %g0, -1, %g4
  00000c68: e0016000                       ld  [ %g5 ], %l0
  00000c6c: 81c40002                       jmp  %l0 + %g2
  00000c70: 8a016004                       add  %g5, 4, %g5

name=u<= flags=80
  00000c7c: e001e000                       ld  [ %g7 ], %l0
  00000c80: 8e01e004                       add  %g7, 4, %g7
  00000c84: 80a40004                       cmp  %l0, %g4
  00000c88: 18800003                       bgu  0xc94
  00000c8c: 88002000                       add  %g0, 0, %g4
  00000c90: 88003fff                       add  %g0, -1, %g4
  00000c94: e0016000                       ld  [ %g5 ], %l0
  00000c98: 81c40002                       jmp  %l0 + %g2
  00000c9c: 8a016004                       add  %g5, 4, %g5

name=u< flags=80
  00000ca8: e001e000                       ld  [ %g7 ], %l0
  00000cac: 8e01e004                       add  %g7, 4, %g7
  00000cb0: 80a40004                       cmp  %l0, %g4
  00000cb4: 1a800003                       bcc  0xcc0
  00000cb8: 88002000                       add  %g0, 0, %g4
  00000cbc: 88003fff                       add  %g0, -1, %g4
  00000cc0: e0016000                       ld  [ %g5 ], %l0
  00000cc4: 81c40002                       jmp  %l0 + %g2
  00000cc8: 8a016004                       add  %g5, 4, %g5

name=u>= flags=80
  00000cd4: e001e000                       ld  [ %g7 ], %l0
  00000cd8: 8e01e004                       add  %g7, 4, %g7
  00000cdc: 80a40004                       cmp  %l0, %g4
  00000ce0: 0a800003                       bcs  0xcec
  00000ce4: 88002000                       add  %g0, 0, %g4
  00000ce8: 88003fff                       add  %g0, -1, %g4
  00000cec: e0016000                       ld  [ %g5 ], %l0
  00000cf0: 81c40002                       jmp  %l0 + %g2
  00000cf4: 8a016004                       add  %g5, 4, %g5

name=>= flags=80
  00000d00: e001e000                       ld  [ %g7 ], %l0
  00000d04: 8e01e004                       add  %g7, 4, %g7
  00000d08: 80a40004                       cmp  %l0, %g4
  00000d0c: 06800003                       bl  0xd18
  00000d10: 88002000                       add  %g0, 0, %g4
  00000d14: 88003fff                       add  %g0, -1, %g4
  00000d18: e0016000                       ld  [ %g5 ], %l0
  00000d1c: 81c40002                       jmp  %l0 + %g2
  00000d20: 8a016004                       add  %g5, 4, %g5

name=<= flags=80
  00000d2c: e001e000                       ld  [ %g7 ], %l0
  00000d30: 8e01e004                       add  %g7, 4, %g7
  00000d34: 80a40004                       cmp  %l0, %g4
  00000d38: 14800003                       bg  0xd44
  00000d3c: 88002000                       add  %g0, 0, %g4
  00000d40: 88003fff                       add  %g0, -1, %g4
  00000d44: e0016000                       ld  [ %g5 ], %l0
  00000d48: 81c40002                       jmp  %l0 + %g2
  00000d4c: 8a016004                       add  %g5, 4, %g5

name=drop flags=80
  00000d5c: c801e000                       ld  [ %g7 ], %g4
  00000d60: 8e01e004                       add  %g7, 4, %g7
  00000d64: e0016000                       ld  [ %g5 ], %l0
  00000d68: 81c40002                       jmp  %l0 + %g2
  00000d6c: 8a016004                       add  %g5, 4, %g5

name=?dup flags=80
  00000d7c: 80a10000                       cmp  %g4, %g0
  00000d80: 02800004                       be  0xd90
  00000d84: 01000000                       nop 
  00000d88: 8e21e004                       sub  %g7, 4, %g7
  00000d8c: c8200007                       st  %g4, [ %g0 + %g7 ]
  00000d90: e0016000                       ld  [ %g5 ], %l0
  00000d94: 81c40002                       jmp  %l0 + %g2
  00000d98: 8a016004                       add  %g5, 4, %g5

name=dup flags=80
  00000da4: 8e21e004                       sub  %g7, 4, %g7
  00000da8: c8200007                       st  %g4, [ %g0 + %g7 ]
  00000dac: e0016000                       ld  [ %g5 ], %l0
  00000db0: 81c40002                       jmp  %l0 + %g2
  00000db4: 8a016004                       add  %g5, 4, %g5

name=over flags=80
  00000dc4: 8e21e004                       sub  %g7, 4, %g7
  00000dc8: c8200007                       st  %g4, [ %g0 + %g7 ]
  00000dcc: c801e004                       ld  [ %g7 + 4 ], %g4
  00000dd0: e0016000                       ld  [ %g5 ], %l0
  00000dd4: 81c40002                       jmp  %l0 + %g2
  00000dd8: 8a016004                       add  %g5, 4, %g5

name=swap flags=80
  00000de8: e001e000                       ld  [ %g7 ], %l0
  00000dec: c8200007                       st  %g4, [ %g0 + %g7 ]
  00000df0: 88000010                       add  %g0, %l0, %g4
  00000df4: e0016000                       ld  [ %g5 ], %l0
  00000df8: 81c40002                       jmp  %l0 + %g2
  00000dfc: 8a016004                       add  %g5, 4, %g5

name=rot flags=80
  00000e08: e001e000                       ld  [ %g7 ], %l0
  00000e0c: e201e004                       ld  [ %g7 + 4 ], %l1
  00000e10: e021e004                       st  %l0, [ %g7 + 4 ]
  00000e14: c821e000                       st  %g4, [ %g7 ]
  00000e18: 88000011                       add  %g0, %l1, %g4
  00000e1c: e0016000                       ld  [ %g5 ], %l0
  00000e20: 81c40002                       jmp  %l0 + %g2
  00000e24: 8a016004                       add  %g5, 4, %g5

name=-rot flags=80
  00000e34: e001e000                       ld  [ %g7 ], %l0
  00000e38: e201e004                       ld  [ %g7 + 4 ], %l1
  00000e3c: c821e004                       st  %g4, [ %g7 + 4 ]
  00000e40: e221e000                       st  %l1, [ %g7 ]
  00000e44: 88000010                       add  %g0, %l0, %g4
  00000e48: e0016000                       ld  [ %g5 ], %l0
  00000e4c: 81c40002                       jmp  %l0 + %g2
  00000e50: 8a016004                       add  %g5, 4, %g5

name=2drop flags=80
  00000e60: 8e01e004                       add  %g7, 4, %g7
  00000e64: c801e000                       ld  [ %g7 ], %g4
  00000e68: 8e01e004                       add  %g7, 4, %g7
  00000e6c: e0016000                       ld  [ %g5 ], %l0
  00000e70: 81c40002                       jmp  %l0 + %g2
  00000e74: 8a016004                       add  %g5, 4, %g5

name=2dup flags=80
  00000e84: e001e000                       ld  [ %g7 ], %l0
  00000e88: 8e21e008                       sub  %g7, 8, %g7
  00000e8c: c821e004                       st  %g4, [ %g7 + 4 ]
  00000e90: e021e000                       st  %l0, [ %g7 ]
  00000e94: e0016000                       ld  [ %g5 ], %l0
  00000e98: 81c40002                       jmp  %l0 + %g2
  00000e9c: 8a016004                       add  %g5, 4, %g5

name=2over flags=80
  00000eac: 8e21e008                       sub  %g7, 8, %g7
  00000eb0: c821e004                       st  %g4, [ %g7 + 4 ]
  00000eb4: c801e010                       ld  [ %g7 + 0x10 ], %g4
  00000eb8: c821e000                       st  %g4, [ %g7 ]
  00000ebc: c801e00c                       ld  [ %g7 + 0xc ], %g4
  00000ec0: e0016000                       ld  [ %g5 ], %l0
  00000ec4: 81c40002                       jmp  %l0 + %g2
  00000ec8: 8a016004                       add  %g5, 4, %g5

name=2swap flags=80
  00000ed8: e401e008                       ld  [ %g7 + 8 ], %l2
  00000edc: e201e004                       ld  [ %g7 + 4 ], %l1
  00000ee0: e001e000                       ld  [ %g7 ], %l0
  00000ee4: e021e008                       st  %l0, [ %g7 + 8 ]
  00000ee8: c821e004                       st  %g4, [ %g7 + 4 ]
  00000eec: e421e000                       st  %l2, [ %g7 ]
  00000ef0: 88000011                       add  %g0, %l1, %g4
  00000ef4: e0016000                       ld  [ %g5 ], %l0
  00000ef8: 81c40002                       jmp  %l0 + %g2
  00000efc: 8a016004                       add  %g5, 4, %g5

name=3drop flags=80
  00000f0c: c801e008                       ld  [ %g7 + 8 ], %g4
  00000f10: 8e01e00c                       add  %g7, 0xc, %g7
  00000f14: e0016000                       ld  [ %g5 ], %l0
  00000f18: 81c40002                       jmp  %l0 + %g2
  00000f1c: 8a016004                       add  %g5, 4, %g5

name=3dup flags=80
  00000f2c: e201e004                       ld  [ %g7 + 4 ], %l1
  00000f30: e001e000                       ld  [ %g7 ], %l0
  00000f34: 8e21e00c                       sub  %g7, 0xc, %g7
  00000f38: c821e008                       st  %g4, [ %g7 + 8 ]
  00000f3c: e221e004                       st  %l1, [ %g7 + 4 ]
  00000f40: e021e000                       st  %l0, [ %g7 ]
  00000f44: e0016000                       ld  [ %g5 ], %l0
  00000f48: 81c40002                       jmp  %l0 + %g2
  00000f4c: 8a016004                       add  %g5, 4, %g5

name=4drop flags=80
  00000f5c: 7ffffc3a                       call  0x44
  00000f60: 8c21a004                       sub  %g6, 4, %g6
  00000f64: 00000e40 2drop                 unimp  0xe40
  00000f68: 00000e40 2drop                 unimp  0xe40
  00000f6c: 00000a20 unnest                unimp  0xa20

name=5drop flags=80
  00000f7c: 7ffffc32                       call  0x44
  00000f80: 8c21a004                       sub  %g6, 4, %g6
  00000f84: 00000eec 3drop                 unimp  0xeec
  00000f88: 00000e40 2drop                 unimp  0xe40
  00000f8c: 00000a20 unnest                unimp  0xa20

name=pick flags=80
  00000f9c: 89292002                       sll  %g4, 2, %g4
  00000fa0: c801c004                       ld  [ %g7 + %g4 ], %g4
  00000fa4: e0016000                       ld  [ %g5 ], %l0
  00000fa8: 81c40002                       jmp  %l0 + %g2
  00000fac: 8a016004                       add  %g5, 4, %g5

name=1+ flags=80
  00000fb8: 88012001                       inc  %g4
  00000fbc: e0016000                       ld  [ %g5 ], %l0
  00000fc0: 81c40002                       jmp  %l0 + %g2
  00000fc4: 8a016004                       add  %g5, 4, %g5

name=2+ flags=80
  00000fd0: 88012002                       add  %g4, 2, %g4
  00000fd4: e0016000                       ld  [ %g5 ], %l0
  00000fd8: 81c40002                       jmp  %l0 + %g2
  00000fdc: 8a016004                       add  %g5, 4, %g5

name=1- flags=80
  00000fe8: 88212001                       dec  %g4
  00000fec: e0016000                       ld  [ %g5 ], %l0
  00000ff0: 81c40002                       jmp  %l0 + %g2
  00000ff4: 8a016004                       add  %g5, 4, %g5

name=2- flags=80
  00001000: 88212002                       sub  %g4, 2, %g4
  00001004: e0016000                       ld  [ %g5 ], %l0
  00001008: 81c40002                       jmp  %l0 + %g2
  0000100c: 8a016004                       add  %g5, 4, %g5

name=2/ flags=80
  00001018: 89392001                       sra  %g4, 1, %g4
  0000101c: e0016000                       ld  [ %g5 ], %l0
  00001020: 81c40002                       jmp  %l0 + %g2
  00001024: 8a016004                       add  %g5, 4, %g5

name=u2/ flags=80
  00001030: 89312001                       srl  %g4, 1, %g4
  00001034: e0016000                       ld  [ %g5 ], %l0
  00001038: 81c40002                       jmp  %l0 + %g2
  0000103c: 8a016004                       add  %g5, 4, %g5

name=2* flags=80
  00001048: 89292001                       sll  %g4, 1, %g4
  0000104c: e0016000                       ld  [ %g5 ], %l0
  00001050: 81c40002                       jmp  %l0 + %g2
  00001054: 8a016004                       add  %g5, 4, %g5

name=4* flags=80
  00001060: 89292002                       sll  %g4, 2, %g4
  00001064: e0016000                       ld  [ %g5 ], %l0
  00001068: 81c40002                       jmp  %l0 + %g2
  0000106c: 8a016004                       add  %g5, 4, %g5

name=8* flags=80
  00001078: 89292003                       sll  %g4, 3, %g4
  0000107c: e0016000                       ld  [ %g5 ], %l0
  00001080: 81c40002                       jmp  %l0 + %g2
  00001084: 8a016004                       add  %g5, 4, %g5

name=on flags=80
  00001090: a0003fff                       add  %g0, -1, %l0
  00001094: e0212000                       st  %l0, [ %g4 ]
  00001098: c801e000                       ld  [ %g7 ], %g4
  0000109c: 8e01e004                       add  %g7, 4, %g7
  000010a0: e0016000                       ld  [ %g5 ], %l0
  000010a4: 81c40002                       jmp  %l0 + %g2
  000010a8: 8a016004                       add  %g5, 4, %g5

name=off flags=80
  000010b4: c0212000                       clr  [ %g4 ]
  000010b8: c801e000                       ld  [ %g7 ], %g4
  000010bc: 8e01e004                       add  %g7, 4, %g7
  000010c0: e0016000                       ld  [ %g5 ], %l0
  000010c4: 81c40002                       jmp  %l0 + %g2
  000010c8: 8a016004                       add  %g5, 4, %g5

name=+! flags=80
  000010d4: e001e000                       ld  [ %g7 ], %l0
  000010d8: e2012000                       ld  [ %g4 ], %l1
  000010dc: a2044010                       add  %l1, %l0, %l1
  000010e0: e2200004                       st  %l1, [ %g0 + %g4 ]
  000010e4: c801e004                       ld  [ %g7 + 4 ], %g4
  000010e8: 8e01e008                       add  %g7, 8, %g7
  000010ec: e0016000                       ld  [ %g5 ], %l0
  000010f0: 81c40002                       jmp  %l0 + %g2
  000010f4: 8a016004                       add  %g5, 4, %g5

name=@ flags=80
  00001100: c8012000                       ld  [ %g4 ], %g4
  00001104: e0016000                       ld  [ %g5 ], %l0
  00001108: 81c40002                       jmp  %l0 + %g2
  0000110c: 8a016004                       add  %g5, 4, %g5

name=d@ flags=80
  00001118: e0192000                       ldd  [ %g4 ], %l0
  0000111c: 8e21e004                       sub  %g7, 4, %g7
  00001120: e2200007                       st  %l1, [ %g0 + %g7 ]
  00001124: 88000010                       add  %g0, %l0, %g4
  00001128: e0016000                       ld  [ %g5 ], %l0
  0000112c: 81c40002                       jmp  %l0 + %g2
  00001130: 8a016004                       add  %g5, 4, %g5

name=l@ flags=80
  0000113c: c8012000                       ld  [ %g4 ], %g4
  00001140: e0016000                       ld  [ %g5 ], %l0
  00001144: 81c40002                       jmp  %l0 + %g2
  00001148: 8a016004                       add  %g5, 4, %g5

name=<l@ flags=80
  00001154: c8012000                       ld  [ %g4 ], %g4
  00001158: e0016000                       ld  [ %g5 ], %l0
  0000115c: 81c40002                       jmp  %l0 + %g2
  00001160: 8a016004                       add  %g5, 4, %g5

name=w@ flags=80
  0000116c: c8112000                       lduh  [ %g4 ], %g4
  00001170: e0016000                       ld  [ %g5 ], %l0
  00001174: 81c40002                       jmp  %l0 + %g2
  00001178: 8a016004                       add  %g5, 4, %g5

name=<w@ flags=80
  00001184: c8512000                       ldsh  [ %g4 ], %g4
  00001188: e0016000                       ld  [ %g5 ], %l0
  0000118c: 81c40002                       jmp  %l0 + %g2
  00001190: 8a016004                       add  %g5, 4, %g5

name=c@ flags=80
  0000119c: c8092000                       ldub  [ %g4 ], %g4
  000011a0: e0016000                       ld  [ %g5 ], %l0
  000011a4: 81c40002                       jmp  %l0 + %g2
  000011a8: 8a016004                       add  %g5, 4, %g5

name=unaligned-@ flags=80
  000011bc: e0092000                       ldub  [ %g4 ], %l0
  000011c0: e2092001                       ldub  [ %g4 + 1 ], %l1
  000011c4: a12c2008                       sll  %l0, 8, %l0
  000011c8: a0040011                       add  %l0, %l1, %l0
  000011cc: e2092002                       ldub  [ %g4 + 2 ], %l1
  000011d0: a12c2008                       sll  %l0, 8, %l0
  000011d4: a0040011                       add  %l0, %l1, %l0
  000011d8: e2092003                       ldub  [ %g4 + 3 ], %l1
  000011dc: a12c2008                       sll  %l0, 8, %l0
  000011e0: 88040011                       add  %l0, %l1, %g4
  000011e4: e0016000                       ld  [ %g5 ], %l0
  000011e8: 81c40002                       jmp  %l0 + %g2
  000011ec: 8a016004                       add  %g5, 4, %g5

name=be-l@ flags=80
  000011fc: e0092000                       ldub  [ %g4 ], %l0
  00001200: e2092001                       ldub  [ %g4 + 1 ], %l1
  00001204: a12c2008                       sll  %l0, 8, %l0
  00001208: a0040011                       add  %l0, %l1, %l0
  0000120c: e2092002                       ldub  [ %g4 + 2 ], %l1
  00001210: a12c2008                       sll  %l0, 8, %l0
  00001214: a0040011                       add  %l0, %l1, %l0
  00001218: e2092003                       ldub  [ %g4 + 3 ], %l1
  0000121c: a12c2008                       sll  %l0, 8, %l0
  00001220: 88040011                       add  %l0, %l1, %g4
  00001224: e0016000                       ld  [ %g5 ], %l0
  00001228: 81c40002                       jmp  %l0 + %g2
  0000122c: 8a016004                       add  %g5, 4, %g5

name=unaligned-l@ flags=80
  00001244: e0092000                       ldub  [ %g4 ], %l0
  00001248: e2092001                       ldub  [ %g4 + 1 ], %l1
  0000124c: a12c2008                       sll  %l0, 8, %l0
  00001250: a0040011                       add  %l0, %l1, %l0
  00001254: e2092002                       ldub  [ %g4 + 2 ], %l1
  00001258: a12c2008                       sll  %l0, 8, %l0
  0000125c: a0040011                       add  %l0, %l1, %l0
  00001260: e2092003                       ldub  [ %g4 + 3 ], %l1
  00001264: a12c2008                       sll  %l0, 8, %l0
  00001268: 88040011                       add  %l0, %l1, %g4
  0000126c: e0016000                       ld  [ %g5 ], %l0
  00001270: 81c40002                       jmp  %l0 + %g2
  00001274: 8a016004                       add  %g5, 4, %g5

name=unaligned-w@ flags=80
  0000128c: e0092000                       ldub  [ %g4 ], %l0
  00001290: e2092001                       ldub  [ %g4 + 1 ], %l1
  00001294: a12c2008                       sll  %l0, 8, %l0
  00001298: 88040011                       add  %l0, %l1, %g4
  0000129c: e0016000                       ld  [ %g5 ], %l0
  000012a0: 81c40002                       jmp  %l0 + %g2
  000012a4: 8a016004                       add  %g5, 4, %g5

name=! flags=80
  000012b0: e001e000                       ld  [ %g7 ], %l0
  000012b4: e0212000                       st  %l0, [ %g4 ]
  000012b8: c801e004                       ld  [ %g7 + 4 ], %g4
  000012bc: 8e01e008                       add  %g7, 8, %g7
  000012c0: e0016000                       ld  [ %g5 ], %l0
  000012c4: 81c40002                       jmp  %l0 + %g2
  000012c8: 8a016004                       add  %g5, 4, %g5

name=isdefer flags=80
  000012d8: a0210002                       sub  %g4, %g2, %l0
  000012dc: c8016000                       ld  [ %g5 ], %g4
  000012e0: 8a016004                       add  %g5, 4, %g5
  000012e4: 88010002                       add  %g4, %g2, %g4
  000012e8: 88012008                       add  %g4, 8, %g4
  000012ec: e2010000                       ld  [ %g4 ], %l1
  000012f0: 8800c011                       add  %g3, %l1, %g4
  000012f4: e0200004                       st  %l0, [ %g0 + %g4 ]
  000012f8: c801e000                       ld  [ %g7 ], %g4
  000012fc: 8e01e004                       add  %g7, 4, %g7
  00001300: e0016000                       ld  [ %g5 ], %l0
  00001304: 81c40002                       jmp  %l0 + %g2
  00001308: 8a016004                       add  %g5, 4, %g5

name=isuser flags=80
  00001318: 8e21e004                       sub  %g7, 4, %g7
  0000131c: c8200007                       st  %g4, [ %g0 + %g7 ]
  00001320: c8016000                       ld  [ %g5 ], %g4
  00001324: 88010002                       add  %g4, %g2, %g4
  00001328: 8a016004                       add  %g5, 4, %g5
  0000132c: 88012008                       add  %g4, 8, %g4
  00001330: e0010000                       ld  [ %g4 ], %l0
  00001334: 10bfffdf                       b  0x12b0
  00001338: 8800c010                       add  %g3, %l0, %g4

name=isvalue flags=80
  00001348: 8e21e004                       sub  %g7, 4, %g7
  0000134c: c8200007                       st  %g4, [ %g0 + %g7 ]
  00001350: c8016000                       ld  [ %g5 ], %g4
  00001354: 88010002                       add  %g4, %g2, %g4
  00001358: 8a016004                       add  %g5, 4, %g5
  0000135c: 88012008                       add  %g4, 8, %g4
  00001360: e0010000                       ld  [ %g4 ], %l0
  00001364: 10bfffd3                       b  0x12b0
  00001368: 8800c010                       add  %g3, %l0, %g4

name=isconstant flags=80
  0000137c: 8e21e004                       sub  %g7, 4, %g7
  00001380: c8200007                       st  %g4, [ %g0 + %g7 ]
  00001384: c8016000                       ld  [ %g5 ], %g4
  00001388: 88010002                       add  %g4, %g2, %g4
  0000138c: 8a016004                       add  %g5, 4, %g5
  00001390: 8801200c                       add  %g4, 0xc, %g4
  00001394: 10bfffc7                       b  0x12b0
  00001398: 8800c010                       add  %g3, %l0, %g4

name=isvariable flags=80
  000013ac: 8e21e004                       sub  %g7, 4, %g7
  000013b0: c8200007                       st  %g4, [ %g0 + %g7 ]
  000013b4: c8016000                       ld  [ %g5 ], %g4
  000013b8: 88010002                       add  %g4, %g2, %g4
  000013bc: 8a016004                       add  %g5, 4, %g5
  000013c0: 8801200c                       add  %g4, 0xc, %g4
  000013c4: 10bfffbb                       b  0x12b0
  000013c8: 8800c010                       add  %g3, %l0, %g4

name=d! flags=80
  000013d4: e001e000                       ld  [ %g7 ], %l0
  000013d8: e201e004                       ld  [ %g7 + 4 ], %l1
  000013dc: e0392000                       std  %l0, [ %g4 ]
  000013e0: c801e008                       ld  [ %g7 + 8 ], %g4
  000013e4: 8e01e00c                       add  %g7, 0xc, %g7
  000013e8: e0016000                       ld  [ %g5 ], %l0
  000013ec: 81c40002                       jmp  %l0 + %g2
  000013f0: 8a016004                       add  %g5, 4, %g5

name=l! flags=80
  000013fc: e001e000                       ld  [ %g7 ], %l0
  00001400: e0212000                       st  %l0, [ %g4 ]
  00001404: c801e004                       ld  [ %g7 + 4 ], %g4
  00001408: 8e01e008                       add  %g7, 8, %g7
  0000140c: e0016000                       ld  [ %g5 ], %l0
  00001410: 81c40002                       jmp  %l0 + %g2
  00001414: 8a016004                       add  %g5, 4, %g5

name=w! flags=80
  00001420: e001e000                       ld  [ %g7 ], %l0
  00001424: e0312000                       sth  %l0, [ %g4 ]
  00001428: c801e004                       ld  [ %g7 + 4 ], %g4
  0000142c: 8e01e008                       add  %g7, 8, %g7
  00001430: e0016000                       ld  [ %g5 ], %l0
  00001434: 81c40002                       jmp  %l0 + %g2
  00001438: 8a016004                       add  %g5, 4, %g5

name=c! flags=80
  00001444: e001e000                       ld  [ %g7 ], %l0
  00001448: e0292000                       stb  %l0, [ %g4 ]
  0000144c: c801e004                       ld  [ %g7 + 4 ], %g4
  00001450: 8e01e008                       add  %g7, 8, %g7
  00001454: e0016000                       ld  [ %g5 ], %l0
  00001458: 81c40002                       jmp  %l0 + %g2
  0000145c: 8a016004                       add  %g5, 4, %g5

name=unaligned-d! flags=80
  00001474: e001e000                       ld  [ %g7 ], %l0
  00001478: e0292007                       stb  %l0, [ %g4 + 7 ]
  0000147c: a1342008                       srl  %l0, 8, %l0
  00001480: e0292006                       stb  %l0, [ %g4 + 6 ]
  00001484: a1342008                       srl  %l0, 8, %l0
  00001488: e0292005                       stb  %l0, [ %g4 + 5 ]
  0000148c: a1342008                       srl  %l0, 8, %l0
  00001490: e0292004                       stb  %l0, [ %g4 + 4 ]
  00001494: e001e004                       ld  [ %g7 + 4 ], %l0
  00001498: e0292003                       stb  %l0, [ %g4 + 3 ]
  0000149c: a1342008                       srl  %l0, 8, %l0
  000014a0: e0292002                       stb  %l0, [ %g4 + 2 ]
  000014a4: a1342008                       srl  %l0, 8, %l0
  000014a8: e0292001                       stb  %l0, [ %g4 + 1 ]
  000014ac: a1342008                       srl  %l0, 8, %l0
  000014b0: e0292000                       stb  %l0, [ %g4 ]
  000014b4: c801e008                       ld  [ %g7 + 8 ], %g4
  000014b8: 8e01e00c                       add  %g7, 0xc, %g7
  000014bc: e0016000                       ld  [ %g5 ], %l0
  000014c0: 81c40002                       jmp  %l0 + %g2
  000014c4: 8a016004                       add  %g5, 4, %g5

name=unaligned-! flags=80
  000014d8: e001e000                       ld  [ %g7 ], %l0
  000014dc: e0292003                       stb  %l0, [ %g4 + 3 ]
  000014e0: a1342008                       srl  %l0, 8, %l0
  000014e4: e0292002                       stb  %l0, [ %g4 + 2 ]
  000014e8: a1342008                       srl  %l0, 8, %l0
  000014ec: e0292001                       stb  %l0, [ %g4 + 1 ]
  000014f0: a1342008                       srl  %l0, 8, %l0
  000014f4: e0292000                       stb  %l0, [ %g4 ]
  000014f8: c801e004                       ld  [ %g7 + 4 ], %g4
  000014fc: 8e01e008                       add  %g7, 8, %g7
  00001500: e0016000                       ld  [ %g5 ], %l0
  00001504: 81c40002                       jmp  %l0 + %g2
  00001508: 8a016004                       add  %g5, 4, %g5

name=be-l! flags=80
  00001518: e001e000                       ld  [ %g7 ], %l0
  0000151c: e0292003                       stb  %l0, [ %g4 + 3 ]
  00001520: a1342008                       srl  %l0, 8, %l0
  00001524: e0292002                       stb  %l0, [ %g4 + 2 ]
  00001528: a1342008                       srl  %l0, 8, %l0
  0000152c: e0292001                       stb  %l0, [ %g4 + 1 ]
  00001530: a1342008                       srl  %l0, 8, %l0
  00001534: e0292000                       stb  %l0, [ %g4 ]
  00001538: c801e004                       ld  [ %g7 + 4 ], %g4
  0000153c: 8e01e008                       add  %g7, 8, %g7
  00001540: e0016000                       ld  [ %g5 ], %l0
  00001544: 81c40002                       jmp  %l0 + %g2
  00001548: 8a016004                       add  %g5, 4, %g5

name=be-l, flags=80
  00001558: 7ffffabb                       call  0x44
  0000155c: 8c21a004                       sub  %g6, 4, %g6
  00001560: 00006880 here                  unimp  0x6880
  00001564: 00001818 /l                    unimp  0x1818
  00001568: 000068f8 allot                 unimp  0x68f8
  0000156c: 000014f8 be-l!                 unimp  0x14f8
  00001570: 00000a20 unnest                unimp  0xa20

name=unaligned-l! flags=80
  00001588: e001e000                       ld  [ %g7 ], %l0
  0000158c: e0292003                       stb  %l0, [ %g4 + 3 ]
  00001590: a1342008                       srl  %l0, 8, %l0
  00001594: e0292002                       stb  %l0, [ %g4 + 2 ]
  00001598: a1342008                       srl  %l0, 8, %l0
  0000159c: e0292001                       stb  %l0, [ %g4 + 1 ]
  000015a0: a1342008                       srl  %l0, 8, %l0
  000015a4: e0292000                       stb  %l0, [ %g4 ]
  000015a8: c801e004                       ld  [ %g7 + 4 ], %g4
  000015ac: 8e01e008                       add  %g7, 8, %g7
  000015b0: e0016000                       ld  [ %g5 ], %l0
  000015b4: 81c40002                       jmp  %l0 + %g2
  000015b8: 8a016004                       add  %g5, 4, %g5

name=unaligned-w! flags=80
  000015d0: e001e000                       ld  [ %g7 ], %l0
  000015d4: e0292001                       stb  %l0, [ %g4 + 1 ]
  000015d8: a1342008                       srl  %l0, 8, %l0
  000015dc: e0292000                       stb  %l0, [ %g4 ]
  000015e0: c801e004                       ld  [ %g7 + 4 ], %g4
  000015e4: 8e01e008                       add  %g7, 8, %g7
  000015e8: e0016000                       ld  [ %g5 ], %l0
  000015ec: 81c40002                       jmp  %l0 + %g2
  000015f0: 8a016004                       add  %g5, 4, %g5

name=2@ flags=80
  000015fc: e2112004                       lduh  [ %g4 + 4 ], %l1
  00001600: e0112006                       lduh  [ %g4 + 6 ], %l0
  00001604: a32c6010                       sll  %l1, 0x10, %l1
  00001608: a0040011                       add  %l0, %l1, %l0
  0000160c: 8e21e004                       sub  %g7, 4, %g7
  00001610: e0200007                       st  %l0, [ %g0 + %g7 ]
  00001614: e2112000                       lduh  [ %g4 ], %l1
  00001618: e0112002                       lduh  [ %g4 + 2 ], %l0
  0000161c: a32c6010                       sll  %l1, 0x10, %l1
  00001620: 88040011                       add  %l0, %l1, %g4
  00001624: e0016000                       ld  [ %g5 ], %l0
  00001628: 81c40002                       jmp  %l0 + %g2
  0000162c: 8a016004                       add  %g5, 4, %g5

name=2! flags=80
  00001638: e001e000                       ld  [ %g7 ], %l0
  0000163c: e0312002                       sth  %l0, [ %g4 + 2 ]
  00001640: a1342010                       srl  %l0, 0x10, %l0
  00001644: e0312000                       sth  %l0, [ %g4 ]
  00001648: e001e004                       ld  [ %g7 + 4 ], %l0
  0000164c: e0312006                       sth  %l0, [ %g4 + 6 ]
  00001650: a1342010                       srl  %l0, 0x10, %l0
  00001654: e0312004                       sth  %l0, [ %g4 + 4 ]
  00001658: c801e008                       ld  [ %g7 + 8 ], %g4
  0000165c: 8e01e00c                       add  %g7, 0xc, %g7
  00001660: e0016000                       ld  [ %g5 ], %l0
  00001664: 81c40002                       jmp  %l0 + %g2
  00001668: 8a016004                       add  %g5, 4, %g5

name=fill flags=80
  00001678: e001e000                       ld  [ %g7 ], %l0
  0000167c: 80a42010                       cmp  %l0, 0x10
  00001680: 06800016                       bl  0x16d8
  00001684: e201e004                       ld  [ %g7 + 4 ], %l1
  00001688: a4040011                       add  %l0, %l1, %l2
  0000168c: a68ca003                       andcc  %l2, 3, %l3
  00001690: a0240013                       sub  %l0, %l3, %l0
  00001694: 10800003                       b  0x16a0
  00001698: a42ca003                       andn  %l2, 3, %l2
  0000169c: c82c8013                       stb  %g4, [ %l2 + %l3 ]
  000016a0: 14bfffff                       bg  0x169c
  000016a4: a6a4e001                       deccc  %l3
  000016a8: a80920ff                       and  %g4, 0xff, %l4
  000016ac: a52d2008                       sll  %l4, 8, %l2
  000016b0: a8150012                       or  %l4, %l2, %l4
  000016b4: a52d2010                       sll  %l4, 0x10, %l2
  000016b8: a8150012                       or  %l4, %l2, %l4
  000016bc: a0a42004                       subcc  %l0, 4, %l0
  000016c0: 10800003                       b  0x16cc
  000016c4: a6046004                       add  %l1, 4, %l3
  000016c8: e824c010                       st  %l4, [ %l3 + %l0 ]
  000016cc: 1cbfffff                       bpos  0x16c8
  000016d0: a0a42004                       subcc  %l0, 4, %l0
  000016d4: a0042008                       add  %l0, 8, %l0
  000016d8: 10800003                       b  0x16e4
  000016dc: 80a42000                       cmp  %l0, 0
  000016e0: c82c4010                       stb  %g4, [ %l1 + %l0 ]
  000016e4: 14bfffff                       bg  0x16e0
  000016e8: a0a42001                       deccc  %l0
  000016ec: c801e008                       ld  [ %g7 + 8 ], %g4
  000016f0: 8e01e00c                       add  %g7, 0xc, %g7
  000016f4: e0016000                       ld  [ %g5 ], %l0
  000016f8: 81c40002                       jmp  %l0 + %g2
  000016fc: 8a016004                       add  %g5, 4, %g5

name=noop flags=80
  0000170c: e0016000                       ld  [ %g5 ], %l0
  00001710: 81c40002                       jmp  %l0 + %g2
  00001714: 8a016004                       add  %g5, 4, %g5

name=n->l flags=80
  00001724: e0016000                       ld  [ %g5 ], %l0
  00001728: 81c40002                       jmp  %l0 + %g2
  0000172c: 8a016004                       add  %g5, 4, %g5

name=s>d flags=80
  00001738: 7ffffa43                       call  0x44
  0000173c: 8c21a004                       sub  %g6, 4, %g6
  00001740: 00000d84 dup                   unimp  0xd84
  00001744: 00000af0 0<                    unimp  0xaf0
  00001748: 00000a20 unnest                unimp  0xa20

name=wbsplit flags=80
  00001758: a00920ff                       and  %g4, 0xff, %l0
  0000175c: 8e21e004                       sub  %g7, 4, %g7
  00001760: e0200007                       st  %l0, [ %g0 + %g7 ]
  00001764: 89312008                       srl  %g4, 8, %g4
  00001768: 880920ff                       and  %g4, 0xff, %g4
  0000176c: e0016000                       ld  [ %g5 ], %l0
  00001770: 81c40002                       jmp  %l0 + %g2
  00001774: 8a016004                       add  %g5, 4, %g5

name=bwjoin flags=80
  00001784: e001e000                       ld  [ %g7 ], %l0
  00001788: 8e01e004                       add  %g7, 4, %g7
  0000178c: a00c20ff                       and  %l0, 0xff, %l0
  00001790: 880920ff                       and  %g4, 0xff, %g4
  00001794: 89292008                       sll  %g4, 8, %g4
  00001798: 88110010                       or  %g4, %l0, %g4
  0000179c: e0016000                       ld  [ %g5 ], %l0
  000017a0: 81c40002                       jmp  %l0 + %g2
  000017a4: 8a016004                       add  %g5, 4, %g5

name=lwsplit flags=80
  000017b4: a0000004                       add  %g0, %g4, %l0
  000017b8: a12c2010                       sll  %l0, 0x10, %l0
  000017bc: a1342010                       srl  %l0, 0x10, %l0
  000017c0: 8e21e004                       sub  %g7, 4, %g7
  000017c4: e0200007                       st  %l0, [ %g0 + %g7 ]
  000017c8: 89312010                       srl  %g4, 0x10, %g4
  000017cc: e0016000                       ld  [ %g5 ], %l0
  000017d0: 81c40002                       jmp  %l0 + %g2
  000017d4: 8a016004                       add  %g5, 4, %g5

name=wljoin flags=80
  000017e4: e001e000                       ld  [ %g7 ], %l0
  000017e8: 8e01e004                       add  %g7, 4, %g7
  000017ec: a12c2010                       sll  %l0, 0x10, %l0
  000017f0: a1342010                       srl  %l0, 0x10, %l0
  000017f4: 89292010                       sll  %g4, 0x10, %g4
  000017f8: 88110010                       or  %g4, %l0, %g4
  000017fc: e0016000                       ld  [ %g5 ], %l0
  00001800: 81c40002                       jmp  %l0 + %g2
  00001804: 8a016004                       add  %g5, 4, %g5

name=/c flags=80
  00001810: 7ffffa2b                       call  0xbc
  00001814: 8e21e004                       sub  %g7, 4, %g7
  00001818: 00000001                       CONSTANT 0x1

name=/w flags=80
  00001824: 7ffffa26                       call  0xbc
  00001828: 8e21e004                       sub  %g7, 4, %g7
  0000182c: 00000002                       CONSTANT 0x2

name=/l flags=80
  00001838: 7ffffa21                       call  0xbc
  0000183c: 8e21e004                       sub  %g7, 4, %g7
  00001840: 00000004                       CONSTANT 0x4

name=/x flags=80
  0000184c: 7ffffa1c                       call  0xbc
  00001850: 8e21e004                       sub  %g7, 4, %g7
  00001854: 00000008                       CONSTANT 0x8

name=/n flags=80
  00001860: 7ffffa17                       call  0xbc
  00001864: 8e21e004                       sub  %g7, 4, %g7
  00001868: 00000004                       CONSTANT 0x4

name=ca+ flags=80
  00001874: e001e000                       ld  [ %g7 ], %l0
  00001878: 8e01e004                       add  %g7, 4, %g7
  0000187c: 88010010                       add  %g4, %l0, %g4
  00001880: e0016000                       ld  [ %g5 ], %l0
  00001884: 81c40002                       jmp  %l0 + %g2
  00001888: 8a016004                       add  %g5, 4, %g5

name=wa+ flags=80
  00001894: e001e000                       ld  [ %g7 ], %l0
  00001898: 8e01e004                       add  %g7, 4, %g7
  0000189c: 89292001                       sll  %g4, 1, %g4
  000018a0: 88010010                       add  %g4, %l0, %g4
  000018a4: e0016000                       ld  [ %g5 ], %l0
  000018a8: 81c40002                       jmp  %l0 + %g2
  000018ac: 8a016004                       add  %g5, 4, %g5

name=la+ flags=80
  000018b8: e001e000                       ld  [ %g7 ], %l0
  000018bc: 8e01e004                       add  %g7, 4, %g7
  000018c0: 89292002                       sll  %g4, 2, %g4
  000018c4: 88010010                       add  %g4, %l0, %g4
  000018c8: e0016000                       ld  [ %g5 ], %l0
  000018cc: 81c40002                       jmp  %l0 + %g2
  000018d0: 8a016004                       add  %g5, 4, %g5

name=na+ flags=80
  000018dc: e001e000                       ld  [ %g7 ], %l0
  000018e0: 8e01e004                       add  %g7, 4, %g7
  000018e4: 89292002                       sll  %g4, 2, %g4
  000018e8: 88010010                       add  %g4, %l0, %g4
  000018ec: e0016000                       ld  [ %g5 ], %l0
  000018f0: 81c40002                       jmp  %l0 + %g2
  000018f4: 8a016004                       add  %g5, 4, %g5

name=ta+ flags=80
  00001900: e001e000                       ld  [ %g7 ], %l0
  00001904: 8e01e004                       add  %g7, 4, %g7
  00001908: 89292002                       sll  %g4, 2, %g4
  0000190c: 88010010                       add  %g4, %l0, %g4
  00001910: e0016000                       ld  [ %g5 ], %l0
  00001914: 81c40002                       jmp  %l0 + %g2
  00001918: 8a016004                       add  %g5, 4, %g5

name=ca1+ flags=80
  00001928: 88012001                       inc  %g4
  0000192c: e0016000                       ld  [ %g5 ], %l0
  00001930: 81c40002                       jmp  %l0 + %g2
  00001934: 8a016004                       add  %g5, 4, %g5

name=char+ flags=80
  00001944: 88012001                       inc  %g4
  00001948: e0016000                       ld  [ %g5 ], %l0
  0000194c: 81c40002                       jmp  %l0 + %g2
  00001950: 8a016004                       add  %g5, 4, %g5

name=wa1+ flags=80
  00001960: 88012002                       add  %g4, 2, %g4
  00001964: e0016000                       ld  [ %g5 ], %l0
  00001968: 81c40002                       jmp  %l0 + %g2
  0000196c: 8a016004                       add  %g5, 4, %g5

name=la1+ flags=80
  0000197c: 88012004                       add  %g4, 4, %g4
  00001980: e0016000                       ld  [ %g5 ], %l0
  00001984: 81c40002                       jmp  %l0 + %g2
  00001988: 8a016004                       add  %g5, 4, %g5

name=na1+ flags=80
  00001998: 88012004                       add  %g4, 4, %g4
  0000199c: e0016000                       ld  [ %g5 ], %l0
  000019a0: 81c40002                       jmp  %l0 + %g2
  000019a4: 8a016004                       add  %g5, 4, %g5

name=cell+ flags=80
  000019b4: 88012004                       add  %g4, 4, %g4
  000019b8: e0016000                       ld  [ %g5 ], %l0
  000019bc: 81c40002                       jmp  %l0 + %g2
  000019c0: 8a016004                       add  %g5, 4, %g5

name=ta1+ flags=80
  000019d0: 88012004                       add  %g4, 4, %g4
  000019d4: e0016000                       ld  [ %g5 ], %l0
  000019d8: 81c40002                       jmp  %l0 + %g2
  000019dc: 8a016004                       add  %g5, 4, %g5

name=/c* flags=80
  000019e8: e0016000                       ld  [ %g5 ], %l0
  000019ec: 81c40002                       jmp  %l0 + %g2
  000019f0: 8a016004                       add  %g5, 4, %g5

name=chars flags=80
  00001a00: e0016000                       ld  [ %g5 ], %l0
  00001a04: 81c40002                       jmp  %l0 + %g2
  00001a08: 8a016004                       add  %g5, 4, %g5

name=/w* flags=80
  00001a14: 89292001                       sll  %g4, 1, %g4
  00001a18: e0016000                       ld  [ %g5 ], %l0
  00001a1c: 81c40002                       jmp  %l0 + %g2
  00001a20: 8a016004                       add  %g5, 4, %g5

name=/l* flags=80
  00001a2c: 89292002                       sll  %g4, 2, %g4
  00001a30: e0016000                       ld  [ %g5 ], %l0
  00001a34: 81c40002                       jmp  %l0 + %g2
  00001a38: 8a016004                       add  %g5, 4, %g5

name=/x* flags=80
  00001a44: 89292003                       sll  %g4, 3, %g4
  00001a48: e0016000                       ld  [ %g5 ], %l0
  00001a4c: 81c40002                       jmp  %l0 + %g2
  00001a50: 8a016004                       add  %g5, 4, %g5

name=/n* flags=80
  00001a5c: 89292002                       sll  %g4, 2, %g4
  00001a60: e0016000                       ld  [ %g5 ], %l0
  00001a64: 81c40002                       jmp  %l0 + %g2
  00001a68: 8a016004                       add  %g5, 4, %g5

name=cells flags=80
  00001a78: 89292002                       sll  %g4, 2, %g4
  00001a7c: e0016000                       ld  [ %g5 ], %l0
  00001a80: 81c40002                       jmp  %l0 + %g2
  00001a84: 8a016004                       add  %g5, 4, %g5

name=upc flags=80
  00001a90: 80a12061                       cmp  %g4, 0x61
  00001a94: 06800004                       bl  0x1aa4
  00001a98: 80a1207a                       cmp  %g4, 0x7a
  00001a9c: 24800002                       ble,a   0x1aa4
  00001aa0: 88013fe0                       add  %g4, -32, %g4
  00001aa4: e0016000                       ld  [ %g5 ], %l0
  00001aa8: 81c40002                       jmp  %l0 + %g2
  00001aac: 8a016004                       add  %g5, 4, %g5

name=lcc flags=80
  00001ab8: 80a12041                       cmp  %g4, 0x41
  00001abc: 06800004                       bl  0x1acc
  00001ac0: 80a1205a                       cmp  %g4, 0x5a
  00001ac4: 24800002                       ble,a   0x1acc
  00001ac8: 88012020                       add  %g4, 0x20, %g4
  00001acc: e0016000                       ld  [ %g5 ], %l0
  00001ad0: 81c40002                       jmp  %l0 + %g2
  00001ad4: 8a016004                       add  %g5, 4, %g5

name=comp flags=80
  00001ae4: e001e000                       ld  [ %g7 ], %l0
  00001ae8: e201e004                       ld  [ %g7 + 4 ], %l1
  00001aec: 1080000f                       b  0x1b28
  00001af0: 01000000                       nop 
  00001af4: a2046001                       inc  %l1
  00001af8: e60c2000                       ldub  [ %l0 ], %l3
  00001afc: a0042001                       inc  %l0
  00001b00: 80a48013                       cmp  %l2, %l3
  00001b04: 02800009                       be  0x1b28
  00001b08: 01000000                       nop 
  00001b0c: 16800003                       bge  0x1b18
  00001b10: 88002001                       add  %g0, 1, %g4	! 0x1
  00001b14: 88003fff                       add  %g0, -1, %g4
  00001b18: 8e01e008                       add  %g7, 8, %g7
  00001b1c: e0016000                       ld  [ %g5 ], %l0
  00001b20: 81c40002                       jmp  %l0 + %g2
  00001b24: 8a016004                       add  %g5, 4, %g5
  00001b28: 88a12001                       deccc  %g4
  00001b2c: 3cbffff2                       bpos,a   0x1af4
  00001b30: e40c6000                       ldub  [ %l1 ], %l2
  00001b34: 88002000                       add  %g0, 0, %g4
  00001b38: 8e01e008                       add  %g7, 8, %g7
  00001b3c: e0016000                       ld  [ %g5 ], %l0
  00001b40: 81c40002                       jmp  %l0 + %g2
  00001b44: 8a016004                       add  %g5, 4, %g5

name=caps-comp flags=80
  00001b58: e001e000                       ld  [ %g7 ], %l0
  00001b5c: e201e004                       ld  [ %g7 + 4 ], %l1
  00001b60: 1080001b                       b  0x1bcc
  00001b64: 01000000                       nop 
  00001b68: a2046001                       inc  %l1
  00001b6c: e60c2000                       ldub  [ %l0 ], %l3
  00001b70: a0042001                       inc  %l0
  00001b74: 80a4a061                       cmp  %l2, 0x61
  00001b78: 06800005                       bl  0x1b8c
  00001b7c: 80a4a07a                       cmp  %l2, 0x7a
  00001b80: 14800003                       bg  0x1b8c
  00001b84: 01000000                       nop 
  00001b88: a404bfe0                       add  %l2, -32, %l2
  00001b8c: 80a4e061                       cmp  %l3, 0x61
  00001b90: 06800005                       bl  0x1ba4
  00001b94: 80a4e07a                       cmp  %l3, 0x7a
  00001b98: 14800003                       bg  0x1ba4
  00001b9c: 01000000                       nop 
  00001ba0: a604ffe0                       add  %l3, -32, %l3
  00001ba4: 80a48013                       cmp  %l2, %l3
  00001ba8: 02800009                       be  0x1bcc
  00001bac: 01000000                       nop 
  00001bb0: 16800003                       bge  0x1bbc
  00001bb4: 88002001                       add  %g0, 1, %g4	! 0x1
  00001bb8: 88003fff                       add  %g0, -1, %g4
  00001bbc: 8e01e008                       add  %g7, 8, %g7
  00001bc0: e0016000                       ld  [ %g5 ], %l0
  00001bc4: 81c40002                       jmp  %l0 + %g2
  00001bc8: 8a016004                       add  %g5, 4, %g5
  00001bcc: 88a12001                       deccc  %g4
  00001bd0: 3cbfffe6                       bpos,a   0x1b68
  00001bd4: e40c6000                       ldub  [ %l1 ], %l2
  00001bd8: 88002000                       add  %g0, 0, %g4
  00001bdc: 8e01e008                       add  %g7, 8, %g7
  00001be0: e0016000                       ld  [ %g5 ], %l0
  00001be4: 81c40002                       jmp  %l0 + %g2
  00001be8: 8a016004                       add  %g5, 4, %g5

name=pack flags=80
  00001bf8: e001e000                       ld  [ %g7 ], %l0
  00001bfc: 8e01e004                       add  %g7, 4, %g7
  00001c00: e201e000                       ld  [ %g7 ], %l1
  00001c04: 8e01e004                       add  %g7, 4, %g7
  00001c08: a00c20ff                       and  %l0, 0xff, %l0
  00001c0c: e0292000                       stb  %l0, [ %g4 ]
  00001c10: 88012001                       inc  %g4
  00001c14: c0290010                       clrb  [ %g4 + %l0 ]
  00001c18: 10800004                       b  0x1c28
  00001c1c: a0a42001                       deccc  %l0
  00001c20: e4290010                       stb  %l2, [ %g4 + %l0 ]
  00001c24: a0a42001                       deccc  %l0
  00001c28: 3cbffffe                       bpos,a   0x1c20
  00001c2c: e40c4010                       ldub  [ %l1 + %l0 ], %l2
  00001c30: 88212001                       dec  %g4
  00001c34: e0016000                       ld  [ %g5 ], %l0
  00001c38: 81c40002                       jmp  %l0 + %g2
  00001c3c: 8a016004                       add  %g5, 4, %g5

name=(') flags=80
  00001c48: 8e21e004                       sub  %g7, 4, %g7
  00001c4c: c8200007                       st  %g4, [ %g0 + %g7 ]
  00001c50: c8016000                       ld  [ %g5 ], %g4
  00001c54: 8a016004                       add  %g5, 4, %g5
  00001c58: 88010002                       add  %g4, %g2, %g4
  00001c5c: e0016000                       ld  [ %g5 ], %l0
  00001c60: 81c40002                       jmp  %l0 + %g2
  00001c64: 8a016004                       add  %g5, 4, %g5

name=skipstr flags=80
  00001c74: 8e21e008                       sub  %g7, 8, %g7
  00001c78: c821e004                       st  %g4, [ %g7 + 4 ]
  00001c7c: e001a000                       ld  [ %g6 ], %l0
  00001c80: c80c2000                       ldub  [ %l0 ], %g4
  00001c84: a0042001                       inc  %l0
  00001c88: e021e000                       st  %l0, [ %g7 ]
  00001c8c: a0040004                       add  %l0, %g4, %l0
  00001c90: a0042004                       add  %l0, 4, %l0
  00001c94: a02c2003                       andn  %l0, 3, %l0
  00001c98: e021a000                       st  %l0, [ %g6 ]
  00001c9c: e0016000                       ld  [ %g5 ], %l0
  00001ca0: 81c40002                       jmp  %l0 + %g2
  00001ca4: 8a016004                       add  %g5, 4, %g5

name=(") flags=80
  00001cb0: 8e21e008                       sub  %g7, 8, %g7
  00001cb4: c821e004                       st  %g4, [ %g7 + 4 ]
  00001cb8: c8096000                       ldub  [ %g5 ], %g4
  00001cbc: 8a016001                       inc  %g5
  00001cc0: ca21e000                       st  %g5, [ %g7 ]
  00001cc4: 8a014004                       add  %g5, %g4, %g5
  00001cc8: 8a016004                       add  %g5, 4, %g5
  00001ccc: 8a296003                       andn  %g5, 3, %g5
  00001cd0: e0016000                       ld  [ %g5 ], %l0
  00001cd4: 81c40002                       jmp  %l0 + %g2
  00001cd8: 8a016004                       add  %g5, 4, %g5

name=(n") flags=80
  00001ce8: 8e21e008                       sub  %g7, 8, %g7
  00001cec: c821e004                       st  %g4, [ %g7 + 4 ]
  00001cf0: c8016000                       ld  [ %g5 ], %g4
  00001cf4: 8a016004                       add  %g5, 4, %g5
  00001cf8: ca21e000                       st  %g5, [ %g7 ]
  00001cfc: 8a014004                       add  %g5, %g4, %g5
  00001d00: 8a016004                       add  %g5, 4, %g5
  00001d04: 8a296003                       andn  %g5, 3, %g5
  00001d08: e0016000                       ld  [ %g5 ], %l0
  00001d0c: 81c40002                       jmp  %l0 + %g2
  00001d10: 8a016004                       add  %g5, 4, %g5

name=count flags=80
  00001d20: 88012001                       inc  %g4
  00001d24: e0093fff                       ldub  [ %g4 + -1 ], %l0
  00001d28: 8e21e004                       sub  %g7, 4, %g7
  00001d2c: c8200007                       st  %g4, [ %g0 + %g7 ]
  00001d30: 88000010                       add  %g0, %l0, %g4
  00001d34: e0016000                       ld  [ %g5 ], %l0
  00001d38: 81c40002                       jmp  %l0 + %g2
  00001d3c: 8a016004                       add  %g5, 4, %g5

name=ncount flags=80
  00001d4c: 88012004                       add  %g4, 4, %g4
  00001d50: e0013ffc                       ld  [ %g4 + -4 ], %l0
  00001d54: 8e21e004                       sub  %g7, 4, %g7
  00001d58: c8200007                       st  %g4, [ %g0 + %g7 ]
  00001d5c: 88000010                       add  %g0, %l0, %g4
  00001d60: e0016000                       ld  [ %g5 ], %l0
  00001d64: 81c40002                       jmp  %l0 + %g2
  00001d68: 8a016004                       add  %g5, 4, %g5

name=origin flags=80
  00001d78: 8e21e004                       sub  %g7, 4, %g7
  00001d7c: c8200007                       st  %g4, [ %g0 + %g7 ]
  00001d80: 88000002                       add  %g0, %g2, %g4
  00001d84: e0016000                       ld  [ %g5 ], %l0
  00001d88: 81c40002                       jmp  %l0 + %g2
  00001d8c: 8a016004                       add  %g5, 4, %g5

name=origin+ flags=80
  00001d9c: 88010002                       add  %g4, %g2, %g4
  00001da0: e0016000                       ld  [ %g5 ], %l0
  00001da4: 81c40002                       jmp  %l0 + %g2
  00001da8: 8a016004                       add  %g5, 4, %g5

name=origin- flags=80
  00001db8: 88210002                       sub  %g4, %g2, %g4
  00001dbc: e0016000                       ld  [ %g5 ], %l0
  00001dc0: 81c40002                       jmp  %l0 + %g2
  00001dc4: 8a016004                       add  %g5, 4, %g5

name=i-flush flags=80
  00001dd4: 81d92000                       flush  %g4
  00001dd8: c801e000                       ld  [ %g7 ], %g4
  00001ddc: 8e01e004                       add  %g7, 4, %g7
  00001de0: e0016000                       ld  [ %g5 ], %l0
  00001de4: 81c40002                       jmp  %l0 + %g2
  00001de8: 8a016004                       add  %g5, 4, %g5

name=instruction! flags=80
  00001e00: e001e000                       ld  [ %g7 ], %l0
  00001e04: e0212000                       st  %l0, [ %g4 ]
  00001e08: 81d92000                       flush  %g4
  00001e0c: c801e004                       ld  [ %g7 + 4 ], %g4
  00001e10: 8e01e008                       add  %g7, 8, %g7
  00001e14: e0016000                       ld  [ %g5 ], %l0
  00001e18: 81c40002                       jmp  %l0 + %g2
  00001e1c: 8a016004                       add  %g5, 4, %g5

name=instruction, flags=80
  00001e34: 7ffff884                       call  0x44
  00001e38: 8c21a004                       sub  %g6, 4, %g6
  00001e3c: 00006880 here                  unimp  0x6880
  00001e40: 00001818 /l                    unimp  0x1818
  00001e44: 000068f8 allot                 unimp  0x68f8
  00001e48: 00001de0 instruction!          unimp  0x1de0
  00001e4c: 00000a20 unnest                unimp  0xa20

name=dec-sp-instr flags=80
  00001e64: 7ffff896                       call  0xbc
  00001e68: 8e21e004                       sub  %g7, 4, %g7
  00001e6c: 8e21e004                       CONSTANT 0x8e21e004

name=dec-rp-instr flags=80
  00001e84: 7ffff88e                       call  0xbc
  00001e88: 8e21e004                       sub  %g7, 4, %g7
  00001e8c: 8c21a004                       CONSTANT 0x8c21a004

name=pfa>scr-instr flags=80
  00001ea4: 7ffff886                       call  0xbc
  00001ea8: 8e21e004                       sub  %g7, 4, %g7
  00001eac: a003e008                       CONSTANT 0xa003e008

name=param>scr-instr flags=80
  00001ec4: 7ffff87e                       call  0xbc
  00001ec8: 8e21e004                       sub  %g7, 4, %g7
  00001ecc: e003e008                       CONSTANT 0xe003e008

name=>offset-30 flags=80
  00001ee0: 7ffff859                       call  0x44
  00001ee4: 8c21a004                       sub  %g6, 4, %g6
  00001ee8: 00000648 -                     unimp  0x648
  00001eec: 000000fc (lit)                 unimp  0xfc
  00001ef0: 00000002                       unimp  0x2
  00001ef4: 000005a0 >>                    unimp  0x5a0
  00001ef8: 00000a20 unnest                unimp  0xa20

name=put-call flags=80
  00001f0c: 7ffff84e                       call  0x44
  00001f10: 8c21a004                       sub  %g6, 4, %g6
  00001f14: 00000a40 tuck                  unimp  0xa40
  00001f18: 00001ec0 >offset-30            unimp  0x1ec0
  00001f1c: 000000fc (lit)                 unimp  0xfc
  00001f20: 40000000                       call  0x1f20
  00001f24: 00000540 or                    unimp  0x540
  00001f28: 00000dc8 swap                  unimp  0xdc8
  00001f2c: 00001de0 instruction!          unimp  0x1de0
  00001f30: 00000a20 unnest                unimp  0xa20

name=put-branch flags=80
  00001f44: 7ffff840                       call  0x44
  00001f48: 8c21a004                       sub  %g6, 4, %g6
  00001f4c: 00000a40 tuck                  unimp  0xa40
  00001f50: 00001ec0 >offset-30            unimp  0x1ec0
  00001f54: 000000fc (lit)                 unimp  0xfc
  00001f58: 003fffff                       unimp  0xffffffff
  00001f5c: 00000520 and                   unimp  0x520
  00001f60: 000000fc (lit)                 unimp  0xfc
  00001f64: 30800000                       b,a   0x1f64
  00001f68: 00000540 or                    unimp  0x540
  00001f6c: 00000dc8 swap                  unimp  0xdc8
  00001f70: 00001de0 instruction!          unimp  0x1de0
  00001f74: 00000a20 unnest                unimp  0xa20

name=set-delay-slot flags=80
  00001f8c: 7ffff82e                       call  0x44
  00001f90: 8c21a004                       sub  %g6, 4, %g6
  00001f94: 00006880 here                  unimp  0x6880
  00001f98: 00001818 /l                    unimp  0x1818
  00001f9c: 00000648 -                     unimp  0x648
  00001fa0: 00001de0 instruction!          unimp  0x1de0
  00001fa4: 00000a20 unnest                unimp  0xa20

name=place-call flags=80
  00001fb8: 7ffff823                       call  0x44
  00001fbc: 8c21a004                       sub  %g6, 4, %g6
  00001fc0: 00001d7c origin+               unimp  0x1d7c
  00001fc4: 0000279c acf-align             unimp  0x279c
  00001fc8: 00006880 here                  unimp  0x6880
  00001fcc: 00001818 /l                    unimp  0x1818
  00001fd0: 00001028 2*                    unimp  0x1028
  00001fd4: 000068f8 allot                 unimp  0x68f8
  00001fd8: 00001eec put-call              unimp  0x1eec
  00001fdc: 00001e44 dec-sp-instr          unimp  0x1e44
  00001fe0: 00001f6c set-delay-slot        unimp  0x1f6c
  00001fe4: 00000a20 unnest                unimp  0xa20

name=place-cf flags=80
  00001ff8: 7ffff813                       call  0x44
  00001ffc: 8c21a004                       sub  %g6, 4, %g6
  00002000: 00001f98 place-call            unimp  0x1f98
  00002004: 00000a20 unnest                unimp  0xa20

name=code-cf flags=80
  00002014: 7ffff80c                       call  0x44
  00002018: 8c21a004                       sub  %g6, 4, %g6
  0000201c: 0000279c acf-align             unimp  0x279c
  00002020: 00000a20 unnest                unimp  0xa20

name=>code flags=80
  00002030: 7ffff805                       call  0x44
  00002034: 8c21a004                       sub  %g6, 4, %g6
  00002038: 00000a20 unnest                unimp  0xa20

name=code? flags=80
  00002048: 7ffff7ff                       call  0x44
  0000204c: 8c21a004                       sub  %g6, 4, %g6
  00002050: 0000117c c@                    unimp  0x117c
  00002054: 000000fc (lit)                 unimp  0xfc
  00002058: 000000c0                       unimp  0xc0
  0000205c: 00000520 and                   unimp  0x520
  00002060: 000000fc (lit)                 unimp  0xfc
  00002064: 00000040                       unimp  0x40
  00002068: 00000c04 <>                    unimp  0xc04
  0000206c: 00000a20 unnest                unimp  0xa20

name=next flags=80
  0000207c: 7ffff7f2                       call  0x44
  00002080: 8c21a004                       sub  %g6, 4, %g6
  00002084: 000000fc (lit)                 unimp  0xfc
  00002088: e0016000                       ld  [ %g5 ], %l0
  0000208c: 00001e14 instruction,          unimp  0x1e14
  00002090: 000000fc (lit)                 unimp  0xfc
  00002094: 81c40002                       jmp  %l0 + %g2
  00002098: 00001e14 instruction,          unimp  0x1e14
  0000209c: 000000fc (lit)                 unimp  0xfc
  000020a0: 8a016004                       add  %g5, 4, %g5
  000020a4: 00001e14 instruction,          unimp  0x1e14
  000020a8: 00000a20 unnest                unimp  0xa20

name=word-type flags=80
  000020bc: 7ffff7e2                       call  0x44
  000020c0: 8c21a004                       sub  %g6, 4, %g6
  000020c4: 00000d84 dup                   unimp  0xd84
  000020c8: 0000111c l@                    unimp  0x111c
  000020cc: 000000fc (lit)                 unimp  0xfc
  000020d0: 00000002                       unimp  0x2
  000020d4: 00000580 <<                    unimp  0x580
  000020d8: 00003454 l->n                  unimp  0x3454
  000020dc: 00000628 +                     unimp  0x628
  000020e0: 00000a20 unnest                unimp  0xa20

name=create-cf flags=80
  000020f4: 7ffff7d4                       call  0x44
  000020f8: 8c21a004                       sub  %g6, 4, %g6
  000020fc: 000000fc (lit)                 unimp  0xfc
  00002100: 00000038 <NULLSUB>             unimp  0x38
  00002104: 00001fd8 place-cf              unimp  0x1fd8
  00002108: 00000a20 unnest                unimp  0xa20

name=variable-cf flags=80
  0000211c: 7ffff7ca                       call  0x44
  00002120: 8c21a004                       sub  %g6, 4, %g6
  00002124: 000000fc (lit)                 unimp  0xfc
  00002128: 0000004c <VARIABLE>            unimp  0x4c
  0000212c: 00001fd8 place-cf              unimp  0x1fd8
  00002130: 00000a20 unnest                unimp  0xa20

name=place-does flags=80
  00002144: 7ffff7c0                       call  0x44
  00002148: 8c21a004                       sub  %g6, 4, %g6
  0000214c: 000000fc (lit)                 unimp  0xfc
  00002150: 000000d0 <?>                   unimp  0xd0
  00002154: 00001f98 place-call            unimp  0x1f98
  00002158: 00000a20 unnest                unimp  0xa20

name=place-;code flags=80
  0000216c: 7ffff7b6                       call  0x44
  00002170: 8c21a004                       sub  %g6, 4, %g6
  00002174: 00000a20 unnest                unimp  0xa20

name=does-ip? flags=80
  00002188: 7ffff7af                       call  0x44
  0000218c: 8c21a004                       sub  %g6, 4, %g6
  00002190: 00000d84 dup                   unimp  0xd84
  00002194: 00002584 token@                unimp  0x2584
  00002198: 00001c28 (')                   unimp  0x1c28
  0000219c: 00008268 (does>)               unimp  0x8268
  000021a0: 00000bd8 =                     unimp  0xbd8
  000021a4: 00000194 ?branch               unimp  0x194
  000021a8: 00000020                       unimp  0x20
  000021ac: 000019b0 ta1+                  unimp  0x19b0
  000021b0: 00002774 acf-aligned           unimp  0x2774
  000021b4: 0000195c la1+                  unimp  0x195c
  000021b8: 0000195c la1+                  unimp  0x195c
  000021bc: 00006054 true                  unimp  0x6054
  000021c0: 00000174 branch                unimp  0x174
  000021c4: 00000010 <?>                   unimp  0x10
  000021c8: 000019b0 ta1+                  unimp  0x19b0
  000021cc: 00002774 acf-aligned           unimp  0x2774
  000021d0: 0000606c false                 unimp  0x606c
  000021d4: 00000a20 unnest                unimp  0xa20

name=put-cf flags=80
  000021e4: 7ffff798                       call  0x44
  000021e8: 8c21a004                       sub  %g6, 4, %g6
  000021ec: 00000a40 tuck                  unimp  0xa40
  000021f0: 00001eec put-call              unimp  0x1eec
  000021f4: 00001e84 pfa>scr-instr         unimp  0x1e84
  000021f8: 00000dc8 swap                  unimp  0xdc8
  000021fc: 0000195c la1+                  unimp  0x195c
  00002200: 00001de0 instruction!          unimp  0x1de0
  00002204: 00000a20 unnest                unimp  0xa20

name=used flags=80
  00002214: 7ffff78c                       call  0x44
  00002218: 8c21a004                       sub  %g6, 4, %g6
  0000221c: 00006794 lastacf               unimp  0x6794
  00002220: 000021c4 put-cf                unimp  0x21c4
  00002224: 00000a20 unnest                unimp  0xa20

name=does-clause? flags=80
  0000223c: 7ffff782                       call  0x44
  00002240: 8c21a004                       sub  %g6, 4, %g6
  00002244: 00000d84 dup                   unimp  0xd84
  00002248: 0000195c la1+                  unimp  0x195c
  0000224c: 0000111c l@                    unimp  0x111c
  00002250: 00001e44 dec-sp-instr          unimp  0x1e44
  00002254: 00000bd8 =                     unimp  0xbd8
  00002258: 00000194 ?branch               unimp  0x194
  0000225c: 00000020                       unimp  0x20
  00002260: 00000d84 dup                   unimp  0xd84
  00002264: 0000209c word-type             unimp  0x209c
  00002268: 000000fc (lit)                 unimp  0xfc
  0000226c: 000000d0 <?>                   unimp  0xd0
  00002270: 00001d7c origin+               unimp  0x1d7c
  00002274: 00000bd8 =                     unimp  0xbd8
  00002278: 00000a00 exit                  unimp  0xa00
  0000227c: 0000606c false                 unimp  0x606c
  00002280: 00000a20 unnest                unimp  0xa20

name=does-cf? flags=80
  00002294: 7ffff76c                       call  0x44
  00002298: 8c21a004                       sub  %g6, 4, %g6
  0000229c: 00000d84 dup                   unimp  0xd84
  000022a0: 0000195c la1+                  unimp  0x195c
  000022a4: 0000111c l@                    unimp  0x111c
  000022a8: 00001e84 pfa>scr-instr         unimp  0x1e84
  000022ac: 00000bd8 =                     unimp  0xbd8
  000022b0: 00000194 ?branch               unimp  0x194
  000022b4: 00000018                       unimp  0x18
  000022b8: 0000209c word-type             unimp  0x209c
  000022bc: 0000221c does-clause?          unimp  0x221c
  000022c0: 00000d5c ?dup                  unimp  0xd5c
  000022c4: 00000a64 nip                   unimp  0xa64
  000022c8: 00000a00 exit                  unimp  0xa00
  000022cc: 00000d3c drop                  unimp  0xd3c
  000022d0: 0000606c false                 unimp  0x606c
  000022d4: 00000a20 unnest                unimp  0xa20

name=colon-cf flags=80
  000022e8: 7ffff757                       call  0x44
  000022ec: 8c21a004                       sub  %g6, 4, %g6
  000022f0: 000000fc (lit)                 unimp  0xfc
  000022f4: 00000024 <INTERPRET>           unimp  0x24
  000022f8: 00001fd8 place-cf              unimp  0x1fd8
  000022fc: 00001e64 dec-rp-instr          unimp  0x1e64
  00002300: 00001f6c set-delay-slot        unimp  0x1f6c
  00002304: 00000a20 unnest                unimp  0xa20

name=colon-cf? flags=80
  00002318: 7ffff74b                       call  0x44
  0000231c: 8c21a004                       sub  %g6, 4, %g6
  00002320: 00000d84 dup                   unimp  0xd84
  00002324: 0000209c word-type             unimp  0x209c
  00002328: 000000fc (lit)                 unimp  0xfc
  0000232c: 00000024 <INTERPRET>           unimp  0x24
  00002330: 00001d7c origin+               unimp  0x1d7c
  00002334: 00000bd8 =                     unimp  0xbd8
  00002338: 00000dc8 swap                  unimp  0xdc8
  0000233c: 0000195c la1+                  unimp  0x195c
  00002340: 0000111c l@                    unimp  0x111c
  00002344: 00001e64 dec-rp-instr          unimp  0x1e64
  00002348: 00000bd8 =                     unimp  0xbd8
  0000234c: 00000520 and                   unimp  0x520
  00002350: 00000a20 unnest                unimp  0xa20

name=user-cf flags=80
  00002360: 7ffff739                       call  0x44
  00002364: 8c21a004                       sub  %g6, 4, %g6
  00002368: 000000fc (lit)                 unimp  0xfc
  0000236c: 00000060 <USER>                unimp  0x60
  00002370: 00001fd8 place-cf              unimp  0x1fd8
  00002374: 00000a20 unnest                unimp  0xa20

name=value-cf flags=80
  00002388: 7ffff72f                       call  0x44
  0000238c: 8c21a004                       sub  %g6, 4, %g6
  00002390: 000000fc (lit)                 unimp  0xfc
  00002394: 00000078 <VALUE>               unimp  0x78
  00002398: 00001fd8 place-cf              unimp  0x1fd8
  0000239c: 00000a20 unnest                unimp  0xa20

name=constant-cf flags=80
  000023b0: 7ffff725                       call  0x44
  000023b4: 8c21a004                       sub  %g6, 4, %g6
  000023b8: 000000fc (lit)                 unimp  0xfc
  000023bc: 0000009c <CONSTANT>            unimp  0x9c
  000023c0: 00001fd8 place-cf              unimp  0x1fd8
  000023c4: 00000a20 unnest                unimp  0xa20

name=defer-cf flags=80
  000023d8: 7ffff71b                       call  0x44
  000023dc: 8c21a004                       sub  %g6, 4, %g6
  000023e0: 000000fc (lit)                 unimp  0xfc
  000023e4: 00000090 <DEFER>               unimp  0x90
  000023e8: 00001fd8 place-cf              unimp  0x1fd8
  000023ec: 00001ea4 param>scr-instr       unimp  0x1ea4
  000023f0: 00001f6c set-delay-slot        unimp  0x1f6c
  000023f4: 00000a20 unnest                unimp  0xa20

name=defer? flags=80
  00002404: 7ffff710                       call  0x44
  00002408: 8c21a004                       sub  %g6, 4, %g6
  0000240c: 00000d84 dup                   unimp  0xd84
  00002410: 0000209c word-type             unimp  0x209c
  00002414: 000000fc (lit)                 unimp  0xfc
  00002418: 00000090 <DEFER>               unimp  0x90
  0000241c: 00001d7c origin+               unimp  0x1d7c
  00002420: 00000bd8 =                     unimp  0xbd8
  00002424: 00000dc8 swap                  unimp  0xdc8
  00002428: 0000195c la1+                  unimp  0x195c
  0000242c: 0000111c l@                    unimp  0x111c
  00002430: 00001ea4 param>scr-instr       unimp  0x1ea4
  00002434: 00000bd8 =                     unimp  0xbd8
  00002438: 00000520 and                   unimp  0x520
  0000243c: 00000a20 unnest                unimp  0xa20

name=2constant-cf flags=80
  00002454: 7ffff6fc                       call  0x44
  00002458: 8c21a004                       sub  %g6, 4, %g6
  0000245c: 000000fc (lit)                 unimp  0xfc
  00002460: 000000b0 <?>                   unimp  0xb0
  00002464: 00001fd8 place-cf              unimp  0x1fd8
  00002468: 00000a20 unnest                unimp  0xa20

name=/branch flags=80
  00002478: 7ffff711                       call  0xbc
  0000247c: 8e21e004                       sub  %g7, 4, %g7
  00002480: 00000004                       CONSTANT 0x4

name=branch, flags=80
  00002490: 7ffff6ed                       call  0x44
  00002494: 8c21a004                       sub  %g6, 4, %g6
  00002498: 00006a64 l,                    unimp  0x6a64
  0000249c: 00000a20 unnest                unimp  0xa20

name=branch! flags=80
  000024ac: 7ffff6e6                       call  0x44
  000024b0: 8c21a004                       sub  %g6, 4, %g6
  000024b4: 000013dc l!                    unimp  0x13dc
  000024b8: 00000a20 unnest                unimp  0xa20

name=branch@ flags=80
  000024c8: 7ffff6df                       call  0x44
  000024cc: 8c21a004                       sub  %g6, 4, %g6
  000024d0: 00001134 <l@                   unimp  0x1134
  000024d4: 00000a20 unnest                unimp  0xa20

name=>target flags=80
  000024e4: 7ffff6d8                       call  0x44
  000024e8: 8c21a004                       sub  %g6, 4, %g6
  000024ec: 000019b0 ta1+                  unimp  0x19b0
  000024f0: 00000d84 dup                   unimp  0xd84
  000024f4: 000024a8 branch@               unimp  0x24a8
  000024f8: 00000628 +                     unimp  0x628
  000024fc: 00000a20 unnest                unimp  0xa20

name=/a flags=80
  00002508: 7ffff6ed                       call  0xbc
  0000250c: 8e21e004                       sub  %g7, 4, %g7
  00002510: 00000004                       CONSTANT 0x4

name=a@ flags=80
  0000251c: c8012000                       ld  [ %g4 ], %g4
  00002520: 88010002                       add  %g4, %g2, %g4
  00002524: e0016000                       ld  [ %g5 ], %l0
  00002528: 81c40002                       jmp  %l0 + %g2
  0000252c: 8a016004                       add  %g5, 4, %g5

name=a! flags=80
  00002538: e001e000                       ld  [ %g7 ], %l0
  0000253c: 8e01e004                       add  %g7, 4, %g7
  00002540: a0240002                       sub  %l0, %g2, %l0
  00002544: e0212000                       st  %l0, [ %g4 ]
  00002548: c801e000                       ld  [ %g7 ], %g4
  0000254c: 8e01e004                       add  %g7, 4, %g7
  00002550: e0016000                       ld  [ %g5 ], %l0
  00002554: 81c40002                       jmp  %l0 + %g2
  00002558: 8a016004                       add  %g5, 4, %g5

name=a, flags=80
  00002564: 7ffff6b8                       call  0x44
  00002568: 8c21a004                       sub  %g6, 4, %g6
  0000256c: 00006880 here                  unimp  0x6880
  00002570: 000024e8 /a                    unimp  0x24e8
  00002574: 000068f8 allot                 unimp  0x68f8
  00002578: 00002518 a!                    unimp  0x2518
  0000257c: 00000a20 unnest                unimp  0xa20

name=/token flags=80
  0000258c: 7ffff6cc                       call  0xbc
  00002590: 8e21e004                       sub  %g7, 4, %g7
  00002594: 00000004                       CONSTANT 0x4

name=token@ flags=80
  000025a4: c8012000                       ld  [ %g4 ], %g4
  000025a8: 88010002                       add  %g4, %g2, %g4
  000025ac: e0016000                       ld  [ %g5 ], %l0
  000025b0: 81c40002                       jmp  %l0 + %g2
  000025b4: 8a016004                       add  %g5, 4, %g5

name=token! flags=80
  000025c4: e001e000                       ld  [ %g7 ], %l0
  000025c8: a0240002                       sub  %l0, %g2, %l0
  000025cc: e0200004                       st  %l0, [ %g0 + %g4 ]
  000025d0: c801e004                       ld  [ %g7 + 4 ], %g4
  000025d4: 8e01e008                       add  %g7, 8, %g7
  000025d8: e0016000                       ld  [ %g5 ], %l0
  000025dc: 81c40002                       jmp  %l0 + %g2
  000025e0: 8a016004                       add  %g5, 4, %g5

name=token, flags=80
  000025f0: 7ffff695                       call  0x44
  000025f4: 8c21a004                       sub  %g6, 4, %g6
  000025f8: 00006880 here                  unimp  0x6880
  000025fc: 0000256c /token                unimp  0x256c
  00002600: 000068f8 allot                 unimp  0x68f8
  00002604: 000025a4 token!                unimp  0x25a4
  00002608: 00000a20 unnest                unimp  0xa20

name=null flags=80
  00002618: 8e21e004                       sub  %g7, 4, %g7
  0000261c: c8200007                       st  %g4, [ %g0 + %g7 ]
  00002620: 88000002                       add  %g0, %g2, %g4
  00002624: e0016000                       ld  [ %g5 ], %l0
  00002628: 81c40002                       jmp  %l0 + %g2
  0000262c: 8a016004                       add  %g5, 4, %g5

name=!null-link flags=80
  00002640: 7ffff681                       call  0x44
  00002644: 8c21a004                       sub  %g6, 4, %g6
  00002648: 000025f8 null                  unimp  0x25f8
  0000264c: 00000dc8 swap                  unimp  0xdc8
  00002650: 00007e40 link!                 unimp  0x7e40
  00002654: 00000a20 unnest                unimp  0xa20

name=!null-token flags=80
  00002668: 7ffff677                       call  0x44
  0000266c: 8c21a004                       sub  %g6, 4, %g6
  00002670: 000025f8 null                  unimp  0x25f8
  00002674: 00000dc8 swap                  unimp  0xdc8
  00002678: 000025a4 token!                unimp  0x25a4
  0000267c: 00000a20 unnest                unimp  0xa20

name=non-null? flags=80
  00002690: 80a10002                       cmp  %g4, %g2
  00002694: 02800005                       be  0x26a8
  00002698: a0002000                       add  %g0, 0, %l0
  0000269c: 8e21e004                       sub  %g7, 4, %g7
  000026a0: c8200007                       st  %g4, [ %g0 + %g7 ]
  000026a4: a0003fff                       add  %g0, -1, %l0
  000026a8: 88000010                       add  %g0, %l0, %g4
  000026ac: e0016000                       ld  [ %g5 ], %l0
  000026b0: 81c40002                       jmp  %l0 + %g2
  000026b4: 8a016004                       add  %g5, 4, %g5

name=get-token? flags=80
  000026c8: 7ffff65f                       call  0x44
  000026cc: 8c21a004                       sub  %g6, 4, %g6
  000026d0: 00002584 token@                unimp  0x2584
  000026d4: 00002670 non-null?             unimp  0x2670
  000026d8: 00000a20 unnest                unimp  0xa20

name=another-link? flags=80
  000026f0: 7ffff655                       call  0x44
  000026f4: 8c21a004                       sub  %g6, 4, %g6
  000026f8: 00007e24 link@                 unimp  0x7e24
  000026fc: 00002670 non-null?             unimp  0x2670
  00002700: 00000a20 unnest                unimp  0xa20

name=body> flags=80
  00002710: 88212008                       sub  %g4, 8, %g4
  00002714: e0016000                       ld  [ %g5 ], %l0
  00002718: 81c40002                       jmp  %l0 + %g2
  0000271c: 8a016004                       add  %g5, 4, %g5

name=>body flags=80
  0000272c: 88012008                       add  %g4, 8, %g4
  00002730: e0016000                       ld  [ %g5 ], %l0
  00002734: 81c40002                       jmp  %l0 + %g2
  00002738: 8a016004                       add  %g5, 4, %g5

name=/user# flags=80
  00002748: 7ffff65d                       call  0xbc
  0000274c: 8e21e004                       sub  %g7, 4, %g7
  00002750: 00000004                       CONSTANT 0x4

name=aligned flags=80
  00002760: 7ffff639                       call  0x44
  00002764: 8c21a004                       sub  %g6, 4, %g6
  00002768: 000000fc (lit)                 unimp  0xfc
  0000276c: 00000003                       unimp  0x3
  00002770: 00000628 +                     unimp  0x628
  00002774: 000000fc (lit)                 unimp  0xfc
  00002778: fffffffc                       unknown
  0000277c: 00000520 and                   unimp  0x520
  00002780: 00000a20 unnest                unimp  0xa20

name=acf-aligned flags=80
  00002794: a0002003                       add  %g0, 3, %l0
  00002798: 88010010                       add  %g4, %l0, %g4
  0000279c: 88290010                       andn  %g4, %l0, %g4
  000027a0: e0016000                       ld  [ %g5 ], %l0
  000027a4: 81c40002                       jmp  %l0 + %g2
  000027a8: 8a016004                       add  %g5, 4, %g5

name=acf-align flags=80
  000027bc: 7ffff622                       call  0x44
  000027c0: 8c21a004                       sub  %g6, 4, %g6
  000027c4: 00003594 #acf-align            unimp  0x3594
  000027c8: 00006810 (align)               unimp  0x6810
  000027cc: 00006880 here                  unimp  0x6880
  000027d0: 0000677c 'lastacf              unimp  0x677c
  000027d4: 000025a4 token!                unimp  0x25a4
  000027d8: 00000a20 unnest                unimp  0xa20

name=/mod flags=80
  000027e8: 7ffff617                       call  0x44
  000027ec: 8c21a004                       sub  %g6, 4, %g6
  000027f0: 00000e64 2dup                  unimp  0xe64
  000027f4: 00000540 or                    unimp  0x540
  000027f8: 00000af0 0<                    unimp  0xaf0
  000027fc: 00000194 ?branch               unimp  0x194
  00002800: 000000b0 <?>                   unimp  0xb0
  00002804: 00000e64 2dup                  unimp  0xe64
  00002808: 00000dc8 swap                  unimp  0xdc8
  0000280c: 000006c8 abs                   unimp  0x6c8
  00002810: 00000dc8 swap                  unimp  0xdc8
  00002814: 000006c8 abs                   unimp  0x6c8
  00002818: 00002908 u/mod                 unimp  0x2908
  0000281c: 00000868 >r                    unimp  0x868
  00002820: 00000868 >r                    unimp  0x868
  00002824: 00000da4 over                  unimp  0xda4
  00002828: 00000af0 0<                    unimp  0xaf0
  0000282c: 00000194 ?branch               unimp  0x194
  00002830: 00000010 <?>                   unimp  0x10
  00002834: 0000088c r>                    unimp  0x88c
  00002838: 00000688 negate                unimp  0x688
  0000283c: 00000868 >r                    unimp  0x868
  00002840: 00000dc8 swap                  unimp  0xdc8
  00002844: 00000da4 over                  unimp  0xda4
  00002848: 00000560 xor                   unimp  0x560
  0000284c: 00000af0 0<                    unimp  0xaf0
  00002850: 00000194 ?branch               unimp  0x194
  00002854: 00000048                       unimp  0x48
  00002858: 0000088c r>                    unimp  0x88c
  0000285c: 0000088c r>                    unimp  0x88c
  00002860: 00000688 negate                unimp  0x688
  00002864: 00000e14 -rot                  unimp  0xe14
  00002868: 00000d84 dup                   unimp  0xd84
  0000286c: 00000acc 0<>                   unimp  0xacc
  00002870: 00000194 ?branch               unimp  0x194
  00002874: 00000018                       unimp  0x18
  00002878: 00000628 +                     unimp  0x628
  0000287c: 00000dc8 swap                  unimp  0xdc8
  00002880: 00000fc8 1-                    unimp  0xfc8
  00002884: 00000174 branch                unimp  0x174
  00002888: 0000000c                       unimp  0xc
  0000288c: 00000a64 nip                   unimp  0xa64
  00002890: 00000dc8 swap                  unimp  0xdc8
  00002894: 00000174 branch                unimp  0x174
  00002898: 00000010 <?>                   unimp  0x10
  0000289c: 00000d3c drop                  unimp  0xd3c
  000028a0: 0000088c r>                    unimp  0x88c
  000028a4: 0000088c r>                    unimp  0x88c
  000028a8: 00000174 branch                unimp  0x174
  000028ac: 00000008                       unimp  0x8
  000028b0: 00002908 u/mod                 unimp  0x2908
  000028b4: 00000a20 unnest                unimp  0xa20

name=/ flags=80
  000028c0: 7ffff5e1                       call  0x44
  000028c4: 8c21a004                       sub  %g6, 4, %g6
  000028c8: 000027c8 /mod                  unimp  0x27c8
  000028cc: 00000a64 nip                   unimp  0xa64
  000028d0: 00000a20 unnest                unimp  0xa20

name=mod flags=80
  000028dc: 7ffff5da                       call  0x44
  000028e0: 8c21a004                       sub  %g6, 4, %g6
  000028e4: 000027c8 /mod                  unimp  0x27c8
  000028e8: 00000d3c drop                  unimp  0xd3c
  000028ec: 00000a20 unnest                unimp  0xa20

name=clear-relocation-bits flags=80
  0000290c: 7ffff5ce                       call  0x44
  00002910: 8c21a004                       sub  %g6, 4, %g6
  00002914: 00000e40 2drop                 unimp  0xe40
  00002918: 00000a20 unnest                unimp  0xa20

name=u/mod flags=80
  00002928: ec01e000                       ld  [ %g7 ], %l6
  0000292c: a2000004                       add  %g0, %g4, %l1
  00002930: a2944000                       orcc  %l1, %g0, %l1
  00002934: 83d0203e                       te  0x3e
  00002938: 80a58011                       cmp  %l6, %l1
  0000293c: 0a800096                       bcs  0x2b94
  00002940: aa100000                       mov  %g0, %l5
  00002944: 27020000                       sethi  %hi(0x8000000), %l3
  00002948: 80a58013                       cmp  %l6, %l3
  0000294c: 0a800027                       bcs  0x29e8
  00002950: a0100000                       mov  %g0, %l0
  00002954: 80a44013                       cmp  %l1, %l3
  00002958: 1a80000d                       bcc  0x298c
  0000295c: a8102001                       mov  1, %l4
  00002960: a32c6004                       sll  %l1, 4, %l1
  00002964: 10bffffc                       b  0x2954
  00002968: a0042001                       inc  %l0
  0000296c: a2844011                       addcc  %l1, %l1, %l1
  00002970: 1a800007                       bcc  0x298c
  00002974: a8052001                       inc  %l4
  00002978: a72ce004                       sll  %l3, 4, %l3
  0000297c: a3346001                       srl  %l1, 1, %l1
  00002980: a2044013                       add  %l1, %l3, %l1
  00002984: 10800007                       b  0x29a0
  00002988: a8252001                       dec  %l4
  0000298c: 80a44016                       cmp  %l1, %l6
  00002990: 0abffff7                       bcs  0x296c
  00002994: 01000000                       nop 
  00002998: 02800002                       be  0x29a0
  0000299c: 01000000                       nop 
  000029a0: a8a52001                       deccc  %l4
  000029a4: 06800075                       bl  0x2b78
  000029a8: 01000000                       nop 
  000029ac: ac258011                       sub  %l6, %l1, %l6
  000029b0: aa102001                       mov  1, %l5
  000029b4: 30800009                       b,a   0x29d8
  000029b8: ab2d6001                       sll  %l5, 1, %l5
  000029bc: 06800005                       bl  0x29d0
  000029c0: a3346001                       srl  %l1, 1, %l1
  000029c4: ac258011                       sub  %l6, %l1, %l6
  000029c8: 10800004                       b  0x29d8
  000029cc: aa056001                       inc  %l5
  000029d0: ac058011                       add  %l6, %l1, %l6
  000029d4: aa256001                       dec  %l5
  000029d8: a8a52001                       deccc  %l4
  000029dc: 16bffff7                       bge  0x29b8
  000029e0: 80900016                       tst  %l6
  000029e4: 30800065                       b,a   0x2b78
  000029e8: a32c6004                       sll  %l1, 4, %l1
  000029ec: 80a44016                       cmp  %l1, %l6
  000029f0: 08bffffe                       bleu  0x29e8
  000029f4: a0842001                       inccc  %l0
  000029f8: 02800067                       be  0x2b94
  000029fc: a0242001                       dec  %l0
  00002a00: 80900016                       tst  %l6
  00002a04: ab2d6004                       sll  %l5, 4, %l5
  00002a08: 0680002f                       bl  0x2ac4
  00002a0c: a3346001                       srl  %l1, 1, %l1
  00002a10: aca58011                       subcc  %l6, %l1, %l6
  00002a14: 06800017                       bl  0x2a70
  00002a18: a3346001                       srl  %l1, 1, %l1
  00002a1c: aca58011                       subcc  %l6, %l1, %l6
  00002a20: 0680000b                       bl  0x2a4c
  00002a24: a3346001                       srl  %l1, 1, %l1
  00002a28: aca58011                       subcc  %l6, %l1, %l6
  00002a2c: 06800005                       bl  0x2a40
  00002a30: a3346001                       srl  %l1, 1, %l1
  00002a34: aca58011                       subcc  %l6, %l1, %l6
  00002a38: 10800050                       b  0x2b78
  00002a3c: aa05600f                       add  %l5, 0xf, %l5
  00002a40: ac858011                       addcc  %l6, %l1, %l6
  00002a44: 1080004d                       b  0x2b78
  00002a48: aa05600d                       add  %l5, 0xd, %l5
  00002a4c: ac858011                       addcc  %l6, %l1, %l6
  00002a50: 06800005                       bl  0x2a64
  00002a54: a3346001                       srl  %l1, 1, %l1
  00002a58: aca58011                       subcc  %l6, %l1, %l6
  00002a5c: 10800047                       b  0x2b78
  00002a60: aa05600b                       add  %l5, 0xb, %l5
  00002a64: ac858011                       addcc  %l6, %l1, %l6
  00002a68: 10800044                       b  0x2b78
  00002a6c: aa056009                       add  %l5, 9, %l5
  00002a70: ac858011                       addcc  %l6, %l1, %l6
  00002a74: 0680000b                       bl  0x2aa0
  00002a78: a3346001                       srl  %l1, 1, %l1
  00002a7c: aca58011                       subcc  %l6, %l1, %l6
  00002a80: 06800005                       bl  0x2a94
  00002a84: a3346001                       srl  %l1, 1, %l1
  00002a88: aca58011                       subcc  %l6, %l1, %l6
  00002a8c: 1080003b                       b  0x2b78
  00002a90: aa056007                       add  %l5, 7, %l5
  00002a94: ac858011                       addcc  %l6, %l1, %l6
  00002a98: 10800038                       b  0x2b78
  00002a9c: aa056005                       add  %l5, 5, %l5
  00002aa0: ac858011                       addcc  %l6, %l1, %l6
  00002aa4: 06800005                       bl  0x2ab8
  00002aa8: a3346001                       srl  %l1, 1, %l1
  00002aac: aca58011                       subcc  %l6, %l1, %l6
  00002ab0: 10800032                       b  0x2b78
  00002ab4: aa056003                       add  %l5, 3, %l5
  00002ab8: ac858011                       addcc  %l6, %l1, %l6
  00002abc: 1080002f                       b  0x2b78
  00002ac0: aa056001                       inc  %l5
  00002ac4: ac858011                       addcc  %l6, %l1, %l6
  00002ac8: 06800017                       bl  0x2b24
  00002acc: a3346001                       srl  %l1, 1, %l1
  00002ad0: aca58011                       subcc  %l6, %l1, %l6
  00002ad4: 0680000b                       bl  0x2b00
  00002ad8: a3346001                       srl  %l1, 1, %l1
  00002adc: aca58011                       subcc  %l6, %l1, %l6
  00002ae0: 06800005                       bl  0x2af4
  00002ae4: a3346001                       srl  %l1, 1, %l1
  00002ae8: aca58011                       subcc  %l6, %l1, %l6
  00002aec: 10800023                       b  0x2b78
  00002af0: aa057fff                       add  %l5, -1, %l5
  00002af4: ac858011                       addcc  %l6, %l1, %l6
  00002af8: 10800020                       b  0x2b78
  00002afc: aa057ffd                       add  %l5, -3, %l5
  00002b00: ac858011                       addcc  %l6, %l1, %l6
  00002b04: 06800005                       bl  0x2b18
  00002b08: a3346001                       srl  %l1, 1, %l1
  00002b0c: aca58011                       subcc  %l6, %l1, %l6
  00002b10: 1080001a                       b  0x2b78
  00002b14: aa057ffb                       add  %l5, -5, %l5
  00002b18: ac858011                       addcc  %l6, %l1, %l6
  00002b1c: 10800017                       b  0x2b78
  00002b20: aa057ff9                       add  %l5, -7, %l5
  00002b24: ac858011                       addcc  %l6, %l1, %l6
  00002b28: 0680000b                       bl  0x2b54
  00002b2c: a3346001                       srl  %l1, 1, %l1
  00002b30: aca58011                       subcc  %l6, %l1, %l6
  00002b34: 06800005                       bl  0x2b48
  00002b38: a3346001                       srl  %l1, 1, %l1
  00002b3c: aca58011                       subcc  %l6, %l1, %l6
  00002b40: 1080000e                       b  0x2b78
  00002b44: aa057ff7                       add  %l5, -9, %l5
  00002b48: ac858011                       addcc  %l6, %l1, %l6
  00002b4c: 1080000b                       b  0x2b78
  00002b50: aa057ff5                       add  %l5, -11, %l5
  00002b54: ac858011                       addcc  %l6, %l1, %l6
  00002b58: 06800005                       bl  0x2b6c
  00002b5c: a3346001                       srl  %l1, 1, %l1
  00002b60: aca58011                       subcc  %l6, %l1, %l6
  00002b64: 10800005                       b  0x2b78
  00002b68: aa057ff3                       add  %l5, -13, %l5
  00002b6c: ac858011                       addcc  %l6, %l1, %l6
  00002b70: 10800002                       b  0x2b78
  00002b74: aa057ff1                       add  %l5, -15, %l5
  00002b78: a0a42001                       deccc  %l0
  00002b7c: 16bfffa2                       bge  0x2a04
  00002b80: 80900016                       tst  %l6
  00002b84: 16800004                       bge  0x2b94
  00002b88: 01000000                       nop 
  00002b8c: aa256001                       dec  %l5
  00002b90: ac058004                       add  %l6, %g4, %l6
  00002b94: 01000000                       nop 
  00002b98: ec21e000                       st  %l6, [ %g7 ]
  00002b9c: 88000015                       add  %g0, %l5, %g4
  00002ba0: e0016000                       ld  [ %g5 ], %l0
  00002ba4: 81c40002                       jmp  %l0 + %g2
  00002ba8: 8a016004                       add  %g5, 4, %g5

name=user-size flags=80
  00002bbc: 7ffff540                       call  0xbc
  00002bc0: 8e21e004                       sub  %g7, 4, %g7
  00002bc4: 00002000                       CONSTANT 0x2000

name=link flags=80
  00002bd4: 7ffff52b                       call  0x80
  00002bd8: 8e21e004                       sub  %g7, 4, %g7
  00002bdc: 00000000 [ENTRY]               USER 0x0

name=entry flags=80
  00002bec: 7ffff525                       call  0x80
  00002bf0: 8e21e004                       sub  %g7, 4, %g7
  00002bf4: 00000004                       USER 0x4

name=saved-ip flags=80
  00002c08: 7ffff51e                       call  0x80
  00002c0c: 8e21e004                       sub  %g7, 4, %g7
  00002c10: 00000008                       USER 0x8

name=saved-rp flags=80
  00002c24: 7ffff517                       call  0x80
  00002c28: 8e21e004                       sub  %g7, 4, %g7
  00002c2c: 0000000c                       USER 0xc

name=saved-sp flags=80
  00002c40: 7ffff510                       call  0x80
  00002c44: 8e21e004                       sub  %g7, 4, %g7
  00002c48: 00000010 <?>                   USER 0x10

name=this-task flags=80
  00002c5c: 7ffff509                       call  0x80
  00002c60: 8e21e004                       sub  %g7, 4, %g7
  00002c64: 00000014                       USER 0x14

name=up0 flags=80
  00002c70: 7ffff504                       call  0x80
  00002c74: 8e21e004                       sub  %g7, 4, %g7
  00002c78: 00000018                       USER 0x18

name=#user flags=80
  00002c88: 7ffff4fe                       call  0x80
  00002c8c: 8e21e004                       sub  %g7, 4, %g7
  00002c90: 0000001c                       USER 0x1c

name=#ualign flags=80
  00002ca0: 7ffff507                       call  0xbc
  00002ca4: 8e21e004                       sub  %g7, 4, %g7
  00002ca8: 00000004                       CONSTANT 0x4

name=ualigned flags=80
  00002cbc: 7ffff4e2                       call  0x44
  00002cc0: 8c21a004                       sub  %g6, 4, %g6
  00002cc4: 00002c80 #ualign               unimp  0x2c80
  00002cc8: 000067e0 round-up              unimp  0x67e0
  00002ccc: 00000a20 unnest                unimp  0xa20

name=ualloc flags=80
  00002cdc: 7ffff4da                       call  0x44
  00002ce0: 8c21a004                       sub  %g6, 4, %g6
  00002ce4: 00002c68 #user                 unimp  0x2c68
  00002ce8: 000010e0 @                     unimp  0x10e0
  00002cec: 00002b9c user-size             unimp  0x2b9c
  00002cf0: 00000ce0 >=                    unimp  0xce0
  00002cf4: 0000670c (abort")              unimp  0x670c
  00002cf8: 12557365                       unknown
  00002cfc: 72206172                       call  0xc881b2c4
  00002d00: 65612075                       call  0x9584aed4
  00002d04: 73656420                       call  0xcd95bd84
  00002d08: 75702100                       call  0xd5c0b108
  00002d0c: 00002c68 #user                 unimp  0x2c68
  00002d10: 000010e0 @                     unimp  0x10e0
  00002d14: 00000da4 over                  unimp  0xda4
  00002d18: 00002c80 #ualign               unimp  0x2c80
  00002d1c: 00000ce0 >=                    unimp  0xce0
  00002d20: 00000194 ?branch               unimp  0x194
  00002d24: 00000014                       unimp  0x14
  00002d28: 00002c9c ualigned              unimp  0x2c9c
  00002d2c: 00000d84 dup                   unimp  0xd84
  00002d30: 00002c68 #user                 unimp  0x2c68
  00002d34: 00001290 !                     unimp  0x1290
  00002d38: 00000dc8 swap                  unimp  0xdc8
  00002d3c: 00002c68 #user                 unimp  0x2c68
  00002d40: 000010b4 +!                    unimp  0x10b4
  00002d44: 00000a20 unnest                unimp  0xa20

name=nuser flags=80
  00002d54: 7ffff4bc                       call  0x44
  00002d58: 8c21a004                       sub  %g6, 4, %g6
  00002d5c: 00001840 /n                    unimp  0x1840
  00002d60: 00002cbc ualloc                unimp  0x2cbc
  00002d64: 0000849c user                  unimp  0x849c
  00002d68: 00000a20 unnest                unimp  0xa20

name=tuser flags=80
  00002d78: 7ffff4b3                       call  0x44
  00002d7c: 8c21a004                       sub  %g6, 4, %g6
  00002d80: 0000256c /token                unimp  0x256c
  00002d84: 00002cbc ualloc                unimp  0x2cbc
  00002d88: 0000849c user                  unimp  0x849c
  00002d8c: 00000a20 unnest                unimp  0xa20

name=auser flags=80
  00002d9c: 7ffff4aa                       call  0x44
  00002da0: 8c21a004                       sub  %g6, 4, %g6
  00002da4: 000024e8 /a                    unimp  0x24e8
  00002da8: 00002cbc ualloc                unimp  0x2cbc
  00002dac: 0000849c user                  unimp  0x849c
  00002db0: 00000a20 unnest                unimp  0xa20

name=sp0 flags=80
  00002dbc: 7ffff4b1                       call  0x80
  00002dc0: 8e21e004                       sub  %g7, 4, %g7
  00002dc4: 00000020                       USER 0x20

name=rp0 flags=80
  00002dd0: 7ffff4ac                       call  0x80
  00002dd4: 8e21e004                       sub  %g7, 4, %g7
  00002dd8: 00000024 <INTERPRET>           USER 0x24

name=init flags=80
  00002de8: 7ffff497                       call  0x44
  00002dec: 8c21a004                       sub  %g6, 4, %g6
  00002df0: 000007a8 up@                   unimp  0x7a8
  00002df4: 00002bb4 link                  unimp  0x2bb4
  00002df8: 000025a4 token!                unimp  0x25a4
  00002dfc: 00000a20 unnest                unimp  0xa20

name=um* flags=80
  00002e08: e001e000                       ld  [ %g7 ], %l0
  00002e0c: 81840000                       wr  %l0, %y
  00002e10: a6110000                       mov  %g4, %l3
  00002e14: a2110010                       or  %g4, %l0, %l1
  00002e18: 80ac6fff                       andncc  %l1, 0xfff, %g0
  00002e1c: 12800015                       bne  0x2e70
  00002e20: a4880000                       andcc  %g0, %g0, %l2
  00002e24: a5248004                       mulscc  %l2, %g4, %l2
  00002e28: a5248004                       mulscc  %l2, %g4, %l2
  00002e2c: a5248004                       mulscc  %l2, %g4, %l2
  00002e30: a5248004                       mulscc  %l2, %g4, %l2
  00002e34: a5248004                       mulscc  %l2, %g4, %l2
  00002e38: a5248004                       mulscc  %l2, %g4, %l2
  00002e3c: a5248004                       mulscc  %l2, %g4, %l2
  00002e40: a5248004                       mulscc  %l2, %g4, %l2
  00002e44: a5248004                       mulscc  %l2, %g4, %l2
  00002e48: a5248004                       mulscc  %l2, %g4, %l2
  00002e4c: a5248004                       mulscc  %l2, %g4, %l2
  00002e50: a5248004                       mulscc  %l2, %g4, %l2
  00002e54: a5248004                       mulscc  %l2, %g4, %l2
  00002e58: 88080000                       and  %g0, %g0, %g4
  00002e5c: a3400000                       rd  %y, %l1
  00002e60: a52ca00c                       sll  %l2, 0xc, %l2
  00002e64: a3346014                       srl  %l1, 0x14, %l1
  00002e68: 10800028                       b  0x2f08
  00002e6c: a2144012                       or  %l1, %l2, %l1
  00002e70: a5248004                       mulscc  %l2, %g4, %l2
  00002e74: a5248004                       mulscc  %l2, %g4, %l2
  00002e78: a5248004                       mulscc  %l2, %g4, %l2
  00002e7c: a5248004                       mulscc  %l2, %g4, %l2
  00002e80: a5248004                       mulscc  %l2, %g4, %l2
  00002e84: a5248004                       mulscc  %l2, %g4, %l2
  00002e88: a5248004                       mulscc  %l2, %g4, %l2
  00002e8c: a5248004                       mulscc  %l2, %g4, %l2
  00002e90: a5248004                       mulscc  %l2, %g4, %l2
  00002e94: a5248004                       mulscc  %l2, %g4, %l2
  00002e98: a5248004                       mulscc  %l2, %g4, %l2
  00002e9c: a5248004                       mulscc  %l2, %g4, %l2
  00002ea0: a5248004                       mulscc  %l2, %g4, %l2
  00002ea4: a5248004                       mulscc  %l2, %g4, %l2
  00002ea8: a5248004                       mulscc  %l2, %g4, %l2
  00002eac: a5248004                       mulscc  %l2, %g4, %l2
  00002eb0: a5248004                       mulscc  %l2, %g4, %l2
  00002eb4: a5248004                       mulscc  %l2, %g4, %l2
  00002eb8: a5248004                       mulscc  %l2, %g4, %l2
  00002ebc: a5248004                       mulscc  %l2, %g4, %l2
  00002ec0: a5248004                       mulscc  %l2, %g4, %l2
  00002ec4: a5248004                       mulscc  %l2, %g4, %l2
  00002ec8: a5248004                       mulscc  %l2, %g4, %l2
  00002ecc: a5248004                       mulscc  %l2, %g4, %l2
  00002ed0: a5248004                       mulscc  %l2, %g4, %l2
  00002ed4: a5248004                       mulscc  %l2, %g4, %l2
  00002ed8: a5248004                       mulscc  %l2, %g4, %l2
  00002edc: a5248004                       mulscc  %l2, %g4, %l2
  00002ee0: a5248004                       mulscc  %l2, %g4, %l2
  00002ee4: a5248004                       mulscc  %l2, %g4, %l2
  00002ee8: a5248004                       mulscc  %l2, %g4, %l2
  00002eec: a5248004                       mulscc  %l2, %g4, %l2
  00002ef0: 89248000                       mulscc  %l2, %g0, %g4
  00002ef4: 8094c000                       tst  %l3
  00002ef8: 1c800003                       bpos  0x2f04
  00002efc: 01000000                       nop 
  00002f00: 88040004                       add  %l0, %g4, %g4
  00002f04: a3400000                       rd  %y, %l1
  00002f08: e221e000                       st  %l1, [ %g7 ]
  00002f0c: e0016000                       ld  [ %g5 ], %l0
  00002f10: 81c40002                       jmp  %l0 + %g2
  00002f14: 8a016004                       add  %g5, 4, %g5

name=* flags=80
  00002f20: 7ffff449                       call  0x44
  00002f24: 8c21a004                       sub  %g6, 4, %g6
  00002f28: 00002de8 um*                   unimp  0x2de8
  00002f2c: 00000d3c drop                  unimp  0xd3c
  00002f30: 00000a20 unnest                unimp  0xa20

name=(move) flags=80
  00002f40: e001e004                       ld  [ %g7 + 4 ], %l0
  00002f44: e201e000                       ld  [ %g7 ], %l1
  00002f48: 80a40011                       cmp  %l0, %l1
  00002f4c: 04800053                       ble  0x3098
  00002f50: a61c0011                       xor  %l0, %l1, %l3
  00002f54: 80a12010                       cmp  %g4, 0x10
  00002f58: 06800044                       bl  0x3068
  00002f5c: 808ce001                       btst  1, %l3
  00002f60: 12800042                       bne  0x3068
  00002f64: 808c2001                       btst  1, %l0
  00002f68: 02800006                       be  0x2f80
  00002f6c: e40c2000                       ldub  [ %l0 ], %l2
  00002f70: e42c6000                       stb  %l2, [ %l1 ]
  00002f74: a0042001                       inc  %l0
  00002f78: a2046001                       inc  %l1
  00002f7c: 88212001                       dec  %g4
  00002f80: 808ce002                       btst  2, %l3
  00002f84: 1280002d                       bne  0x3038
  00002f88: 808c2002                       btst  2, %l0
  00002f8c: 02800006                       be  0x2fa4
  00002f90: e4142000                       lduh  [ %l0 ], %l2
  00002f94: e4346000                       sth  %l2, [ %l1 ]
  00002f98: a0042002                       add  %l0, 2, %l0
  00002f9c: a2046002                       add  %l1, 2, %l1
  00002fa0: 88212002                       sub  %g4, 2, %g4
  00002fa4: 808ce004                       btst  4, %l3
  00002fa8: 12800016                       bne  0x3000
  00002fac: 808c2004                       btst  4, %l0
  00002fb0: 02800006                       be  0x2fc8
  00002fb4: e4042000                       ld  [ %l0 ], %l2
  00002fb8: e4246000                       st  %l2, [ %l1 ]
  00002fbc: a0042004                       add  %l0, 4, %l0
  00002fc0: a2046004                       add  %l1, 4, %l1
  00002fc4: 88212004                       sub  %g4, 4, %g4
  00002fc8: ac292007                       andn  %g4, 7, %l6
  00002fcc: a0040016                       add  %l0, %l6, %l0
  00002fd0: a8242008                       sub  %l0, 8, %l4
  00002fd4: a2044016                       add  %l1, %l6, %l1
  00002fd8: aa246008                       sub  %l1, 8, %l5
  00002fdc: aca00016                       subcc  %g0, %l6, %l6
  00002fe0: 16800005                       bge  0x2ff4
  00002fe4: ac85a008                       addcc  %l6, 8, %l6
  00002fe8: e41d0016                       ldd  [ %l4 + %l6 ], %l2
  00002fec: 10bffffd                       b  0x2fe0
  00002ff0: e43d4016                       std  %l2, [ %l5 + %l6 ]
  00002ff4: 88092007                       and  %g4, 7, %g4
  00002ff8: 1080000e                       b  0x3030
  00002ffc: 01000000                       nop 
  00003000: ac292003                       andn  %g4, 3, %l6
  00003004: a0040016                       add  %l0, %l6, %l0
  00003008: a8242004                       sub  %l0, 4, %l4
  0000300c: a2044016                       add  %l1, %l6, %l1
  00003010: aa246004                       sub  %l1, 4, %l5
  00003014: aca00016                       subcc  %g0, %l6, %l6
  00003018: 16800005                       bge  0x302c
  0000301c: ac85a004                       addcc  %l6, 4, %l6
  00003020: e4050016                       ld  [ %l4 + %l6 ], %l2
  00003024: 10bffffd                       b  0x3018
  00003028: e4254016                       st  %l2, [ %l5 + %l6 ]
  0000302c: 88092003                       and  %g4, 3, %g4
  00003030: 1080000e                       b  0x3068
  00003034: 01000000                       nop 
  00003038: ac292001                       andn  %g4, 1, %l6
  0000303c: a0040016                       add  %l0, %l6, %l0
  00003040: a8242002                       sub  %l0, 2, %l4
  00003044: a2044016                       add  %l1, %l6, %l1
  00003048: aa246002                       sub  %l1, 2, %l5
  0000304c: aca00016                       subcc  %g0, %l6, %l6
  00003050: 16800005                       bge  0x3064
  00003054: ac85a002                       addcc  %l6, 2, %l6
  00003058: e4150016                       lduh  [ %l4 + %l6 ], %l2
  0000305c: 10bffffd                       b  0x3050
  00003060: e4354016                       sth  %l2, [ %l5 + %l6 ]
  00003064: 88092001                       and  %g4, 1, %g4
  00003068: a0040004                       add  %l0, %g4, %l0
  0000306c: a8242001                       sub  %l0, 1, %l4
  00003070: a2044004                       add  %l1, %g4, %l1
  00003074: aa246001                       sub  %l1, 1, %l5
  00003078: aca00004                       subcc  %g0, %g4, %l6
  0000307c: 16800005                       bge  0x3090
  00003080: ac85a001                       inccc  %l6
  00003084: e40d0016                       ldub  [ %l4 + %l6 ], %l2
  00003088: 10bffffd                       b  0x307c
  0000308c: e42d4016                       stb  %l2, [ %l5 + %l6 ]
  00003090: 10800043                       b  0x319c
  00003094: 01000000                       nop 
  00003098: 80a12010                       cmp  %g4, 0x10
  0000309c: 06800038                       bl  0x317c
  000030a0: 808ce001                       btst  1, %l3
  000030a4: 12800036                       bne  0x317c
  000030a8: a8040004                       add  %l0, %g4, %l4
  000030ac: 808d2001                       btst  1, %l4
  000030b0: 02800005                       be  0x30c4
  000030b4: e40d3fff                       ldub  [ %l4 + -1 ], %l2
  000030b8: 88212001                       dec  %g4
  000030bc: e42c4004                       stb  %l2, [ %l1 + %g4 ]
  000030c0: a8252001                       dec  %l4
  000030c4: 808ce002                       btst  2, %l3
  000030c8: 12800024                       bne  0x3158
  000030cc: 808d2002                       btst  2, %l4
  000030d0: 02800005                       be  0x30e4
  000030d4: e4153ffe                       lduh  [ %l4 + -2 ], %l2
  000030d8: 88212002                       sub  %g4, 2, %g4
  000030dc: e4344004                       sth  %l2, [ %l1 + %g4 ]
  000030e0: a8252002                       sub  %l4, 2, %l4
  000030e4: 808ce004                       btst  4, %l3
  000030e8: 12800011                       bne  0x312c
  000030ec: 808d2004                       btst  4, %l4
  000030f0: 02800004                       be  0x3100
  000030f4: e4053ffc                       ld  [ %l4 + -4 ], %l2
  000030f8: 88212004                       sub  %g4, 4, %g4
  000030fc: e4244004                       st  %l2, [ %l1 + %g4 ]
  00003100: a8042008                       add  %l0, 8, %l4
  00003104: aa046008                       add  %l1, 8, %l5
  00003108: aca12008                       subcc  %g4, 8, %l6
  0000310c: 06800005                       bl  0x3120
  00003110: aca5a008                       subcc  %l6, 8, %l6
  00003114: e41d0016                       ldd  [ %l4 + %l6 ], %l2
  00003118: 10bffffd                       b  0x310c
  0000311c: e43d4016                       std  %l2, [ %l5 + %l6 ]
  00003120: 88092007                       and  %g4, 7, %g4
  00003124: 1080000b                       b  0x3150
  00003128: 01000000                       nop 
  0000312c: a8042004                       add  %l0, 4, %l4
  00003130: aa046004                       add  %l1, 4, %l5
  00003134: aca12004                       subcc  %g4, 4, %l6
  00003138: 06800005                       bl  0x314c
  0000313c: aca5a004                       subcc  %l6, 4, %l6
  00003140: e4050016                       ld  [ %l4 + %l6 ], %l2
  00003144: 10bffffd                       b  0x3138
  00003148: e4254016                       st  %l2, [ %l5 + %l6 ]
  0000314c: 88092003                       and  %g4, 3, %g4
  00003150: 1080000b                       b  0x317c
  00003154: 01000000                       nop 
  00003158: a8042002                       add  %l0, 2, %l4
  0000315c: aa046002                       add  %l1, 2, %l5
  00003160: aca12002                       subcc  %g4, 2, %l6
  00003164: 06800005                       bl  0x3178
  00003168: aca5a002                       subcc  %l6, 2, %l6
  0000316c: e4150016                       lduh  [ %l4 + %l6 ], %l2
  00003170: 10bffffd                       b  0x3164
  00003174: e4354016                       sth  %l2, [ %l5 + %l6 ]
  00003178: 88092001                       and  %g4, 1, %g4
  0000317c: a8042001                       add  %l0, 1, %l4
  00003180: aa046001                       add  %l1, 1, %l5
  00003184: 88a12001                       deccc  %g4
  00003188: 06800005                       bl  0x319c
  0000318c: 88a12001                       deccc  %g4
  00003190: e40d0004                       ldub  [ %l4 + %g4 ], %l2
  00003194: 10bffffd                       b  0x3188
  00003198: e42d4004                       stb  %l2, [ %l5 + %g4 ]
  0000319c: c801e008                       ld  [ %g7 + 8 ], %g4
  000031a0: 8e01e00c                       add  %g7, 0xc, %g7
  000031a4: e0016000                       ld  [ %g5 ], %l0
  000031a8: 81c40002                       jmp  %l0 + %g2
  000031ac: 8a016004                       add  %g5, 4, %g5

name=move flags=80
  000031bc: 7ffff3bd                       call  0xb0
  000031c0: e003e008                       ld  [ %o7 + 8 ], %l0
  000031c4: 00000028                       DEFER 0x28

name=perform flags=80
  000031d4: e0012000                       ld  [ %g4 ], %l0
  000031d8: c801e000                       ld  [ %g7 ], %g4
  000031dc: 81c40002                       jmp  %l0 + %g2
  000031e0: 8e01e004                       add  %g7, 4, %g7

name=hash flags=80
  000031f0: c8012008                       ld  [ %g4 + 8 ], %g4
  000031f4: 8800c004                       add  %g3, %g4, %g4
  000031f8: e001e000                       ld  [ %g7 ], %l0
  000031fc: 8e01e004                       add  %g7, 4, %g7
  00003200: e00c2001                       ldub  [ %l0 + 1 ], %l0
  00003204: a00c2003                       and  %l0, 3, %l0
  00003208: a12c2002                       sll  %l0, 2, %l0
  0000320c: 88010010                       add  %g4, %l0, %g4
  00003210: e0016000                       ld  [ %g5 ], %l0
  00003214: 81c40002                       jmp  %l0 + %g2
  00003218: 8a016004                       add  %g5, 4, %g5

name=search-thread flags=80
  00003230: c801e000                       ld  [ %g7 ], %g4
  00003234: 8e01e004                       add  %g7, 4, %g7
  00003238: 80a10002                       cmp  %g4, %g2
  0000323c: 02800023                       be  0x32c8
  00003240: a2012004                       add  %g4, 4, %l1
  00003244: e001e000                       ld  [ %g7 ], %l0
  00003248: e40c2000                       ldub  [ %l0 ], %l2
  0000324c: e60c2000                       ldub  [ %l0 ], %l3
  00003250: e80c6000                       ldub  [ %l1 ], %l4
  00003254: 80a4c014                       cmp  %l3, %l4
  00003258: 12800018                       bne  0x32b8
  0000325c: 01000000                       nop 
  00003260: a0042001                       inc  %l0
  00003264: a4a4a001                       deccc  %l2
  00003268: 1c800012                       bpos  0x32b0
  0000326c: a2046001                       inc  %l1
  00003270: c80c6000                       ldub  [ %l1 ], %g4
  00003274: a2046004                       add  %l1, 4, %l1
  00003278: a20c7ffc                       and  %l1, -4, %l1
  0000327c: 80892020                       btst  0x20, %g4
  00003280: 02800004                       be  0x3290
  00003284: 01000000                       nop 
  00003288: e2046000                       ld  [ %l1 ], %l1
  0000328c: a2044002                       add  %l1, %g2, %l1
  00003290: e2200007                       st  %l1, [ %g0 + %g7 ]
  00003294: 80892040                       btst  0x40, %g4
  00003298: 02800003                       be  0x32a4
  0000329c: 88003fff                       add  %g0, -1, %g4
  000032a0: 88002001                       add  %g0, 1, %g4
  000032a4: e0016000                       ld  [ %g5 ], %l0
  000032a8: 81c40002                       jmp  %l0 + %g2
  000032ac: 8a016004                       add  %g5, 4, %g5
  000032b0: 10bfffe7                       b  0x324c
  000032b4: 01000000                       nop 
  000032b8: c8012000                       ld  [ %g4 ], %g4
  000032bc: 88010002                       add  %g4, %g2, %g4
  000032c0: 10bfffde                       b  0x3238
  000032c4: 01000000                       nop 
  000032c8: 88002000                       add  %g0, 0, %g4	! 0x0
  000032cc: e0016000                       ld  [ %g5 ], %l0
  000032d0: 81c40002                       jmp  %l0 + %g2
  000032d4: 8a016004                       add  %g5, 4, %g5

name=($find-next) flags=80
  000032ec: e001e004                       ld  [ %g7 + 4 ], %l0
  000032f0: ea01e000                       ld  [ %g7 ], %l5
  000032f4: 10800016                       b  0x334c
  000032f8: a0040015                       add  %l0, %l5, %l0
  000032fc: 88212004                       sub  %g4, 4, %g4
  00003300: a2212001                       sub  %g4, 1, %l1
  00003304: a4a00015                       subcc  %g0, %l5, %l2
  00003308: e80c4012                       ldub  [ %l1 + %l2 ], %l4
  0000330c: e60c0012                       ldub  [ %l0 + %l2 ], %l3
  00003310: 80a4c014                       cmp  %l3, %l4
  00003314: 02bffffd                       be  0x3308
  00003318: a484a001                       inccc  %l2
  0000331c: 0480000c                       ble  0x334c
  00003320: e80c6000                       ldub  [ %l1 ], %l4
  00003324: a80d201f                       and  %l4, 0x1f, %l4
  00003328: 80a50015                       cmp  %l4, %l5
  0000332c: 12800008                       bne  0x334c
  00003330: 01000000                       nop 
  00003334: 8e21e004                       sub  %g7, 4, %g7
  00003338: c8200007                       st  %g4, [ %g0 + %g7 ]
  0000333c: 88003fff                       add  %g0, -1, %g4
  00003340: e0016000                       ld  [ %g5 ], %l0
  00003344: 81c40002                       jmp  %l0 + %g2
  00003348: 8a016004                       add  %g5, 4, %g5
  0000334c: c8012000                       ld  [ %g4 ], %g4
  00003350: 80a12000                       cmp  %g4, 0
  00003354: 12bfffea                       bne  0x32fc
  00003358: 88010002                       add  %g4, %g2, %g4
  0000335c: 88002000                       add  %g0, 0, %g4
  00003360: e0016000                       ld  [ %g5 ], %l0
  00003364: 81c40002                       jmp  %l0 + %g2
  00003368: 8a016004                       add  %g5, 4, %g5

name=?negate flags=80
  00003378: 7ffff333                       call  0x44
  0000337c: 8c21a004                       sub  %g6, 4, %g6
  00003380: 00000194 ?branch               unimp  0x194
  00003384: 00000008                       unimp  0x8
  00003388: 00000688 negate                unimp  0x688
  0000338c: 00000a20 unnest                unimp  0xa20

name=wflip flags=80
  0000339c: a1292010                       sll  %g4, 0x10, %l0
  000033a0: 89312010                       srl  %g4, 0x10, %g4
  000033a4: 88110010                       or  %g4, %l0, %g4
  000033a8: e0016000                       ld  [ %g5 ], %l0
  000033ac: 81c40002                       jmp  %l0 + %g2
  000033b0: 8a016004                       add  %g5, 4, %g5

name=toggle flags=80
  000033c0: e001e000                       ld  [ %g7 ], %l0
  000033c4: e20c2000                       ldub  [ %l0 ], %l1
  000033c8: a21c4004                       xor  %l1, %g4, %l1
  000033cc: e22c2000                       stb  %l1, [ %l0 ]
  000033d0: c801e004                       ld  [ %g7 + 4 ], %g4
  000033d4: 8e01e008                       add  %g7, 8, %g7
  000033d8: e0016000                       ld  [ %g5 ], %l0
  000033dc: 81c40002                       jmp  %l0 + %g2
  000033e0: 8a016004                       add  %g5, 4, %g5

name=log2 flags=80
  000033f0: a0202001                       sub  %g0, 1, %l0
  000033f4: 80a10000                       cmp  %g4, %g0
  000033f8: 02800004                       be  0x3408
  000033fc: 89312001                       srl  %g4, 1, %g4
  00003400: 10bffffd                       b  0x33f4
  00003404: a0042001                       inc  %l0
  00003408: 88000010                       add  %g0, %l0, %g4
  0000340c: e0016000                       ld  [ %g5 ], %l0
  00003410: 81c40002                       jmp  %l0 + %g2
  00003414: 8a016004                       add  %g5, 4, %g5

name=bits flags=80
  00003424: e001c000                       ld  [ %g7 ], %l0
  00003428: a3340004                       srl  %l0, %g4, %l1
  0000342c: 25000000                       sethi  %hi(0), %l2
  00003430: a404a001                       inc  %l2
  00003434: 892c8004                       sll  %l2, %g4, %g4
  00003438: 88212001                       dec  %g4
  0000343c: 880c0004                       and  %l0, %g4, %g4
  00003440: e2200007                       st  %l1, [ %g0 + %g7 ]
  00003444: e0016000                       ld  [ %g5 ], %l0
  00003448: 81c40002                       jmp  %l0 + %g2
  0000344c: 8a016004                       add  %g5, 4, %g5

name=s->l flags=80
  0000345c: e0016000                       ld  [ %g5 ], %l0
  00003460: 81c40002                       jmp  %l0 + %g2
  00003464: 8a016004                       add  %g5, 4, %g5

name=l->n flags=80
  00003474: e0016000                       ld  [ %g5 ], %l0
  00003478: 81c40002                       jmp  %l0 + %g2
  0000347c: 8a016004                       add  %g5, 4, %g5

name=n->a flags=80
  0000348c: e0016000                       ld  [ %g5 ], %l0
  00003490: 81c40002                       jmp  %l0 + %g2
  00003494: 8a016004                       add  %g5, 4, %g5

name=l->w flags=80
  000034a4: 89292010                       sll  %g4, 0x10, %g4
  000034a8: 89312010                       srl  %g4, 0x10, %g4
  000034ac: e0016000                       ld  [ %g5 ], %l0
  000034b0: 81c40002                       jmp  %l0 + %g2
  000034b4: 8a016004                       add  %g5, 4, %g5

name=n->w flags=80
  000034c4: 89292010                       sll  %g4, 0x10, %g4
  000034c8: 89312010                       srl  %g4, 0x10, %g4
  000034cc: e0016000                       ld  [ %g5 ], %l0
  000034d0: 81c40002                       jmp  %l0 + %g2
  000034d4: 8a016004                       add  %g5, 4, %g5

name=l>r flags=80
  000034e0: 8c21a004                       sub  %g6, 4, %g6
  000034e4: c8200006                       st  %g4, [ %g0 + %g6 ]
  000034e8: c801e000                       ld  [ %g7 ], %g4
  000034ec: 8e01e004                       add  %g7, 4, %g7
  000034f0: e0016000                       ld  [ %g5 ], %l0
  000034f4: 81c40002                       jmp  %l0 + %g2
  000034f8: 8a016004                       add  %g5, 4, %g5

name=lr> flags=80
  00003504: 8e21e004                       sub  %g7, 4, %g7
  00003508: c8200007                       st  %g4, [ %g0 + %g7 ]
  0000350c: c801a000                       ld  [ %g6 ], %g4
  00003510: 8c01a004                       add  %g6, 4, %g6
  00003514: e0016000                       ld  [ %g5 ], %l0
  00003518: 81c40002                       jmp  %l0 + %g2
  0000351c: 8a016004                       add  %g5, 4, %g5

name=lr@ flags=80
  00003528: 8e21e004                       sub  %g7, 4, %g7
  0000352c: c8200007                       st  %g4, [ %g0 + %g7 ]
  00003530: c801a000                       ld  [ %g6 ], %g4
  00003534: e0016000                       ld  [ %g5 ], %l0
  00003538: 81c40002                       jmp  %l0 + %g2
  0000353c: 8a016004                       add  %g5, 4, %g5

name=/t* flags=80
  00003548: 89292002                       sll  %g4, 2, %g4
  0000354c: e0016000                       ld  [ %g5 ], %l0
  00003550: 81c40002                       jmp  %l0 + %g2
  00003554: 8a016004                       add  %g5, 4, %g5

name=#talign flags=80
  00003564: 7ffff2d6                       call  0xbc
  00003568: 8e21e004                       sub  %g7, 4, %g7
  0000356c: 00000004                       CONSTANT 0x4

name=#linkalign flags=80
  00003580: 7ffff2cf                       call  0xbc
  00003584: 8e21e004                       sub  %g7, 4, %g7
  00003588: 00000004                       CONSTANT 0x4

name=#align flags=80
  00003598: 7ffff2c9                       call  0xbc
  0000359c: 8e21e004                       sub  %g7, 4, %g7
  000035a0: 00000004                       CONSTANT 0x4

name=#acf-align flags=80
  000035b4: 7ffff2c2                       call  0xbc
  000035b8: 8e21e004                       sub  %g7, 4, %g7
  000035bc: 00000004                       CONSTANT 0x4

name=align flags=80
  000035cc: 7ffff29e                       call  0x44
  000035d0: 8c21a004                       sub  %g6, 4, %g6
  000035d4: 00003578 #align                unimp  0x3578
  000035d8: 00006810 (align)               unimp  0x6810
  000035dc: 00000a20 unnest                unimp  0xa20

name=talign flags=80
  000035ec: 7ffff296                       call  0x44
  000035f0: 8c21a004                       sub  %g6, 4, %g6
  000035f4: 00003544 #talign               unimp  0x3544
  000035f8: 00006810 (align)               unimp  0x6810
  000035fc: 00000a20 unnest                unimp  0xa20

name=taligned flags=80
  00003610: 7ffff28d                       call  0x44
  00003614: 8c21a004                       sub  %g6, 4, %g6
  00003618: 00003544 #talign               unimp  0x3544
  0000361c: 000067e0 round-up              unimp  0x67e0
  00003620: 00000a20 unnest                unimp  0xa20

name=linkalign flags=80
  00003634: 7ffff284                       call  0x44
  00003638: 8c21a004                       sub  %g6, 4, %g6
  0000363c: 00003560 #linkalign            unimp  0x3560
  00003640: 00006810 (align)               unimp  0x6810
  00003644: 00000a20 unnest                unimp  0xa20

name=u* flags=80
  00003650: 7ffff27d                       call  0x44
  00003654: 8c21a004                       sub  %g6, 4, %g6
  00003658: 00002de8 um*                   unimp  0x2de8
  0000365c: 00000d3c drop                  unimp  0xd3c
  00003660: 00000a20 unnest                unimp  0xa20

name=(dlit) flags=80
  00003670: 8e21e004                       sub  %g7, 4, %g7
  00003674: c8200007                       st  %g4, [ %g0 + %g7 ]
  00003678: c8016000                       ld  [ %g5 ], %g4
  0000367c: 8a016004                       add  %g5, 4, %g5
  00003680: 8e21e004                       sub  %g7, 4, %g7
  00003684: c8200007                       st  %g4, [ %g0 + %g7 ]
  00003688: c8016000                       ld  [ %g5 ], %g4
  0000368c: 8a016004                       add  %g5, 4, %g5
  00003690: e0016000                       ld  [ %g5 ], %l0
  00003694: 81c40002                       jmp  %l0 + %g2
  00003698: 8a016004                       add  %g5, 4, %g5

name=dnegate flags=80
  000036a8: e001e000                       ld  [ %g7 ], %l0
  000036ac: a0a00010                       subcc  %g0, %l0, %l0
  000036b0: 88600004                       subx  %g0, %g4, %g4
  000036b4: e021e000                       st  %l0, [ %g7 ]
  000036b8: e0016000                       ld  [ %g5 ], %l0
  000036bc: 81c40002                       jmp  %l0 + %g2
  000036c0: 8a016004                       add  %g5, 4, %g5

name=dabs flags=80
  000036d0: 80a10000                       cmp  %g4, %g0
  000036d4: 0cbffff5                       bneg  0x36a8
  000036d8: 01000000                       nop 
  000036dc: e0016000                       ld  [ %g5 ], %l0
  000036e0: 81c40002                       jmp  %l0 + %g2
  000036e4: 8a016004                       add  %g5, 4, %g5

name=d+ flags=80
  000036f0: e201e000                       ld  [ %g7 ], %l1
  000036f4: e601e008                       ld  [ %g7 + 8 ], %l3
  000036f8: e401e004                       ld  [ %g7 + 4 ], %l2
  000036fc: 8e01e008                       add  %g7, 8, %g7
  00003700: a284c011                       addcc  %l3, %l1, %l1
  00003704: 88448004                       addx  %l2, %g4, %g4
  00003708: e221e000                       st  %l1, [ %g7 ]
  0000370c: e0016000                       ld  [ %g5 ], %l0
  00003710: 81c40002                       jmp  %l0 + %g2
  00003714: 8a016004                       add  %g5, 4, %g5

name=d- flags=80
  00003720: e201e000                       ld  [ %g7 ], %l1
  00003724: e601e008                       ld  [ %g7 + 8 ], %l3
  00003728: e401e004                       ld  [ %g7 + 4 ], %l2
  0000372c: 8e01e008                       add  %g7, 8, %g7
  00003730: a2a4c011                       subcc  %l3, %l1, %l1
  00003734: 88648004                       subx  %l2, %g4, %g4
  00003738: e221e000                       st  %l1, [ %g7 ]
  0000373c: e0016000                       ld  [ %g5 ], %l0
  00003740: 81c40002                       jmp  %l0 + %g2
  00003744: 8a016004                       add  %g5, 4, %g5

name=2literal flags=c0
  00003758: 7ffff23b                       call  0x44
  0000375c: 8c21a004                       sub  %g6, 4, %g6
  00003760: 00000dc8 swap                  unimp  0xdc8
  00003764: 00006c68 literal               unimp  0x6c68
  00003768: 00006c68 literal               unimp  0x6c68
  0000376c: 00000a20 unnest                unimp  0xa20

name=d0= flags=80
  00003778: 7ffff233                       call  0x44
  0000377c: 8c21a004                       sub  %g6, 4, %g6
  00003780: 00000540 or                    unimp  0x540
  00003784: 00000aa8 0=                    unimp  0xaa8
  00003788: 00000a20 unnest                unimp  0xa20

name=d0<> flags=80
  00003798: 7ffff22b                       call  0x44
  0000379c: 8c21a004                       sub  %g6, 4, %g6
  000037a0: 00000540 or                    unimp  0x540
  000037a4: 00000acc 0<>                   unimp  0xacc
  000037a8: 00000a20 unnest                unimp  0xa20

name=d0< flags=80
  000037b4: 7ffff224                       call  0x44
  000037b8: 8c21a004                       sub  %g6, 4, %g6
  000037bc: 00000a64 nip                   unimp  0xa64
  000037c0: 00000af0 0<                    unimp  0xaf0
  000037c4: 00000a20 unnest                unimp  0xa20

name=d= flags=80
  000037d0: 7ffff21d                       call  0x44
  000037d4: 8c21a004                       sub  %g6, 4, %g6
  000037d8: 00003700 d-                    unimp  0x3700
  000037dc: 00003758 d0=                   unimp  0x3758
  000037e0: 00000a20 unnest                unimp  0xa20

name=d<> flags=80
  000037ec: 7ffff216                       call  0x44
  000037f0: 8c21a004                       sub  %g6, 4, %g6
  000037f4: 000037b0 d=                    unimp  0x37b0
  000037f8: 00000aa8 0=                    unimp  0xaa8
  000037fc: 00000a20 unnest                unimp  0xa20

name=du< flags=80
  00003808: 7ffff20f                       call  0x44
  0000380c: 8c21a004                       sub  %g6, 4, %g6
  00003810: 00000de8 rot                   unimp  0xde8
  00003814: 00000dc8 swap                  unimp  0xdc8
  00003818: 00000e64 2dup                  unimp  0xe64
  0000381c: 00000c04 <>                    unimp  0xc04
  00003820: 00000194 ?branch               unimp  0x194
  00003824: 00000008                       unimp  0x8
  00003828: 00000eb8 2swap                 unimp  0xeb8
  0000382c: 00000e40 2drop                 unimp  0xe40
  00003830: 00000c88 u<                    unimp  0xc88
  00003834: 00000a20 unnest                unimp  0xa20

name=d< flags=80
  00003840: 7ffff201                       call  0x44
  00003844: 8c21a004                       sub  %g6, 4, %g6
  00003848: 000000fc (lit)                 unimp  0xfc
  0000384c: 00000002                       unimp  0x2
  00003850: 00000f7c pick                  unimp  0xf7c
  00003854: 00000da4 over                  unimp  0xda4
  00003858: 00000bd8 =                     unimp  0xbd8
  0000385c: 00000194 ?branch               unimp  0x194
  00003860: 00000018                       unimp  0x18
  00003864: 00000d3c drop                  unimp  0xd3c
  00003868: 00000a64 nip                   unimp  0xa64
  0000386c: 00000c88 u<                    unimp  0xc88
  00003870: 00000174 branch                unimp  0x174
  00003874: 00000010 <?>                   unimp  0x10
  00003878: 00000a64 nip                   unimp  0xa64
  0000387c: 00000b80 <                     unimp  0xb80
  00003880: 00000a64 nip                   unimp  0xa64
  00003884: 00000a20 unnest                unimp  0xa20

name=d>= flags=80
  00003890: 7ffff1ed                       call  0x44
  00003894: 8c21a004                       sub  %g6, 4, %g6
  00003898: 00003820 d<                    unimp  0x3820
  0000389c: 00000aa8 0=                    unimp  0xaa8
  000038a0: 00000a20 unnest                unimp  0xa20

name=d> flags=80
  000038ac: 7ffff1e6                       call  0x44
  000038b0: 8c21a004                       sub  %g6, 4, %g6
  000038b4: 00000eb8 2swap                 unimp  0xeb8
  000038b8: 00003820 d<                    unimp  0x3820
  000038bc: 00000a20 unnest                unimp  0xa20

name=d<= flags=80
  000038c8: 7ffff1df                       call  0x44
  000038cc: 8c21a004                       sub  %g6, 4, %g6
  000038d0: 00000eb8 2swap                 unimp  0xeb8
  000038d4: 00003820 d<                    unimp  0x3820
  000038d8: 00000aa8 0=                    unimp  0xaa8
  000038dc: 00000a20 unnest                unimp  0xa20

name=dnegate flags=80
  000038ec: 7ffff1d6                       call  0x44
  000038f0: 8c21a004                       sub  %g6, 4, %g6
  000038f4: 000000fc (lit)                 unimp  0xfc
  000038f8: 00000000 [ENTRY]               unimp  0
  000038fc: 000000fc (lit)                 unimp  0xfc
  00003900: 00000000 [ENTRY]               unimp  0
  00003904: 00000eb8 2swap                 unimp  0xeb8
  00003908: 00003700 d-                    unimp  0x3700
  0000390c: 00000a20 unnest                unimp  0xa20

name=dabs flags=80
  0000391c: 7ffff1ca                       call  0x44
  00003920: 8c21a004                       sub  %g6, 4, %g6
  00003924: 00000e64 2dup                  unimp  0xe64
  00003928: 00003794 d0<                   unimp  0x3794
  0000392c: 00000194 ?branch               unimp  0x194
  00003930: 00000008                       unimp  0x8
  00003934: 000038cc dnegate               unimp  0x38cc
  00003938: 00000a20 unnest                unimp  0xa20

name=s>d flags=80
  00003944: 7ffff1c0                       call  0x44
  00003948: 8c21a004                       sub  %g6, 4, %g6
  0000394c: 00000d84 dup                   unimp  0xd84
  00003950: 00000af0 0<                    unimp  0xaf0
  00003954: 00000a20 unnest                unimp  0xa20

name=u>d flags=80
  00003960: 7ffff1b9                       call  0x44
  00003964: 8c21a004                       sub  %g6, 4, %g6
  00003968: 000000fc (lit)                 unimp  0xfc
  0000396c: 00000000 [ENTRY]               unimp  0
  00003970: 00000a20 unnest                unimp  0xa20

name=d>s flags=80
  0000397c: 7ffff1b2                       call  0x44
  00003980: 8c21a004                       sub  %g6, 4, %g6
  00003984: 00000d3c drop                  unimp  0xd3c
  00003988: 00000a20 unnest                unimp  0xa20

name=(d.) flags=80
  00003998: 7ffff1ab                       call  0x44
  0000399c: 8c21a004                       sub  %g6, 4, %g6
  000039a0: 00000a40 tuck                  unimp  0xa40
  000039a4: 000038fc dabs                  unimp  0x38fc
  000039a8: 00004b38 <#                    unimp  0x4b38
  000039ac: 00004cbc #s                    unimp  0x4cbc
  000039b0: 00000de8 rot                   unimp  0xde8
  000039b4: 00004b5c sign                  unimp  0x4b5c
  000039b8: 00004ce8 #>                    unimp  0x4ce8
  000039bc: 00000a20 unnest                unimp  0xa20

name=(ud.) flags=80
  000039cc: 7ffff19e                       call  0x44
  000039d0: 8c21a004                       sub  %g6, 4, %g6
  000039d4: 00004b38 <#                    unimp  0x4b38
  000039d8: 00004cbc #s                    unimp  0x4cbc
  000039dc: 00004ce8 #>                    unimp  0x4ce8
  000039e0: 00000a20 unnest                unimp  0xa20

name=d. flags=80
  000039ec: 7ffff196                       call  0x44
  000039f0: 8c21a004                       sub  %g6, 4, %g6
  000039f4: 00003978 (d.)                  unimp  0x3978
  000039f8: 000044fc type                  unimp  0x44fc
  000039fc: 00004914 space                 unimp  0x4914
  00003a00: 00000a20 unnest                unimp  0xa20

name=ud. flags=80
  00003a0c: 7ffff18e                       call  0x44
  00003a10: 8c21a004                       sub  %g6, 4, %g6
  00003a14: 000039ac (ud.)                 unimp  0x39ac
  00003a18: 000044fc type                  unimp  0x44fc
  00003a1c: 00004914 space                 unimp  0x4914
  00003a20: 00000a20 unnest                unimp  0xa20

name=ud.r flags=80
  00003a30: 7ffff185                       call  0x44
  00003a34: 8c21a004                       sub  %g6, 4, %g6
  00003a38: 00000868 >r                    unimp  0x868
  00003a3c: 000039ac (ud.)                 unimp  0x39ac
  00003a40: 0000088c r>                    unimp  0x88c
  00003a44: 00000da4 over                  unimp  0xda4
  00003a48: 00000648 -                     unimp  0x648
  00003a4c: 00004934 spaces                unimp  0x4934
  00003a50: 000044fc type                  unimp  0x44fc
  00003a54: 00000a20 unnest                unimp  0xa20

name=d2* flags=80
  00003a60: 7ffff179                       call  0x44
  00003a64: 8c21a004                       sub  %g6, 4, %g6
  00003a68: 00001028 2*                    unimp  0x1028
  00003a6c: 00000da4 over                  unimp  0xda4
  00003a70: 00000af0 0<                    unimp  0xaf0
  00003a74: 00000194 ?branch               unimp  0x194
  00003a78: 00000008                       unimp  0x8
  00003a7c: 00000f98 1+                    unimp  0xf98
  00003a80: 00000dc8 swap                  unimp  0xdc8
  00003a84: 00001028 2*                    unimp  0x1028
  00003a88: 00000dc8 swap                  unimp  0xdc8
  00003a8c: 00000a20 unnest                unimp  0xa20

name=d2/ flags=80
  00003a98: 7ffff16b                       call  0x44
  00003a9c: 8c21a004                       sub  %g6, 4, %g6
  00003aa0: 00000d84 dup                   unimp  0xd84
  00003aa4: 00000ff8 2/                    unimp  0xff8
  00003aa8: 00000dc8 swap                  unimp  0xdc8
  00003aac: 000000fc (lit)                 unimp  0xfc
  00003ab0: 00000001                       unimp  0x1
  00003ab4: 00000520 and                   unimp  0x520
  00003ab8: 00000de8 rot                   unimp  0xde8
  00003abc: 000000fc (lit)                 unimp  0xfc
  00003ac0: 00000001                       unimp  0x1
  00003ac4: 00000608 rshift                unimp  0x608
  00003ac8: 00000dc8 swap                  unimp  0xdc8
  00003acc: 000000fc (lit)                 unimp  0xfc
  00003ad0: 0000001f                       unimp  0x1f
  00003ad4: 000005e4 lshift                unimp  0x5e4
  00003ad8: 00000540 or                    unimp  0x540
  00003adc: 00000dc8 swap                  unimp  0xdc8
  00003ae0: 00000a20 unnest                unimp  0xa20

name=dmax flags=80
  00003af0: 7ffff155                       call  0x44
  00003af4: 8c21a004                       sub  %g6, 4, %g6
  00003af8: 00000e8c 2over                 unimp  0xe8c
  00003afc: 00000e8c 2over                 unimp  0xe8c
  00003b00: 00003820 d<                    unimp  0x3820
  00003b04: 00000194 ?branch               unimp  0x194
  00003b08: 00000008                       unimp  0x8
  00003b0c: 00000eb8 2swap                 unimp  0xeb8
  00003b10: 00000e40 2drop                 unimp  0xe40
  00003b14: 00000a20 unnest                unimp  0xa20

name=dmin flags=80
  00003b24: 7ffff148                       call  0x44
  00003b28: 8c21a004                       sub  %g6, 4, %g6
  00003b2c: 00000e8c 2over                 unimp  0xe8c
  00003b30: 00000e8c 2over                 unimp  0xe8c
  00003b34: 00003820 d<                    unimp  0x3820
  00003b38: 00000aa8 0=                    unimp  0xaa8
  00003b3c: 00000194 ?branch               unimp  0x194
  00003b40: 00000008                       unimp  0x8
  00003b44: 00000eb8 2swap                 unimp  0xeb8
  00003b48: 00000e40 2drop                 unimp  0xe40
  00003b4c: 00000a20 unnest                unimp  0xa20

name=m+ flags=80
  00003b58: 7ffff13b                       call  0x44
  00003b5c: 8c21a004                       sub  %g6, 4, %g6
  00003b60: 00003924 s>d                   unimp  0x3924
  00003b64: 000036d0 d+                    unimp  0x36d0
  00003b68: 00000a20 unnest                unimp  0xa20

name=2rot flags=80
  00003b78: 7ffff133                       call  0x44
  00003b7c: 8c21a004                       sub  %g6, 4, %g6
  00003b80: 000008f0 2>r                   unimp  0x8f0
  00003b84: 00000eb8 2swap                 unimp  0xeb8
  00003b88: 0000091c 2r>                   unimp  0x91c
  00003b8c: 00000eb8 2swap                 unimp  0xeb8
  00003b90: 00000a20 unnest                unimp  0xa20

name=2nip flags=80
  00003ba0: 7ffff129                       call  0x44
  00003ba4: 8c21a004                       sub  %g6, 4, %g6
  00003ba8: 00000eb8 2swap                 unimp  0xeb8
  00003bac: 00000e40 2drop                 unimp  0xe40
  00003bb0: 00000a20 unnest                unimp  0xa20

name=drot flags=80
  00003bc0: 7ffff121                       call  0x44
  00003bc4: 8c21a004                       sub  %g6, 4, %g6
  00003bc8: 000008f0 2>r                   unimp  0x8f0
  00003bcc: 00000eb8 2swap                 unimp  0xeb8
  00003bd0: 0000091c 2r>                   unimp  0x91c
  00003bd4: 00000eb8 2swap                 unimp  0xeb8
  00003bd8: 00000a20 unnest                unimp  0xa20

name=-drot flags=80
  00003be8: 7ffff117                       call  0x44
  00003bec: 8c21a004                       sub  %g6, 4, %g6
  00003bf0: 00003ba0 drot                  unimp  0x3ba0
  00003bf4: 00003ba0 drot                  unimp  0x3ba0
  00003bf8: 00000a20 unnest                unimp  0xa20

name=dinvert flags=80
  00003c08: 7ffff10f                       call  0x44
  00003c0c: 8c21a004                       sub  %g6, 4, %g6
  00003c10: 00000dc8 swap                  unimp  0xdc8
  00003c14: 0000066c invert                unimp  0x66c
  00003c18: 00000dc8 swap                  unimp  0xdc8
  00003c1c: 0000066c invert                unimp  0x66c
  00003c20: 00000a20 unnest                unimp  0xa20

name=dlshift flags=80
  00003c30: 7ffff105                       call  0x44
  00003c34: 8c21a004                       sub  %g6, 4, %g6
  00003c38: 00000a40 tuck                  unimp  0xa40
  00003c3c: 000005e4 lshift                unimp  0x5e4
  00003c40: 00000868 >r                    unimp  0x868
  00003c44: 00000e64 2dup                  unimp  0xe64
  00003c48: 000069dc bits/cell             unimp  0x69dc
  00003c4c: 00000dc8 swap                  unimp  0xdc8
  00003c50: 00000648 -                     unimp  0x648
  00003c54: 00000608 rshift                unimp  0x608
  00003c58: 0000088c r>                    unimp  0x88c
  00003c5c: 00000540 or                    unimp  0x540
  00003c60: 00000868 >r                    unimp  0x868
  00003c64: 000005e4 lshift                unimp  0x5e4
  00003c68: 0000088c r>                    unimp  0x88c
  00003c6c: 00000a20 unnest                unimp  0xa20

name=drshift flags=80
  00003c7c: 7ffff0f2                       call  0x44
  00003c80: 8c21a004                       sub  %g6, 4, %g6
  00003c84: 00000e64 2dup                  unimp  0xe64
  00003c88: 00000608 rshift                unimp  0x608
  00003c8c: 00000868 >r                    unimp  0x868
  00003c90: 00000a40 tuck                  unimp  0xa40
  00003c94: 000069dc bits/cell             unimp  0x69dc
  00003c98: 00000dc8 swap                  unimp  0xdc8
  00003c9c: 00000648 -                     unimp  0x648
  00003ca0: 000005e4 lshift                unimp  0x5e4
  00003ca4: 00000e14 -rot                  unimp  0xe14
  00003ca8: 00000608 rshift                unimp  0x608
  00003cac: 00000540 or                    unimp  0x540
  00003cb0: 0000088c r>                    unimp  0x88c
  00003cb4: 00000a20 unnest                unimp  0xa20

name=d>>a flags=80
  00003cc4: 7ffff0e0                       call  0x44
  00003cc8: 8c21a004                       sub  %g6, 4, %g6
  00003ccc: 00000e64 2dup                  unimp  0xe64
  00003cd0: 00000608 rshift                unimp  0x608
  00003cd4: 00000868 >r                    unimp  0x868
  00003cd8: 00000a40 tuck                  unimp  0xa40
  00003cdc: 000069dc bits/cell             unimp  0x69dc
  00003ce0: 00000dc8 swap                  unimp  0xdc8
  00003ce4: 00000648 -                     unimp  0x648
  00003ce8: 000005e4 lshift                unimp  0x5e4
  00003cec: 00000e14 -rot                  unimp  0xe14
  00003cf0: 000005c0 >>a                   unimp  0x5c0
  00003cf4: 00000540 or                    unimp  0x540
  00003cf8: 0000088c r>                    unimp  0x88c
  00003cfc: 00000a20 unnest                unimp  0xa20

name=du* flags=80
  00003d08: 7ffff0cf                       call  0x44
  00003d0c: 8c21a004                       sub  %g6, 4, %g6
  00003d10: 00000a40 tuck                  unimp  0xa40
  00003d14: 00003630 u*                    unimp  0x3630
  00003d18: 00000868 >r                    unimp  0x868
  00003d1c: 00002de8 um*                   unimp  0x2de8
  00003d20: 0000088c r>                    unimp  0x88c
  00003d24: 00000628 +                     unimp  0x628
  00003d28: 00000a20 unnest                unimp  0xa20

name=du*t flags=80
  00003d38: 7ffff0c3                       call  0x44
  00003d3c: 8c21a004                       sub  %g6, 4, %g6
  00003d40: 00000a40 tuck                  unimp  0xa40
  00003d44: 00002de8 um*                   unimp  0x2de8
  00003d48: 000008f0 2>r                   unimp  0x8f0
  00003d4c: 00002de8 um*                   unimp  0x2de8
  00003d50: 000000fc (lit)                 unimp  0xfc
  00003d54: 00000000 [ENTRY]               unimp  0
  00003d58: 0000091c 2r>                   unimp  0x91c
  00003d5c: 000036d0 d+                    unimp  0x36d0
  00003d60: 00000a20 unnest                unimp  0xa20

name=mask flags=80
  00003d70: 7ffff0b5                       call  0x44
  00003d74: 8c21a004                       sub  %g6, 4, %g6
  00003d78: 00000d84 dup                   unimp  0xd84
  00003d7c: 000000fc (lit)                 unimp  0xfc
  00003d80: 00000020                       unimp  0x20
  00003d84: 00000bd8 =                     unimp  0xbd8
  00003d88: 00000194 ?branch               unimp  0x194
  00003d8c: 00000018                       unimp  0x18
  00003d90: 00000d3c drop                  unimp  0xd3c
  00003d94: 000000fc (lit)                 unimp  0xfc
  00003d98: 00000000 [ENTRY]               unimp  0
  00003d9c: 00000fc8 1-                    unimp  0xfc8
  00003da0: 00000a00 exit                  unimp  0xa00
  00003da4: 000000fc (lit)                 unimp  0xfc
  00003da8: 00000001                       unimp  0x1
  00003dac: 00000dc8 swap                  unimp  0xdc8
  00003db0: 000005e4 lshift                unimp  0x5e4
  00003db4: 00000fc8 1-                    unimp  0xfc8
  00003db8: 00000a20 unnest                unimp  0xa20

name=dmask flags=80
  00003dc8: 7ffff09f                       call  0x44
  00003dcc: 8c21a004                       sub  %g6, 4, %g6
  00003dd0: 00000d84 dup                   unimp  0xd84
  00003dd4: 000000fc (lit)                 unimp  0xfc
  00003dd8: 00000040                       unimp  0x40
  00003ddc: 00000bd8 =                     unimp  0xbd8
  00003de0: 00000194 ?branch               unimp  0x194
  00003de4: 00000018                       unimp  0x18
  00003de8: 00000d3c drop                  unimp  0xd3c
  00003dec: 000000fc (lit)                 unimp  0xfc
  00003df0: ffffffff                       unknown
  00003df4: 00000d84 dup                   unimp  0xd84
  00003df8: 00000a00 exit                  unimp  0xa00
  00003dfc: 00000d84 dup                   unimp  0xd84
  00003e00: 000000fc (lit)                 unimp  0xfc
  00003e04: 00000020                       unimp  0x20
  00003e08: 00000520 and                   unimp  0x520
  00003e0c: 00000194 ?branch               unimp  0x194
  00003e10: 00000028                       unimp  0x28
  00003e14: 000000fc (lit)                 unimp  0xfc
  00003e18: 0000001f                       unimp  0x1f
  00003e1c: 00000520 and                   unimp  0x520
  00003e20: 00003d50 mask                  unimp  0x3d50
  00003e24: 000000fc (lit)                 unimp  0xfc
  00003e28: ffffffff                       unknown
  00003e2c: 00000dc8 swap                  unimp  0xdc8
  00003e30: 00000174 branch                unimp  0x174
  00003e34: 00000010 <?>                   unimp  0x10
  00003e38: 00003d50 mask                  unimp  0x3d50
  00003e3c: 000000fc (lit)                 unimp  0xfc
  00003e40: 00000000 [ENTRY]               unimp  0
  00003e44: 00000a20 unnest                unimp  0xa20

name=bits/half-cell flags=80
  00003e5c: 7ffff098                       call  0xbc
  00003e60: 8e21e004                       sub  %g7, 4, %g7
  00003e64: 00000010 <?>                   CONSTANT 0x10

name=scale-up flags=80
  00003e78: 7ffff073                       call  0x44
  00003e7c: 8c21a004                       sub  %g6, 4, %g6
  00003e80: 00003e3c bits/half-cell        unimp  0x3e3c
  00003e84: 00000580 <<                    unimp  0x580
  00003e88: 00000a20 unnest                unimp  0xa20

name=scale-down flags=80
  00003e9c: 7ffff06a                       call  0x44
  00003ea0: 8c21a004                       sub  %g6, 4, %g6
  00003ea4: 00003e3c bits/half-cell        unimp  0x3e3c
  00003ea8: 000005a0 >>                    unimp  0x5a0
  00003eac: 00000a20 unnest                unimp  0xa20

name=split-halves flags=80
  00003ec4: 7ffff060                       call  0x44
  00003ec8: 8c21a004                       sub  %g6, 4, %g6
  00003ecc: 00000d84 dup                   unimp  0xd84
  00003ed0: 000000fc (lit)                 unimp  0xfc
  00003ed4: 00000001                       unimp  0x1
  00003ed8: 00003e58 scale-up              unimp  0x3e58
  00003edc: 00000fc8 1-                    unimp  0xfc8
  00003ee0: 00000520 and                   unimp  0x520
  00003ee4: 00000dc8 swap                  unimp  0xdc8
  00003ee8: 00003e7c scale-down            unimp  0x3e7c
  00003eec: 00000a20 unnest                unimp  0xa20

name=um/mod flags=80
  00003efc: 7ffff052                       call  0x44
  00003f00: 8c21a004                       sub  %g6, 4, %g6
  00003f04: 00000e64 2dup                  unimp  0xe64
  00003f08: 00000cb4 u>=                   unimp  0xcb4
  00003f0c: 00000194 ?branch               unimp  0x194
  00003f10: 00000034                       unimp  0x34
  00003f14: 00000aa8 0=                    unimp  0xaa8
  00003f18: 00000194 ?branch               unimp  0x194
  00003f1c: 00000010 <?>                   unimp  0x10
  00003f20: 000000fc (lit)                 unimp  0xfc
  00003f24: 00000000 [ENTRY]               unimp  0
  00003f28: 000028a0 /                     unimp  0x28a0
  00003f2c: 00000e40 2drop                 unimp  0xe40
  00003f30: 000000fc (lit)                 unimp  0xfc
  00003f34: 00000000 [ENTRY]               unimp  0
  00003f38: 000000fc (lit)                 unimp  0xfc
  00003f3c: ffffffff                       unknown
  00003f40: 00000a00 exit                  unimp  0xa00
  00003f44: 00000d84 dup                   unimp  0xd84
  00003f48: 00003ea4 split-halves          unimp  0x3ea4
  00003f4c: 00000d5c ?dup                  unimp  0xd5c
  00003f50: 00000aa8 0=                    unimp  0xaa8
  00003f54: 00000194 ?branch               unimp  0x194
  00003f58: 00000084                       unimp  0x84
  00003f5c: 00000e8c 2over                 unimp  0xe8c
  00003f60: 00000dc8 swap                  unimp  0xdc8
  00003f64: 00003e7c scale-down            unimp  0x3e7c
  00003f68: 00000dc8 swap                  unimp  0xdc8
  00003f6c: 00003e58 scale-up              unimp  0x3e58
  00003f70: 00000628 +                     unimp  0x628
  00003f74: 00000da4 over                  unimp  0xda4
  00003f78: 000028a0 /                     unimp  0x28a0
  00003f7c: 00003e58 scale-up              unimp  0x3e58
  00003f80: 00000de8 rot                   unimp  0xde8
  00003f84: 00000da4 over                  unimp  0xda4
  00003f88: 00002de8 um*                   unimp  0x2de8
  00003f8c: 00000eb8 2swap                 unimp  0xeb8
  00003f90: 00000868 >r                    unimp  0x868
  00003f94: 00000868 >r                    unimp  0x868
  00003f98: 00003700 d-                    unimp  0x3700
  00003f9c: 00000d3c drop                  unimp  0xd3c
  00003fa0: 00000d84 dup                   unimp  0xd84
  00003fa4: 000008b0 r@                    unimp  0x8b0
  00003fa8: 00002908 u/mod                 unimp  0x2908
  00003fac: 00000a64 nip                   unimp  0xa64
  00003fb0: 0000088c r>                    unimp  0x88c
  00003fb4: 0000088c r>                    unimp  0x88c
  00003fb8: 000000fc (lit)                 unimp  0xfc
  00003fbc: 00000002                       unimp  0x2
  00003fc0: 00000f7c pick                  unimp  0xf7c
  00003fc4: 00000628 +                     unimp  0x628
  00003fc8: 00000868 >r                    unimp  0x868
  00003fcc: 00002f00 *                     unimp  0x2f00
  00003fd0: 00000648 -                     unimp  0x648
  00003fd4: 0000088c r>                    unimp  0x88c
  00003fd8: 00000a00 exit                  unimp  0xa00
  00003fdc: 000000fc (lit)                 unimp  0xfc
  00003fe0: 00000003                       unimp  0x3
  00003fe4: 00000f7c pick                  unimp  0xf7c
  00003fe8: 00000da4 over                  unimp  0xda4
  00003fec: 00002908 u/mod                 unimp  0x2908
  00003ff0: 00000a64 nip                   unimp  0xa64
  00003ff4: 00000d84 dup                   unimp  0xd84
  00003ff8: 000000fc (lit)                 unimp  0xfc
  00003ffc: 00000001                       unimp  0x1
  00004000: 00003e58 scale-up              unimp  0x3e58
  00004004: 00000bd8 =                     unimp  0xbd8
  00004008: 00000194 ?branch               unimp  0x194
  0000400c: 00000008                       unimp  0x8
  00004010: 00000fc8 1-                    unimp  0xfc8
  00004014: 000000fc (lit)                 unimp  0xfc
  00004018: 00000003                       unimp  0x3
  0000401c: 00000f7c pick                  unimp  0xf7c
  00004020: 00000da4 over                  unimp  0xda4
  00004024: 00003e58 scale-up              unimp  0x3e58
  00004028: 00002de8 um*                   unimp  0x2de8
  0000402c: 00000868 >r                    unimp  0x868
  00004030: 00000868 >r                    unimp  0x868
  00004034: 00003b58 2rot                  unimp  0x3b58
  00004038: 0000088c r>                    unimp  0x88c
  0000403c: 0000088c r>                    unimp  0x88c
  00004040: 00003700 d-                    unimp  0x3700
  00004044: 00000d84 dup                   unimp  0xd84
  00004048: 00000af0 0<                    unimp  0xaf0
  0000404c: 00000194 ?branch               unimp  0x194
  00004050: 00000038 <NULLSUB>             unimp  0x38
  00004054: 00000de8 rot                   unimp  0xde8
  00004058: 00000fc8 1-                    unimp  0xfc8
  0000405c: 00000e14 -rot                  unimp  0xe14
  00004060: 000000fc (lit)                 unimp  0xfc
  00004064: 00000004                       unimp  0x4
  00004068: 00000f7c pick                  unimp  0xf7c
  0000406c: 00003e58 scale-up              unimp  0x3e58
  00004070: 000000fc (lit)                 unimp  0xfc
  00004074: 00000004                       unimp  0x4
  00004078: 00000f7c pick                  unimp  0xf7c
  0000407c: 000036d0 d+                    unimp  0x36d0
  00004080: 00000174 branch                unimp  0x174
  00004084: ffffffc0                       unknown
  00004088: 00000de8 rot                   unimp  0xde8
  0000408c: 00003e58 scale-up              unimp  0x3e58
  00004090: 00000868 >r                    unimp  0x868
  00004094: 000000fc (lit)                 unimp  0xfc
  00004098: 00000003                       unimp  0x3
  0000409c: 000060bc roll                  unimp  0x60bc
  000040a0: 00000d3c drop                  unimp  0xd3c
  000040a4: 00000e64 2dup                  unimp  0xe64
  000040a8: 00003e58 scale-up              unimp  0x3e58
  000040ac: 00000dc8 swap                  unimp  0xdc8
  000040b0: 00003e7c scale-down            unimp  0x3e7c
  000040b4: 00000628 +                     unimp  0x628
  000040b8: 000000fc (lit)                 unimp  0xfc
  000040bc: 00000003                       unimp  0x3
  000040c0: 000060bc roll                  unimp  0x60bc
  000040c4: 00002908 u/mod                 unimp  0x2908
  000040c8: 00000a64 nip                   unimp  0xa64
  000040cc: 00000d84 dup                   unimp  0xd84
  000040d0: 000000fc (lit)                 unimp  0xfc
  000040d4: 00000001                       unimp  0x1
  000040d8: 00003e58 scale-up              unimp  0x3e58
  000040dc: 00000bd8 =                     unimp  0xbd8
  000040e0: 00000194 ?branch               unimp  0x194
  000040e4: 00000008                       unimp  0x8
  000040e8: 00000fc8 1-                    unimp  0xfc8
  000040ec: 000000fc (lit)                 unimp  0xfc
  000040f0: 00000003                       unimp  0x3
  000040f4: 00000f7c pick                  unimp  0xf7c
  000040f8: 00000da4 over                  unimp  0xda4
  000040fc: 00002de8 um*                   unimp  0x2de8
  00004100: 00000de8 rot                   unimp  0xde8
  00004104: 00000868 >r                    unimp  0x868
  00004108: 00003700 d-                    unimp  0x3700
  0000410c: 00000d84 dup                   unimp  0xd84
  00004110: 00000af0 0<                    unimp  0xaf0
  00004114: 00000194 ?branch               unimp  0x194
  00004118: 00000028                       unimp  0x28
  0000411c: 0000088c r>                    unimp  0x88c
  00004120: 00000fc8 1-                    unimp  0xfc8
  00004124: 00000868 >r                    unimp  0x868
  00004128: 000000fc (lit)                 unimp  0xfc
  0000412c: 00000002                       unimp  0x2
  00004130: 00000f7c pick                  unimp  0xf7c
  00004134: 00003b38 m+                    unimp  0x3b38
  00004138: 00000174 branch                unimp  0x174
  0000413c: ffffffd0                       unknown
  00004140: 00000de8 rot                   unimp  0xde8
  00004144: 00000e40 2drop                 unimp  0xe40
  00004148: 0000088c r>                    unimp  0x88c
  0000414c: 0000088c r>                    unimp  0x88c
  00004150: 00000628 +                     unimp  0x628
  00004154: 00000a20 unnest                unimp  0xa20

name=sm/rem flags=80
  00004164: 7fffefb8                       call  0x44
  00004168: 8c21a004                       sub  %g6, 4, %g6
  0000416c: 000000fc (lit)                 unimp  0xfc
  00004170: 00000000 [ENTRY]               unimp  0
  00004174: 000000fc (lit)                 unimp  0xfc
  00004178: 00000002                       unimp  0x2
  0000417c: 00000f7c pick                  unimp  0xf7c
  00004180: 00000af0 0<                    unimp  0xaf0
  00004184: 00000194 ?branch               unimp  0x194
  00004188: 00000014                       unimp  0x14
  0000418c: 00000f98 1+                    unimp  0xf98
  00004190: 00000eb8 2swap                 unimp  0xeb8
  00004194: 000038cc dnegate               unimp  0x38cc
  00004198: 00000eb8 2swap                 unimp  0xeb8
  0000419c: 00000da4 over                  unimp  0xda4
  000041a0: 00000af0 0<                    unimp  0xaf0
  000041a4: 00000194 ?branch               unimp  0x194
  000041a8: 00000014                       unimp  0x14
  000041ac: 00000fb0 2+                    unimp  0xfb0
  000041b0: 00000dc8 swap                  unimp  0xdc8
  000041b4: 00000688 negate                unimp  0x688
  000041b8: 00000dc8 swap                  unimp  0xdc8
  000041bc: 00000868 >r                    unimp  0x868
  000041c0: 00003edc um/mod                unimp  0x3edc
  000041c4: 0000088c r>                    unimp  0x88c
  000041c8: 000000fc (lit)                 unimp  0xfc
  000041cc: 00000001                       unimp  0x1
  000041d0: 00000370 (of)                  unimp  0x370
  000041d4: 0000001c                       unimp  0x1c
  000041d8: 00000dc8 swap                  unimp  0xdc8
  000041dc: 00000688 negate                unimp  0x688
  000041e0: 00000dc8 swap                  unimp  0xdc8
  000041e4: 00000688 negate                unimp  0x688
  000041e8: 000003bc (endof)               unimp  0x3bc
  000041ec: 00000048                       unimp  0x48
  000041f0: 000000fc (lit)                 unimp  0xfc
  000041f4: 00000002                       unimp  0x2
  000041f8: 00000370 (of)                  unimp  0x370
  000041fc: 00000010 <?>                   unimp  0x10
  00004200: 00000688 negate                unimp  0x688
  00004204: 000003bc (endof)               unimp  0x3bc
  00004208: 0000002c                       unimp  0x2c
  0000420c: 000000fc (lit)                 unimp  0xfc
  00004210: 00000003                       unimp  0x3
  00004214: 00000370 (of)                  unimp  0x370
  00004218: 00000018                       unimp  0x18
  0000421c: 00000dc8 swap                  unimp  0xdc8
  00004220: 00000688 negate                unimp  0x688
  00004224: 00000dc8 swap                  unimp  0xdc8
  00004228: 000003bc (endof)               unimp  0x3bc
  0000422c: 00000008                       unimp  0x8
  00004230: 000003e0 (endcase)             unimp  0x3e0
  00004234: 00000a20 unnest                unimp  0xa20

name=fm/mod flags=80
  00004244: 7fffef80                       call  0x44
  00004248: 8c21a004                       sub  %g6, 4, %g6
  0000424c: 00000e64 2dup                  unimp  0xe64
  00004250: 00000560 xor                   unimp  0x560
  00004254: 00000af0 0<                    unimp  0xaf0
  00004258: 00000194 ?branch               unimp  0x194
  0000425c: 00000044                       unimp  0x44
  00004260: 00000d84 dup                   unimp  0xd84
  00004264: 00000868 >r                    unimp  0x868
  00004268: 00004144 sm/rem                unimp  0x4144
  0000426c: 00000da4 over                  unimp  0xda4
  00004270: 00000194 ?branch               unimp  0x194
  00004274: 00000020                       unimp  0x20
  00004278: 00000fc8 1-                    unimp  0xfc8
  0000427c: 00000dc8 swap                  unimp  0xdc8
  00004280: 0000088c r>                    unimp  0x88c
  00004284: 00000628 +                     unimp  0x628
  00004288: 00000dc8 swap                  unimp  0xdc8
  0000428c: 00000174 branch                unimp  0x174
  00004290: 0000000c                       unimp  0xc
  00004294: 0000088c r>                    unimp  0x88c
  00004298: 00000d3c drop                  unimp  0xd3c
  0000429c: 00000a00 exit                  unimp  0xa00
  000042a0: 00004144 sm/rem                unimp  0x4144
  000042a4: 00000a20 unnest                unimp  0xa20

name=m* flags=80
  000042b0: 7fffef65                       call  0x44
  000042b4: 8c21a004                       sub  %g6, 4, %g6
  000042b8: 00000e64 2dup                  unimp  0xe64
  000042bc: 00000560 xor                   unimp  0x560
  000042c0: 00000868 >r                    unimp  0x868
  000042c4: 000006c8 abs                   unimp  0x6c8
  000042c8: 00000dc8 swap                  unimp  0xdc8
  000042cc: 000006c8 abs                   unimp  0x6c8
  000042d0: 00002de8 um*                   unimp  0x2de8
  000042d4: 0000088c r>                    unimp  0x88c
  000042d8: 00000af0 0<                    unimp  0xaf0
  000042dc: 00000194 ?branch               unimp  0x194
  000042e0: 00000008                       unimp  0x8
  000042e4: 000038cc dnegate               unimp  0x38cc
  000042e8: 00000a20 unnest                unimp  0xa20

name=*/mod flags=80
  000042f8: 7fffef53                       call  0x44
  000042fc: 8c21a004                       sub  %g6, 4, %g6
  00004300: 00000868 >r                    unimp  0x868
  00004304: 00004290 m*                    unimp  0x4290
  00004308: 0000088c r>                    unimp  0x88c
  0000430c: 00004224 fm/mod                unimp  0x4224
  00004310: 00000a20 unnest                unimp  0xa20

name=*/ flags=80
  0000431c: 7fffef4a                       call  0x44
  00004320: 8c21a004                       sub  %g6, 4, %g6
  00004324: 000042d8 */mod                 unimp  0x42d8
  00004328: 00000a64 nip                   unimp  0xa64
  0000432c: 00000a20 unnest                unimp  0xa20

name=skipwhite flags=80
  00004340: 7fffef41                       call  0x44
  00004344: 8c21a004                       sub  %g6, 4, %g6
  00004348: 00000d84 dup                   unimp  0xd84
  0000434c: 00000b38 0>                    unimp  0xb38
  00004350: 00000194 ?branch               unimp  0x194
  00004354: 00000034                       unimp  0x34
  00004358: 00000da4 over                  unimp  0xda4
  0000435c: 0000117c c@                    unimp  0x117c
  00004360: 00006080 bl                    unimp  0x6080
  00004364: 00000bac >                     unimp  0xbac
  00004368: 00000194 ?branch               unimp  0x194
  0000436c: 00000008                       unimp  0x8
  00004370: 00000a00 exit                  unimp  0xa00
  00004374: 000000fc (lit)                 unimp  0xfc
  00004378: 00000001                       unimp  0x1
  0000437c: 00005af0 /string               unimp  0x5af0
  00004380: 00000174 branch                unimp  0x174
  00004384: ffffffc4                       unknown
  00004388: 00000a20 unnest                unimp  0xa20

name=scantowhite flags=80
  0000439c: 7fffef2a                       call  0x44
  000043a0: 8c21a004                       sub  %g6, 4, %g6
  000043a4: 00000da4 over                  unimp  0xda4
  000043a8: 00000dc8 swap                  unimp  0xdc8
  000043ac: 00000d84 dup                   unimp  0xd84
  000043b0: 00000b38 0>                    unimp  0xb38
  000043b4: 00000194 ?branch               unimp  0x194
  000043b8: 00000040                       unimp  0x40
  000043bc: 00000da4 over                  unimp  0xda4
  000043c0: 0000117c c@                    unimp  0x117c
  000043c4: 00006080 bl                    unimp  0x6080
  000043c8: 00000d0c <=                    unimp  0xd0c
  000043cc: 00000194 ?branch               unimp  0x194
  000043d0: 00000014                       unimp  0x14
  000043d4: 00000d3c drop                  unimp  0xd3c
  000043d8: 00000d84 dup                   unimp  0xd84
  000043dc: 00000f98 1+                    unimp  0xf98
  000043e0: 00000a00 exit                  unimp  0xa00
  000043e4: 000000fc (lit)                 unimp  0xfc
  000043e8: 00000001                       unimp  0x1
  000043ec: 00005af0 /string               unimp  0x5af0
  000043f0: 00000174 branch                unimp  0x174
  000043f4: ffffffb8                       unknown
  000043f8: 00000d3c drop                  unimp  0xd3c
  000043fc: 00000d84 dup                   unimp  0xd84
  00004400: 00000a20 unnest                unimp  0xa20

name=skipchar flags=80
  00004414: 7fffef0c                       call  0x44
  00004418: 8c21a004                       sub  %g6, 4, %g6
  0000441c: 00000868 >r                    unimp  0x868
  00004420: 00000d84 dup                   unimp  0xd84
  00004424: 00000b38 0>                    unimp  0xb38
  00004428: 00000194 ?branch               unimp  0x194
  0000442c: 0000003c                       unimp  0x3c
  00004430: 00000da4 over                  unimp  0xda4
  00004434: 0000117c c@                    unimp  0x117c
  00004438: 000008b0 r@                    unimp  0x8b0
  0000443c: 00000c04 <>                    unimp  0xc04
  00004440: 00000194 ?branch               unimp  0x194
  00004444: 00000010 <?>                   unimp  0x10
  00004448: 0000088c r>                    unimp  0x88c
  0000444c: 00000d3c drop                  unimp  0xd3c
  00004450: 00000a00 exit                  unimp  0xa00
  00004454: 000000fc (lit)                 unimp  0xfc
  00004458: 00000001                       unimp  0x1
  0000445c: 00005af0 /string               unimp  0x5af0
  00004460: 00000174 branch                unimp  0x174
  00004464: ffffffbc                       unknown
  00004468: 0000088c r>                    unimp  0x88c
  0000446c: 00000d3c drop                  unimp  0xd3c
  00004470: 00000a20 unnest                unimp  0xa20

name=scantochar flags=80
  00004484: 7fffeef0                       call  0x44
  00004488: 8c21a004                       sub  %g6, 4, %g6
  0000448c: 00000868 >r                    unimp  0x868
  00004490: 00000da4 over                  unimp  0xda4
  00004494: 00000dc8 swap                  unimp  0xdc8
  00004498: 00000d84 dup                   unimp  0xd84
  0000449c: 00000b38 0>                    unimp  0xb38
  000044a0: 00000194 ?branch               unimp  0x194
  000044a4: 00000044                       unimp  0x44
  000044a8: 00000da4 over                  unimp  0xda4
  000044ac: 0000117c c@                    unimp  0x117c
  000044b0: 000008b0 r@                    unimp  0x8b0
  000044b4: 00000bd8 =                     unimp  0xbd8
  000044b8: 00000194 ?branch               unimp  0x194
  000044bc: 00000018                       unimp  0x18
  000044c0: 0000088c r>                    unimp  0x88c
  000044c4: 00000e40 2drop                 unimp  0xe40
  000044c8: 00000d84 dup                   unimp  0xd84
  000044cc: 00000f98 1+                    unimp  0xf98
  000044d0: 00000a00 exit                  unimp  0xa00
  000044d4: 000000fc (lit)                 unimp  0xfc
  000044d8: 00000001                       unimp  0x1
  000044dc: 00005af0 /string               unimp  0x5af0
  000044e0: 00000174 branch                unimp  0x174
  000044e4: ffffffb4                       unknown
  000044e8: 0000088c r>                    unimp  0x88c
  000044ec: 00000e40 2drop                 unimp  0xe40
  000044f0: 00000d84 dup                   unimp  0xd84
  000044f4: 00000a20 unnest                unimp  0xa20

name=(type flags=80
  00004504: 7fffeeeb                       call  0xb0
  00004508: e003e008                       ld  [ %o7 + 8 ], %l0
  0000450c: 0000002c                       DEFER 0x2c

name=type flags=80
  0000451c: 7fffeee5                       call  0xb0
  00004520: e003e008                       ld  [ %o7 + 8 ], %l0
  00004524: 00000030                       DEFER 0x30

name=(emit flags=80
  00004534: 7fffeedf                       call  0xb0
  00004538: e003e008                       ld  [ %o7 + 8 ], %l0
  0000453c: 00000034                       DEFER 0x34

name=emit flags=80
  0000454c: 7fffeed9                       call  0xb0
  00004550: e003e008                       ld  [ %o7 + 8 ], %l0
  00004554: 00000038 <NULLSUB>             DEFER 0x38

name=(key flags=80
  00004564: 7fffeed3                       call  0xb0
  00004568: e003e008                       ld  [ %o7 + 8 ], %l0
  0000456c: 0000003c                       DEFER 0x3c

name=key flags=80
  00004578: 7fffeece                       call  0xb0
  0000457c: e003e008                       ld  [ %o7 + 8 ], %l0
  00004580: 00000040                       DEFER 0x40

name=key? flags=80
  00004590: 7fffeec8                       call  0xb0
  00004594: e003e008                       ld  [ %o7 + 8 ], %l0
  00004598: 00000044                       DEFER 0x44

name=bye flags=80
  000045a4: 7fffeec3                       call  0xb0
  000045a8: e003e008                       ld  [ %o7 + 8 ], %l0
  000045ac: 00000048                       DEFER 0x48

name=error-exit flags=80
  000045c0: 7fffeebc                       call  0xb0
  000045c4: e003e008                       ld  [ %o7 + 8 ], %l0
  000045c8: 0000004c <VARIABLE>            DEFER 0x4c

name=(interactive? flags=80
  000045e0: 7fffeeb4                       call  0xb0
  000045e4: e003e008                       ld  [ %o7 + 8 ], %l0
  000045e8: 00000050                       DEFER 0x50

name=interactive? flags=80
  00004600: 7fffeeac                       call  0xb0
  00004604: e003e008                       ld  [ %o7 + 8 ], %l0
  00004608: 00000054                       DEFER 0x54

name=accept flags=80
  00004618: 7fffeea6                       call  0xb0
  0000461c: e003e008                       ld  [ %o7 + 8 ], %l0
  00004620: 00000058                       DEFER 0x58

name=alloc-mem flags=80
  00004634: 7fffee9f                       call  0xb0
  00004638: e003e008                       ld  [ %o7 + 8 ], %l0
  0000463c: 0000005c                       DEFER 0x5c

name=free-mem flags=80
  00004650: 7fffee98                       call  0xb0
  00004654: e003e008                       ld  [ %o7 + 8 ], %l0
  00004658: 00000060 <USER>                DEFER 0x60

name=resize flags=80
  00004668: 7fffee92                       call  0xb0
  0000466c: e003e008                       ld  [ %o7 + 8 ], %l0
  00004670: 00000064                       DEFER 0x64

name=sync-cache flags=80
  00004684: 7fffee8b                       call  0xb0
  00004688: e003e008                       ld  [ %o7 + 8 ], %l0
  0000468c: 00000068                       DEFER 0x68

name=$getenv flags=80
  0000469c: 7fffee85                       call  0xb0
  000046a0: e003e008                       ld  [ %o7 + 8 ], %l0
  000046a4: 0000006c                       DEFER 0x6c

name=#out flags=80
  000046b4: 7fffee7f                       call  0xb0
  000046b8: e003e008                       ld  [ %o7 + 8 ], %l0
  000046bc: 00000070                       DEFER 0x70

name=#line flags=80
  000046cc: 7fffee79                       call  0xb0
  000046d0: e003e008                       ld  [ %o7 + 8 ], %l0
  000046d4: 00000074                       DEFER 0x74

name=cr flags=80
  000046e0: 7fffee74                       call  0xb0
  000046e4: e003e008                       ld  [ %o7 + 8 ], %l0
  000046e8: 00000078 <VALUE>               DEFER 0x78

name=key1 flags=80
  000046f8: 7fffee53                       call  0x44
  000046fc: 8c21a004                       sub  %g6, 4, %g6
  00004700: 0000b5cc pause                 unimp  0xb5cc
  00004704: 00004570 key?                  unimp  0x4570
  00004708: 00000194 ?branch               unimp  0x194
  0000470c: fffffff4                       unknown
  00004710: 00004544 (key                  unimp  0x4544
  00004714: 00000a20 unnest                unimp  0xa20

name=emit1 flags=80
  00004724: 7fffee48                       call  0x44
  00004728: 8c21a004                       sub  %g6, 4, %g6
  0000472c: 0000b5cc pause                 unimp  0xb5cc
  00004730: 00004514 (emit                 unimp  0x4514
  00004734: 000000fc (lit)                 unimp  0xfc
  00004738: 00000001                       unimp  0x1
  0000473c: 00004694 #out                  unimp  0x4694
  00004740: 000010b4 +!                    unimp  0x10b4
  00004744: 00000a20 unnest                unimp  0xa20

name=type1 flags=80
  00004754: 7fffee3c                       call  0x44
  00004758: 8c21a004                       sub  %g6, 4, %g6
  0000475c: 0000b5cc pause                 unimp  0xb5cc
  00004760: 00000d84 dup                   unimp  0xd84
  00004764: 00004694 #out                  unimp  0x4694
  00004768: 000010b4 +!                    unimp  0x10b4
  0000476c: 000044e4 (type                 unimp  0x44e4
  00004770: 00000a20 unnest                unimp  0xa20

name=default-type flags=80
  00004788: 7fffee2f                       call  0x44
  0000478c: 8c21a004                       sub  %g6, 4, %g6
  00004790: 000000fc (lit)                 unimp  0xfc
  00004794: 00000000 [ENTRY]               unimp  0
  00004798: 0000071c max                   unimp  0x71c
  0000479c: 00006098 bounds                unimp  0x6098
  000047a0: 00000278 (?do)                 unimp  0x278
  000047a4: 0000001c                       unimp  0x1c
  000047a8: 0000b5cc pause                 unimp  0xb5cc
  000047ac: 000002ac i                     unimp  0x2ac
  000047b0: 0000117c c@                    unimp  0x117c
  000047b4: 00004514 (emit                 unimp  0x4514
  000047b8: 000001c0 (loop)                unimp  0x1c0
  000047bc: ffffffec                       unknown
  000047c0: 00000a20 unnest                unimp  0xa20

name=null-$getenv flags=80
  000047d8: 7fffee1b                       call  0x44
  000047dc: 8c21a004                       sub  %g6, 4, %g6
  000047e0: 00000e40 2drop                 unimp  0xe40
  000047e4: 00006054 true                  unimp  0x6054
  000047e8: 00000a20 unnest                unimp  0xa20

name=(#out flags=80
  000047f8: 7fffee22                       call  0x80
  000047fc: 8e21e004                       sub  %g7, 4, %g7
  00004800: 0000007c                       USER 0x7c

name=(#line flags=80
  00004810: 7fffee1c                       call  0x80
  00004814: 8e21e004                       sub  %g7, 4, %g7
  00004818: 00000080                       USER 0x80

name=bell flags=80
  00004828: 7fffee25                       call  0xbc
  0000482c: 8e21e004                       sub  %g7, 4, %g7
  00004830: 00000007                       CONSTANT 0x7

name=bs flags=80
  0000483c: 7fffee20                       call  0xbc
  00004840: 8e21e004                       sub  %g7, 4, %g7
  00004844: 00000008                       CONSTANT 0x8

name=linefeed flags=80
  00004858: 7fffee19                       call  0xbc
  0000485c: 8e21e004                       sub  %g7, 4, %g7
  00004860: 0000000a                       CONSTANT 0xa

name=carret flags=80
  00004870: 7fffee13                       call  0xbc
  00004874: 8e21e004                       sub  %g7, 4, %g7
  00004878: 0000000d                       CONSTANT 0xd

name=span flags=80
  00004888: 7fffedfe                       call  0x80
  0000488c: 8e21e004                       sub  %g7, 4, %g7
  00004890: 00000084                       USER 0x84

name=expect flags=80
  000048a0: 7fffede9                       call  0x44
  000048a4: 8c21a004                       sub  %g6, 4, %g6
  000048a8: 000045f8 accept                unimp  0x45f8
  000048ac: 00004868 span                  unimp  0x4868
  000048b0: 00001290 !                     unimp  0x1290
  000048b4: 00000a20 unnest                unimp  0xa20

name=newline-pstring flags=80
  000048cc: 7fffedf9                       call  0xb0
  000048d0: e003e008                       ld  [ %o7 + 8 ], %l0
  000048d4: 00000088                       DEFER 0x88

name=newline-string flags=80
  000048ec: 7fffedd6                       call  0x44
  000048f0: 8c21a004                       sub  %g6, 4, %g6
  000048f4: 000048ac newline-pstring       unimp  0x48ac
  000048f8: 00001d00 count                 unimp  0x1d00
  000048fc: 00000a20 unnest                unimp  0xa20

name=newline flags=80
  0000490c: 7fffedce                       call  0x44
  00004910: 8c21a004                       sub  %g6, 4, %g6
  00004914: 000048cc newline-string        unimp  0x48cc
  00004918: 00000628 +                     unimp  0x628
  0000491c: 00000fc8 1-                    unimp  0xfc8
  00004920: 0000117c c@                    unimp  0x117c
  00004924: 00000a20 unnest                unimp  0xa20

name=space flags=80
  00004934: 7fffedc4                       call  0x44
  00004938: 8c21a004                       sub  %g6, 4, %g6
  0000493c: 00006080 bl                    unimp  0x6080
  00004940: 0000452c emit                  unimp  0x452c
  00004944: 00000a20 unnest                unimp  0xa20

name=spaces flags=80
  00004954: 7fffedbc                       call  0x44
  00004958: 8c21a004                       sub  %g6, 4, %g6
  0000495c: 000000fc (lit)                 unimp  0xfc
  00004960: 00000000 [ENTRY]               unimp  0
  00004964: 0000071c max                   unimp  0x71c
  00004968: 000000fc (lit)                 unimp  0xfc
  0000496c: 00000000 [ENTRY]               unimp  0
  00004970: 00000278 (?do)                 unimp  0x278
  00004974: 00000010 <?>                   unimp  0x10
  00004978: 00004914 space                 unimp  0x4914
  0000497c: 000001c0 (loop)                unimp  0x1c0
  00004980: fffffff8                       unknown
  00004984: 00000a20 unnest                unimp  0xa20

name=backspaces flags=80
  00004998: 7fffedab                       call  0x44
  0000499c: 8c21a004                       sub  %g6, 4, %g6
  000049a0: 00000d84 dup                   unimp  0xd84
  000049a4: 00000688 negate                unimp  0x688
  000049a8: 00004694 #out                  unimp  0x4694
  000049ac: 000010b4 +!                    unimp  0x10b4
  000049b0: 000000fc (lit)                 unimp  0xfc
  000049b4: 00000000 [ENTRY]               unimp  0
  000049b8: 00000278 (?do)                 unimp  0x278
  000049bc: 00000014                       unimp  0x14
  000049c0: 0000481c bs                    unimp  0x481c
  000049c4: 00004514 (emit                 unimp  0x4514
  000049c8: 000001c0 (loop)                unimp  0x1c0
  000049cc: fffffff4                       unknown
  000049d0: 00000a20 unnest                unimp  0xa20

name=beep flags=80
  000049e0: 7fffed99                       call  0x44
  000049e4: 8c21a004                       sub  %g6, 4, %g6
  000049e8: 00004808 bell                  unimp  0x4808
  000049ec: 00004514 (emit                 unimp  0x4514
  000049f0: 00000a20 unnest                unimp  0xa20

name=(lf flags=80
  000049fc: 7fffed92                       call  0x44
  00004a00: 8c21a004                       sub  %g6, 4, %g6
  00004a04: 000000fc (lit)                 unimp  0xfc
  00004a08: 00000001                       unimp  0x1
  00004a0c: 000046ac #line                 unimp  0x46ac
  00004a10: 000010b4 +!                    unimp  0x10b4
  00004a14: 00004838 linefeed              unimp  0x4838
  00004a18: 00004514 (emit                 unimp  0x4514
  00004a1c: 00000a20 unnest                unimp  0xa20

name=(cr flags=80
  00004a28: 7fffed87                       call  0x44
  00004a2c: 8c21a004                       sub  %g6, 4, %g6
  00004a30: 00004850 carret                unimp  0x4850
  00004a34: 00004514 (emit                 unimp  0x4514
  00004a38: 00000a20 unnest                unimp  0xa20

name=lf flags=80
  00004a44: 7fffed80                       call  0x44
  00004a48: 8c21a004                       sub  %g6, 4, %g6
  00004a4c: 00004694 #out                  unimp  0x4694
  00004a50: 00001094 off                   unimp  0x1094
  00004a54: 000049dc (lf                   unimp  0x49dc
  00004a58: 00000a20 unnest                unimp  0xa20

name=crlf flags=80
  00004a68: 7fffed77                       call  0x44
  00004a6c: 8c21a004                       sub  %g6, 4, %g6
  00004a70: 00004a08 (cr                   unimp  0x4a08
  00004a74: 00004a24 lf                    unimp  0x4a24
  00004a78: 00000a20 unnest                unimp  0xa20

name=tib flags=80
  00004a84: 7fffed85                       call  0x98
  00004a88: 8e21e004                       sub  %g7, 4, %g7
  00004a8c: 0000008c                       VALUE 0x8c

name=#-buf flags=80
  00004a9c: 7fffed7f                       call  0x98
  00004aa0: 8e21e004                       sub  %g7, 4, %g7
  00004aa4: 00000090 <DEFER>               VALUE 0x90

name=init flags=80
  00004ab4: 7fffed64                       call  0x44
  00004ab8: 8c21a004                       sub  %g6, 4, %g6
  00004abc: 00002dc8 init                  unimp  0x2dc8
  00004ac0: 000000fc (lit)                 unimp  0xfc
  00004ac4: 00000048                       unimp  0x48
  00004ac8: 00000d84 dup                   unimp  0xd84
  00004acc: 00004614 alloc-mem             unimp  0x4614
  00004ad0: 00000628 +                     unimp  0x628
  00004ad4: 0000a3c0 (is)                  unimp  0xa3c0
  00004ad8: 00004a7c #-buf                 unimp  0x4a7c
  00004adc: 0000c8f8 /tib                  unimp  0xc8f8
  00004ae0: 00004614 alloc-mem             unimp  0x4614
  00004ae4: 0000a3c0 (is)                  unimp  0xa3c0
  00004ae8: 00004a64 tib                   unimp  0x4a64
  00004aec: 00000a20 unnest                unimp  0xa20

name=base flags=80
  00004afc: 7fffed61                       call  0x80
  00004b00: 8e21e004                       sub  %g7, 4, %g7
  00004b04: 00000094                       USER 0x94

name=hld flags=80
  00004b10: 7fffed5c                       call  0x80
  00004b14: 8e21e004                       sub  %g7, 4, %g7
  00004b18: 00000098                       USER 0x98

name=hold flags=80
  00004b28: 7fffed47                       call  0x44
  00004b2c: 8c21a004                       sub  %g6, 4, %g6
  00004b30: 000000fc (lit)                 unimp  0xfc
  00004b34: ffffffff                       unknown
  00004b38: 00004af0 hld                   unimp  0x4af0
  00004b3c: 000010b4 +!                    unimp  0x10b4
  00004b40: 00004af0 hld                   unimp  0x4af0
  00004b44: 000010e0 @                     unimp  0x10e0
  00004b48: 00001424 c!                    unimp  0x1424
  00004b4c: 00000a20 unnest                unimp  0xa20

name=<# flags=80
  00004b58: 7fffed3b                       call  0x44
  00004b5c: 8c21a004                       sub  %g6, 4, %g6
  00004b60: 00004a7c #-buf                 unimp  0x4a7c
  00004b64: 00004af0 hld                   unimp  0x4af0
  00004b68: 00001290 !                     unimp  0x1290
  00004b6c: 00000a20 unnest                unimp  0xa20

name=sign flags=80
  00004b7c: 7fffed32                       call  0x44
  00004b80: 8c21a004                       sub  %g6, 4, %g6
  00004b84: 00000af0 0<                    unimp  0xaf0
  00004b88: 00000194 ?branch               unimp  0x194
  00004b8c: 00000010 <?>                   unimp  0x10
  00004b90: 000000fc (lit)                 unimp  0xfc
  00004b94: 0000002d                       unimp  0x2d
  00004b98: 00004b08 hold                  unimp  0x4b08
  00004b9c: 00000a20 unnest                unimp  0xa20

name=>digit flags=80
  00004bac: 7fffed26                       call  0x44
  00004bb0: 8c21a004                       sub  %g6, 4, %g6
  00004bb4: 00000d84 dup                   unimp  0xd84
  00004bb8: 000000fc (lit)                 unimp  0xfc
  00004bbc: 00000009                       unimp  0x9
  00004bc0: 00000bac >                     unimp  0xbac
  00004bc4: 00000194 ?branch               unimp  0x194
  00004bc8: 00000010 <?>                   unimp  0x10
  00004bcc: 000000fc (lit)                 unimp  0xfc
  00004bd0: 00000027                       unimp  0x27
  00004bd4: 00000628 +                     unimp  0x628
  00004bd8: 000000fc (lit)                 unimp  0xfc
  00004bdc: 00000030                       unimp  0x30
  00004be0: 00000628 +                     unimp  0x628
  00004be4: 00000a20 unnest                unimp  0xa20

name=u# flags=80
  00004bf0: 7fffed15                       call  0x44
  00004bf4: 8c21a004                       sub  %g6, 4, %g6
  00004bf8: 00004adc base                  unimp  0x4adc
  00004bfc: 000010e0 @                     unimp  0x10e0
  00004c00: 00002908 u/mod                 unimp  0x2908
  00004c04: 00000dc8 swap                  unimp  0xdc8
  00004c08: 00004b8c >digit                unimp  0x4b8c
  00004c0c: 00004b08 hold                  unimp  0x4b08
  00004c10: 00000a20 unnest                unimp  0xa20

name=u#s flags=80
  00004c1c: 7fffed0a                       call  0x44
  00004c20: 8c21a004                       sub  %g6, 4, %g6
  00004c24: 00004bd0 u#                    unimp  0x4bd0
  00004c28: 00000d84 dup                   unimp  0xd84
  00004c2c: 00000aa8 0=                    unimp  0xaa8
  00004c30: 00000194 ?branch               unimp  0x194
  00004c34: fffffff0                       unknown
  00004c38: 00000a20 unnest                unimp  0xa20

name=u#> flags=80
  00004c44: 7fffed00                       call  0x44
  00004c48: 8c21a004                       sub  %g6, 4, %g6
  00004c4c: 00000d3c drop                  unimp  0xd3c
  00004c50: 00004af0 hld                   unimp  0x4af0
  00004c54: 000010e0 @                     unimp  0x10e0
  00004c58: 00004a7c #-buf                 unimp  0x4a7c
  00004c5c: 00000da4 over                  unimp  0xda4
  00004c60: 00000648 -                     unimp  0x648
  00004c64: 00000a20 unnest                unimp  0xa20

name=mu/mod flags=80
  00004c74: 7fffecf4                       call  0x44
  00004c78: 8c21a004                       sub  %g6, 4, %g6
  00004c7c: 00000868 >r                    unimp  0x868
  00004c80: 000000fc (lit)                 unimp  0xfc
  00004c84: 00000000 [ENTRY]               unimp  0
  00004c88: 000008b0 r@                    unimp  0x8b0
  00004c8c: 00003edc um/mod                unimp  0x3edc
  00004c90: 0000088c r>                    unimp  0x88c
  00004c94: 00000dc8 swap                  unimp  0xdc8
  00004c98: 00000868 >r                    unimp  0x868
  00004c9c: 00003edc um/mod                unimp  0x3edc
  00004ca0: 0000088c r>                    unimp  0x88c
  00004ca4: 00000a20 unnest                unimp  0xa20

name=# flags=80
  00004cb0: 7fffece5                       call  0x44
  00004cb4: 8c21a004                       sub  %g6, 4, %g6
  00004cb8: 00004adc base                  unimp  0x4adc
  00004cbc: 000010e0 @                     unimp  0x10e0
  00004cc0: 00004c54 mu/mod                unimp  0x4c54
  00004cc4: 00000de8 rot                   unimp  0xde8
  00004cc8: 00004b8c >digit                unimp  0x4b8c
  00004ccc: 00004b08 hold                  unimp  0x4b08
  00004cd0: 00000a20 unnest                unimp  0xa20

name=#s flags=80
  00004cdc: 7fffecda                       call  0x44
  00004ce0: 8c21a004                       sub  %g6, 4, %g6
  00004ce4: 00004c90 #                     unimp  0x4c90
  00004ce8: 00000e64 2dup                  unimp  0xe64
  00004cec: 00000540 or                    unimp  0x540
  00004cf0: 00000aa8 0=                    unimp  0xaa8
  00004cf4: 00000194 ?branch               unimp  0x194
  00004cf8: ffffffec                       unknown
  00004cfc: 00000a20 unnest                unimp  0xa20

name=#> flags=80
  00004d08: 7fffeccf                       call  0x44
  00004d0c: 8c21a004                       sub  %g6, 4, %g6
  00004d10: 00000d3c drop                  unimp  0xd3c
  00004d14: 00004c24 u#>                   unimp  0x4c24
  00004d18: 00000a20 unnest                unimp  0xa20

name=(u.) flags=80
  00004d28: 7fffecc7                       call  0x44
  00004d2c: 8c21a004                       sub  %g6, 4, %g6
  00004d30: 00004b38 <#                    unimp  0x4b38
  00004d34: 00004bfc u#s                   unimp  0x4bfc
  00004d38: 00004c24 u#>                   unimp  0x4c24
  00004d3c: 00000a20 unnest                unimp  0xa20

name=u. flags=80
  00004d48: 7fffecbf                       call  0x44
  00004d4c: 8c21a004                       sub  %g6, 4, %g6
  00004d50: 00004d08 (u.)                  unimp  0x4d08
  00004d54: 000044fc type                  unimp  0x44fc
  00004d58: 00004914 space                 unimp  0x4914
  00004d5c: 00000a20 unnest                unimp  0xa20

name=u.r flags=80
  00004d68: 7fffecb7                       call  0x44
  00004d6c: 8c21a004                       sub  %g6, 4, %g6
  00004d70: 00000868 >r                    unimp  0x868
  00004d74: 00004d08 (u.)                  unimp  0x4d08
  00004d78: 0000088c r>                    unimp  0x88c
  00004d7c: 00000da4 over                  unimp  0xda4
  00004d80: 00000648 -                     unimp  0x648
  00004d84: 00004934 spaces                unimp  0x4934
  00004d88: 000044fc type                  unimp  0x44fc
  00004d8c: 00000a20 unnest                unimp  0xa20

name=(.) flags=80
  00004d98: 7fffecab                       call  0x44
  00004d9c: 8c21a004                       sub  %g6, 4, %g6
  00004da0: 00000d84 dup                   unimp  0xd84
  00004da4: 000006c8 abs                   unimp  0x6c8
  00004da8: 00004b38 <#                    unimp  0x4b38
  00004dac: 00004bfc u#s                   unimp  0x4bfc
  00004db0: 00000dc8 swap                  unimp  0xdc8
  00004db4: 00004b5c sign                  unimp  0x4b5c
  00004db8: 00004c24 u#>                   unimp  0x4c24
  00004dbc: 00000a20 unnest                unimp  0xa20

name=s. flags=80
  00004dc8: 7fffec9f                       call  0x44
  00004dcc: 8c21a004                       sub  %g6, 4, %g6
  00004dd0: 00004d78 (.)                   unimp  0x4d78
  00004dd4: 000044fc type                  unimp  0x44fc
  00004dd8: 00004914 space                 unimp  0x4914
  00004ddc: 00000a20 unnest                unimp  0xa20

name=.r flags=80
  00004de8: 7fffec97                       call  0x44
  00004dec: 8c21a004                       sub  %g6, 4, %g6
  00004df0: 00000868 >r                    unimp  0x868
  00004df4: 00004d78 (.)                   unimp  0x4d78
  00004df8: 0000088c r>                    unimp  0x88c
  00004dfc: 00000da4 over                  unimp  0xda4
  00004e00: 00000648 -                     unimp  0x648
  00004e04: 00004934 spaces                unimp  0x4934
  00004e08: 000044fc type                  unimp  0x44fc
  00004e0c: 00000a20 unnest                unimp  0xa20

name=0.r flags=80
  00004e18: 7fffec8b                       call  0x44
  00004e1c: 8c21a004                       sub  %g6, 4, %g6
  00004e20: 00000868 >r                    unimp  0x868
  00004e24: 00004d08 (u.)                  unimp  0x4d08
  00004e28: 0000088c r>                    unimp  0x88c
  00004e2c: 00000da4 over                  unimp  0xda4
  00004e30: 00000648 -                     unimp  0x648
  00004e34: 000000fc (lit)                 unimp  0xfc
  00004e38: 00000000 [ENTRY]               unimp  0
  00004e3c: 0000071c max                   unimp  0x71c
  00004e40: 000000fc (lit)                 unimp  0xfc
  00004e44: 00000000 [ENTRY]               unimp  0
  00004e48: 00000278 (?do)                 unimp  0x278
  00004e4c: 00000018                       unimp  0x18
  00004e50: 000000fc (lit)                 unimp  0xfc
  00004e54: 00000030                       unimp  0x30
  00004e58: 0000452c emit                  unimp  0x452c
  00004e5c: 000001c0 (loop)                unimp  0x1c0
  00004e60: fffffff0                       unknown
  00004e64: 000044fc type                  unimp  0x44fc
  00004e68: 00000a20 unnest                unimp  0xa20

name=(.2) flags=80
  00004e78: 7fffec73                       call  0x44
  00004e7c: 8c21a004                       sub  %g6, 4, %g6
  00004e80: 00004b38 <#                    unimp  0x4b38
  00004e84: 00004bd0 u#                    unimp  0x4bd0
  00004e88: 00004bd0 u#                    unimp  0x4bd0
  00004e8c: 00004c24 u#>                   unimp  0x4c24
  00004e90: 00000a20 unnest                unimp  0xa20

name=(.4) flags=80
  00004ea0: 7fffec69                       call  0x44
  00004ea4: 8c21a004                       sub  %g6, 4, %g6
  00004ea8: 00004b38 <#                    unimp  0x4b38
  00004eac: 00004bd0 u#                    unimp  0x4bd0
  00004eb0: 00004bd0 u#                    unimp  0x4bd0
  00004eb4: 00004bd0 u#                    unimp  0x4bd0
  00004eb8: 00004bd0 u#                    unimp  0x4bd0
  00004ebc: 00004c24 u#>                   unimp  0x4c24
  00004ec0: 00000a20 unnest                unimp  0xa20

name=(.8) flags=80
  00004ed0: 7fffec5d                       call  0x44
  00004ed4: 8c21a004                       sub  %g6, 4, %g6
  00004ed8: 00004b38 <#                    unimp  0x4b38
  00004edc: 00004bd0 u#                    unimp  0x4bd0
  00004ee0: 00004bd0 u#                    unimp  0x4bd0
  00004ee4: 00004bd0 u#                    unimp  0x4bd0
  00004ee8: 00004bd0 u#                    unimp  0x4bd0
  00004eec: 00004bd0 u#                    unimp  0x4bd0
  00004ef0: 00004bd0 u#                    unimp  0x4bd0
  00004ef4: 00004bd0 u#                    unimp  0x4bd0
  00004ef8: 00004bd0 u#                    unimp  0x4bd0
  00004efc: 00004c24 u#>                   unimp  0x4c24
  00004f00: 00000a20 unnest                unimp  0xa20

name=.2 flags=80
  00004f0c: 7fffec4e                       call  0x44
  00004f10: 8c21a004                       sub  %g6, 4, %g6
  00004f14: 00004e58 (.2)                  unimp  0x4e58
  00004f18: 000044fc type                  unimp  0x44fc
  00004f1c: 00004914 space                 unimp  0x4914
  00004f20: 00000a20 unnest                unimp  0xa20

name=(ul.) flags=80
  00004f30: 7fffec45                       call  0x44
  00004f34: 8c21a004                       sub  %g6, 4, %g6
  00004f38: 00001704 n->l                  unimp  0x1704
  00004f3c: 00004b38 <#                    unimp  0x4b38
  00004f40: 00004bfc u#s                   unimp  0x4bfc
  00004f44: 00004c24 u#>                   unimp  0x4c24
  00004f48: 00000a20 unnest                unimp  0xa20

name=ul. flags=80
  00004f54: 7fffec3c                       call  0x44
  00004f58: 8c21a004                       sub  %g6, 4, %g6
  00004f5c: 00004f10 (ul.)                 unimp  0x4f10
  00004f60: 000044fc type                  unimp  0x44fc
  00004f64: 00004914 space                 unimp  0x4914
  00004f68: 00000a20 unnest                unimp  0xa20

name=ul.r flags=80
  00004f78: 7fffec33                       call  0x44
  00004f7c: 8c21a004                       sub  %g6, 4, %g6
  00004f80: 00000868 >r                    unimp  0x868
  00004f84: 00004f10 (ul.)                 unimp  0x4f10
  00004f88: 0000088c r>                    unimp  0x88c
  00004f8c: 00000da4 over                  unimp  0xda4
  00004f90: 00000648 -                     unimp  0x648
  00004f94: 00004934 spaces                unimp  0x4934
  00004f98: 000044fc type                  unimp  0x44fc
  00004f9c: 00000a20 unnest                unimp  0xa20

name=(l.) flags=80
  00004fac: 7fffec26                       call  0x44
  00004fb0: 8c21a004                       sub  %g6, 4, %g6
  00004fb4: 00000d84 dup                   unimp  0xd84
  00004fb8: 00003454 l->n                  unimp  0x3454
  00004fbc: 00007e90 lnswap                unimp  0x7e90
  00004fc0: 00007fa0 labs                  unimp  0x7fa0
  00004fc4: 00004b38 <#                    unimp  0x4b38
  00004fc8: 00004bfc u#s                   unimp  0x4bfc
  00004fcc: 00007ee0 nlswap                unimp  0x7ee0
  00004fd0: 00004b5c sign                  unimp  0x4b5c
  00004fd4: 00004c24 u#>                   unimp  0x4c24
  00004fd8: 00000a20 unnest                unimp  0xa20

name=l. flags=80
  00004fe4: 7fffec18                       call  0x44
  00004fe8: 8c21a004                       sub  %g6, 4, %g6
  00004fec: 00004adc base                  unimp  0x4adc
  00004ff0: 000010e0 @                     unimp  0x10e0
  00004ff4: 000000fc (lit)                 unimp  0xfc
  00004ff8: 0000000a                       unimp  0xa
  00004ffc: 00000bd8 =                     unimp  0xbd8
  00005000: 00000194 ?branch               unimp  0x194
  00005004: 00000010 <?>                   unimp  0x10
  00005008: 00004f8c (l.)                  unimp  0x4f8c
  0000500c: 00000174 branch                unimp  0x174
  00005010: 00000008                       unimp  0x8
  00005014: 00004f10 (ul.)                 unimp  0x4f10
  00005018: 000044fc type                  unimp  0x44fc
  0000501c: 00004914 space                 unimp  0x4914
  00005020: 00000a20 unnest                unimp  0xa20

name=l.r flags=80
  0000502c: 7fffec06                       call  0x44
  00005030: 8c21a004                       sub  %g6, 4, %g6
  00005034: 00000868 >r                    unimp  0x868
  00005038: 00004f8c (l.)                  unimp  0x4f8c
  0000503c: 0000088c r>                    unimp  0x88c
  00005040: 00000da4 over                  unimp  0xda4
  00005044: 00000648 -                     unimp  0x648
  00005048: 00004934 spaces                unimp  0x4934
  0000504c: 000044fc type                  unimp  0x44fc
  00005050: 00000a20 unnest                unimp  0xa20

name=. flags=80
  0000505c: 7fffebfa                       call  0x44
  00005060: 8c21a004                       sub  %g6, 4, %g6
  00005064: 00004adc base                  unimp  0x4adc
  00005068: 000010e0 @                     unimp  0x10e0
  0000506c: 000000fc (lit)                 unimp  0xfc
  00005070: 0000000a                       unimp  0xa
  00005074: 00000bd8 =                     unimp  0xbd8
  00005078: 00000194 ?branch               unimp  0x194
  0000507c: 00000010 <?>                   unimp  0x10
  00005080: 00004da8 s.                    unimp  0x4da8
  00005084: 00000174 branch                unimp  0x174
  00005088: 00000008                       unimp  0x8
  0000508c: 00004d28 u.                    unimp  0x4d28
  00005090: 00000a20 unnest                unimp  0xa20

name=n. flags=80
  0000509c: 7fffebea                       call  0x44
  000050a0: 8c21a004                       sub  %g6, 4, %g6
  000050a4: 00004adc base                  unimp  0x4adc
  000050a8: 000010e0 @                     unimp  0x10e0
  000050ac: 000000fc (lit)                 unimp  0xfc
  000050b0: 0000000a                       unimp  0xa
  000050b4: 00000bd8 =                     unimp  0xbd8
  000050b8: 00000194 ?branch               unimp  0x194
  000050bc: 00000010 <?>                   unimp  0x10
  000050c0: 00004da8 s.                    unimp  0x4da8
  000050c4: 00000174 branch                unimp  0x174
  000050c8: 00000008                       unimp  0x8
  000050cc: 00004d28 u.                    unimp  0x4d28
  000050d0: 00000a20 unnest                unimp  0xa20

name=? flags=80
  000050dc: 7fffebda                       call  0x44
  000050e0: 8c21a004                       sub  %g6, 4, %g6
  000050e4: 000010e0 @                     unimp  0x10e0
  000050e8: 0000507c n.                    unimp  0x507c
  000050ec: 00000a20 unnest                unimp  0xa20

name=(.s flags=80
  000050f8: 7fffebd3                       call  0x44
  000050fc: 8c21a004                       sub  %g6, 4, %g6
  00005100: 000061c8 depth                 unimp  0x61c8
  00005104: 000000fc (lit)                 unimp  0xfc
  00005108: 00000000 [ENTRY]               unimp  0
  0000510c: 00000278 (?do)                 unimp  0x278
  00005110: 00000024 <INTERPRET>           unimp  0x24
  00005114: 000061c8 depth                 unimp  0x61c8
  00005118: 000002ac i                     unimp  0x2ac
  0000511c: 00000648 -                     unimp  0x648
  00005120: 00000fc8 1-                    unimp  0xfc8
  00005124: 00000f7c pick                  unimp  0xf7c
  00005128: 0000507c n.                    unimp  0x507c
  0000512c: 000001c0 (loop)                unimp  0x1c0
  00005130: ffffffe4                       unknown
  00005134: 00000a20 unnest                unimp  0xa20

name=.s flags=80
  00005140: 7fffebc1                       call  0x44
  00005144: 8c21a004                       sub  %g6, 4, %g6
  00005148: 000061c8 depth                 unimp  0x61c8
  0000514c: 00000af0 0<                    unimp  0xaf0
  00005150: 00000194 ?branch               unimp  0x194
  00005154: 00000030                       unimp  0x30
  00005158: 000066c0 (.")                  unimp  0x66c0
  0000515c: 10537461                       unknown
  00005160: 636b2055                       call  0x8dacd2b4
  00005164: 6e646572                       call  0xb991e72c
  00005168: 666c6f77                       call  0x99b20f44
  0000516c: 20000000                       unknown
  00005170: 00002d9c sp0                   unimp  0x2d9c
  00005174: 000010e0 @                     unimp  0x10e0
  00005178: 00000828 sp!                   unimp  0x828
  0000517c: 00000174 branch                unimp  0x174
  00005180: 00000028                       unimp  0x28
  00005184: 000061c8 depth                 unimp  0x61c8
  00005188: 00000194 ?branch               unimp  0x194
  0000518c: 00000010 <?>                   unimp  0x10
  00005190: 000050d8 (.s                   unimp  0x50d8
  00005194: 00000174 branch                unimp  0x174
  00005198: 00000010 <?>                   unimp  0x10
  0000519c: 000066c0 (.")                  unimp  0x66c0
  000051a0: 06456d70                       unknown
  000051a4: 74792000                       call  0xd1e4d1a4
  000051a8: 00000a20 unnest                unimp  0xa20

name=". flags=80
  000051b4: 7fffeba4                       call  0x44
  000051b8: 8c21a004                       sub  %g6, 4, %g6
  000051bc: 00001d00 count                 unimp  0x1d00
  000051c0: 000044fc type                  unimp  0x44fc
  000051c4: 00000a20 unnest                unimp  0xa20

name="temp flags=80
  000051d4: 7fffebb1                       call  0x98
  000051d8: 8e21e004                       sub  %g7, 4, %g7
  000051dc: 0000009c <CONSTANT>            VALUE 0x9c

name=/stringbuf flags=80
  000051f0: 7fffebb3                       call  0xbc
  000051f4: 8e21e004                       sub  %g7, 4, %g7
  000051f8: 00000408                       CONSTANT 0x408

name=stringbuf flags=80
  0000520c: 7fffeba3                       call  0x98
  00005210: 8e21e004                       sub  %g7, 4, %g7
  00005214: 000000a0                       VALUE 0xa0

name=$buf flags=80
  00005224: 7fffeb9d                       call  0x98
  00005228: 8e21e004                       sub  %g7, 4, %g7
  0000522c: 000000a4                       VALUE 0xa4

name=init flags=80
  0000523c: 7fffeb82                       call  0x44
  00005240: 8c21a004                       sub  %g6, 4, %g6
  00005244: 00004a94 init                  unimp  0x4a94
  00005248: 000051d0 /stringbuf            unimp  0x51d0
  0000524c: 00001028 2*                    unimp  0x1028
  00005250: 00004614 alloc-mem             unimp  0x4614
  00005254: 00000d84 dup                   unimp  0xd84
  00005258: 0000a3c0 (is)                  unimp  0xa3c0
  0000525c: 000051ec stringbuf             unimp  0x51ec
  00005260: 0000a3c0 (is)                  unimp  0xa3c0
  00005264: 000051b4 "temp                 unimp  0x51b4
  00005268: 000051d0 /stringbuf            unimp  0x51d0
  0000526c: 00004614 alloc-mem             unimp  0x4614
  00005270: 0000a3c0 (is)                  unimp  0xa3c0
  00005274: 00005204 $buf                  unimp  0x5204
  00005278: 00000a20 unnest                unimp  0xa20

name=switch-string flags=80
  00005290: 7fffeb6d                       call  0x44
  00005294: 8c21a004                       sub  %g6, 4, %g6
  00005298: 000051ec stringbuf             unimp  0x51ec
  0000529c: 00000d84 dup                   unimp  0xd84
  000052a0: 000051b4 "temp                 unimp  0x51b4
  000052a4: 00000bd8 =                     unimp  0xbd8
  000052a8: 00000194 ?branch               unimp  0x194
  000052ac: 0000000c                       unimp  0xc
  000052b0: 000051d0 /stringbuf            unimp  0x51d0
  000052b4: 00000628 +                     unimp  0x628
  000052b8: 0000a3c0 (is)                  unimp  0xa3c0
  000052bc: 000051b4 "temp                 unimp  0x51b4
  000052c0: 00000a20 unnest                unimp  0xa20

name=npack flags=80
  000052d0: 7fffeb5d                       call  0x44
  000052d4: 8c21a004                       sub  %g6, 4, %g6
  000052d8: 00000a40 tuck                  unimp  0xa40
  000052dc: 00001290 !                     unimp  0x1290
  000052e0: 00000a40 tuck                  unimp  0xa40
  000052e4: 00001d2c ncount                unimp  0x1d2c
  000052e8: 0000319c move                  unimp  0x319c
  000052ec: 000000fc (lit)                 unimp  0xfc
  000052f0: 00000000 [ENTRY]               unimp  0
  000052f4: 00000da4 over                  unimp  0xda4
  000052f8: 00001d2c ncount                unimp  0x1d2c
  000052fc: 00000628 +                     unimp  0x628
  00005300: 00001424 c!                    unimp  0x1424
  00005304: 00000a20 unnest                unimp  0xa20

name=$nsave flags=80
  00005314: 7fffeb4c                       call  0x44
  00005318: 8c21a004                       sub  %g6, 4, %g6
  0000531c: 000052b0 npack                 unimp  0x52b0
  00005320: 00001d2c ncount                unimp  0x1d2c
  00005324: 00000a20 unnest                unimp  0xa20

name=$ncat flags=80
  00005334: 7fffeb44                       call  0x44
  00005338: 8c21a004                       sub  %g6, 4, %g6
  0000533c: 00000868 >r                    unimp  0x868
  00005340: 000008b0 r@                    unimp  0x8b0
  00005344: 00001d2c ncount                unimp  0x1d2c
  00005348: 00000628 +                     unimp  0x628
  0000534c: 00000dc8 swap                  unimp  0xdc8
  00005350: 00000d84 dup                   unimp  0xd84
  00005354: 00000868 >r                    unimp  0x868
  00005358: 0000048c cmove                 unimp  0x48c
  0000535c: 0000088c r>                    unimp  0x88c
  00005360: 0000088c r>                    unimp  0x88c
  00005364: 00000d84 dup                   unimp  0xd84
  00005368: 000010e0 @                     unimp  0x10e0
  0000536c: 00000de8 rot                   unimp  0xde8
  00005370: 00000628 +                     unimp  0x628
  00005374: 00000da4 over                  unimp  0xda4
  00005378: 00001290 !                     unimp  0x1290
  0000537c: 00001d2c ncount                unimp  0x1d2c
  00005380: 00000628 +                     unimp  0x628
  00005384: 000000fc (lit)                 unimp  0xfc
  00005388: 00000000 [ENTRY]               unimp  0
  0000538c: 00000dc8 swap                  unimp  0xdc8
  00005390: 00001424 c!                    unimp  0x1424
  00005394: 00000a20 unnest                unimp  0xa20

name=$save flags=80
  000053a4: 7fffeb28                       call  0x44
  000053a8: 8c21a004                       sub  %g6, 4, %g6
  000053ac: 00001bd8 pack                  unimp  0x1bd8
  000053b0: 00001d00 count                 unimp  0x1d00
  000053b4: 00000a20 unnest                unimp  0xa20

name=$cat flags=80
  000053c4: 7fffeb20                       call  0x44
  000053c8: 8c21a004                       sub  %g6, 4, %g6
  000053cc: 00000868 >r                    unimp  0x868
  000053d0: 000008b0 r@                    unimp  0x8b0
  000053d4: 00001d00 count                 unimp  0x1d00
  000053d8: 00000628 +                     unimp  0x628
  000053dc: 00000dc8 swap                  unimp  0xdc8
  000053e0: 00000d84 dup                   unimp  0xd84
  000053e4: 00000868 >r                    unimp  0x868
  000053e8: 0000048c cmove                 unimp  0x48c
  000053ec: 0000088c r>                    unimp  0x88c
  000053f0: 0000088c r>                    unimp  0x88c
  000053f4: 00000d84 dup                   unimp  0xd84
  000053f8: 0000117c c@                    unimp  0x117c
  000053fc: 00000de8 rot                   unimp  0xde8
  00005400: 00000628 +                     unimp  0x628
  00005404: 00000da4 over                  unimp  0xda4
  00005408: 00001424 c!                    unimp  0x1424
  0000540c: 00001d00 count                 unimp  0x1d00
  00005410: 00000628 +                     unimp  0x628
  00005414: 000000fc (lit)                 unimp  0xfc
  00005418: 00000000 [ENTRY]               unimp  0
  0000541c: 00000dc8 swap                  unimp  0xdc8
  00005420: 00001424 c!                    unimp  0x1424
  00005424: 00000a20 unnest                unimp  0xa20

name=add-char flags=80
  00005438: 7fffeb03                       call  0x44
  0000543c: 8c21a004                       sub  %g6, 4, %g6
  00005440: 00005204 $buf                  unimp  0x5204
  00005444: 00001d2c ncount                unimp  0x1d2c
  00005448: 00000628 +                     unimp  0x628
  0000544c: 00001424 c!                    unimp  0x1424
  00005450: 00005204 $buf                  unimp  0x5204
  00005454: 000010e0 @                     unimp  0x10e0
  00005458: 00000f98 1+                    unimp  0xf98
  0000545c: 00005204 $buf                  unimp  0x5204
  00005460: 00001290 !                     unimp  0x1290
  00005464: 00000a20 unnest                unimp  0xa20

name=nextchar flags=80
  00005478: 7fffeaf3                       call  0x44
  0000547c: 8c21a004                       sub  %g6, 4, %g6
  00005480: 00000d84 dup                   unimp  0xd84
  00005484: 00000aa8 0=                    unimp  0xaa8
  00005488: 00000194 ?branch               unimp  0x194
  0000548c: 0000000c                       unimp  0xc
  00005490: 00000a64 nip                   unimp  0xa64
  00005494: 00000a00 exit                  unimp  0xa00
  00005498: 00000da4 over                  unimp  0xda4
  0000549c: 0000117c c@                    unimp  0x117c
  000054a0: 00000868 >r                    unimp  0x868
  000054a4: 00000dc8 swap                  unimp  0xdc8
  000054a8: 00000f98 1+                    unimp  0xf98
  000054ac: 00000dc8 swap                  unimp  0xdc8
  000054b0: 00000fc8 1-                    unimp  0xfc8
  000054b4: 0000088c r>                    unimp  0x88c
  000054b8: 00006054 true                  unimp  0x6054
  000054bc: 00000a20 unnest                unimp  0xa20

name=nexthex flags=80
  000054cc: 7fffeade                       call  0x44
  000054d0: 8c21a004                       sub  %g6, 4, %g6
  000054d4: 00005458 nextchar              unimp  0x5458
  000054d8: 00000194 ?branch               unimp  0x194
  000054dc: 00000038 <NULLSUB>             unimp  0x38
  000054e0: 000000fc (lit)                 unimp  0xfc
  000054e4: 00000010 <?>                   unimp  0x10
  000054e8: 0000042c digit                 unimp  0x42c
  000054ec: 00000194 ?branch               unimp  0x194
  000054f0: 00000014                       unimp  0x14
  000054f4: 00006054 true                  unimp  0x6054
  000054f8: 00006054 true                  unimp  0x6054
  000054fc: 00000174 branch                unimp  0x174
  00005500: 0000000c                       unimp  0xc
  00005504: 00000d3c drop                  unimp  0xd3c
  00005508: 0000606c false                 unimp  0x606c
  0000550c: 00000174 branch                unimp  0x174
  00005510: 0000000c                       unimp  0xc
  00005514: 0000606c false                 unimp  0x606c
  00005518: 00006054 true                  unimp  0x6054
  0000551c: 00000194 ?branch               unimp  0x194
  00005520: ffffffb4                       unknown
  00005524: 00000a20 unnest                unimp  0xa20

name=get-hex-bytes flags=80
  0000553c: 7fffeac2                       call  0x44
  00005540: 8c21a004                       sub  %g6, 4, %g6
  00005544: 000000fc (lit)                 unimp  0xfc
  00005548: 00000029                       unimp  0x29
  0000554c: 0000cb54 parse                 unimp  0xcb54
  00005550: 00005ce0 caps                  unimp  0x5ce0
  00005554: 000010e0 @                     unimp  0x10e0
  00005558: 00000194 ?branch               unimp  0x194
  0000555c: 0000000c                       unimp  0xc
  00005560: 00000e64 2dup                  unimp  0xe64
  00005564: 00005c9c lower                 unimp  0x5c9c
  00005568: 000054ac nexthex               unimp  0x54ac
  0000556c: 00000194 ?branch               unimp  0x194
  00005570: 00000058                       unimp  0x58
  00005574: 00000868 >r                    unimp  0x868
  00005578: 000054ac nexthex               unimp  0x54ac
  0000557c: 00000aa8 0=                    unimp  0xaa8
  00005580: 0000670c (abort")              unimp  0x670c
  00005584: 224f6464                       unknown
  00005588: 206e756d                       unknown
  0000558c: 62657220                       call  0x89961e0c
  00005590: 6f662068                       call  0xbd98d730
  00005594: 65782064                       call  0x95e0d724
  00005598: 69676974                       call  0xa59dfb68
  0000559c: 7320696e                       call  0xcc81fb54
  000055a0: 20737472                       unknown
  000055a4: 696e6700                       call  0xa5b9f1a4
  000055a8: 0000088c r>                    unimp  0x88c
  000055ac: 000000fc (lit)                 unimp  0xfc
  000055b0: 00000004                       unimp  0x4
  000055b4: 00000580 <<                    unimp  0x580
  000055b8: 00000628 +                     unimp  0x628
  000055bc: 00005418 add-char              unimp  0x5418
  000055c0: 00000174 branch                unimp  0x174
  000055c4: ffffffa4                       unknown
  000055c8: 00000a20 unnest                unimp  0xa20

name=get-char flags=80
  000055dc: 7fffea9a                       call  0x44
  000055e0: 8c21a004                       sub  %g6, 4, %g6
  000055e4: 0000ca04 source                unimp  0xca04
  000055e8: 0000c940 >in                   unimp  0xc940
  000055ec: 000010e0 @                     unimp  0x10e0
  000055f0: 00005af0 /string               unimp  0x5af0
  000055f4: 00000194 ?branch               unimp  0x194
  000055f8: 00000020                       unimp  0x20
  000055fc: 0000117c c@                    unimp  0x117c
  00005600: 000000fc (lit)                 unimp  0xfc
  00005604: 00000001                       unimp  0x1
  00005608: 0000c940 >in                   unimp  0xc940
  0000560c: 000010b4 +!                    unimp  0x10b4
  00005610: 00000174 branch                unimp  0x174
  00005614: 00000010 <?>                   unimp  0x10
  00005618: 00000d3c drop                  unimp  0xd3c
  0000561c: 000000fc (lit)                 unimp  0xfc
  00005620: ffffffff                       unknown
  00005624: 00000a20 unnest                unimp  0xa20

name=get-escaped-string flags=80
  00005640: 7fffea81                       call  0x44
  00005644: 8c21a004                       sub  %g6, 4, %g6
  00005648: 000000fc (lit)                 unimp  0xfc
  0000564c: 00000000 [ENTRY]               unimp  0
  00005650: 00005204 $buf                  unimp  0x5204
  00005654: 00001290 !                     unimp  0x1290
  00005658: 000000fc (lit)                 unimp  0xfc
  0000565c: 00000022                       unimp  0x22
  00005660: 0000cb54 parse                 unimp  0xcb54
  00005664: 00005204 $buf                  unimp  0x5204
  00005668: 00005314 $ncat                 unimp  0x5314
  0000566c: 000055bc get-char              unimp  0x55bc
  00005670: 00000d84 dup                   unimp  0xd84
  00005674: 00006080 bl                    unimp  0x6080
  00005678: 00000d0c <=                    unimp  0xd0c
  0000567c: 00000194 ?branch               unimp  0x194
  00005680: 00000014                       unimp  0x14
  00005684: 00000d3c drop                  unimp  0xd3c
  00005688: 00005204 $buf                  unimp  0x5204
  0000568c: 00001d2c ncount                unimp  0x1d2c
  00005690: 00000a00 exit                  unimp  0xa00
  00005694: 000000fc (lit)                 unimp  0xfc
  00005698: 0000006e                       unimp  0x6e
  0000569c: 00000370 (of)                  unimp  0x370
  000056a0: 00000014                       unimp  0x14
  000056a4: 000048ec newline               unimp  0x48ec
  000056a8: 00005418 add-char              unimp  0x5418
  000056ac: 000003bc (endof)               unimp  0x3bc
  000056b0: 00000124 (wlit)                unimp  0x124
  000056b4: 000000fc (lit)                 unimp  0xfc
  000056b8: 00000072                       unimp  0x72
  000056bc: 00000370 (of)                  unimp  0x370
  000056c0: 00000014                       unimp  0x14
  000056c4: 00004850 carret                unimp  0x4850
  000056c8: 00005418 add-char              unimp  0x5418
  000056cc: 000003bc (endof)               unimp  0x3bc
  000056d0: 00000104                       unimp  0x104
  000056d4: 000000fc (lit)                 unimp  0xfc
  000056d8: 00000074                       unimp  0x74
  000056dc: 00000370 (of)                  unimp  0x370
  000056e0: 00000018                       unimp  0x18
  000056e4: 000000fc (lit)                 unimp  0xfc
  000056e8: 00000009                       unimp  0x9
  000056ec: 00005418 add-char              unimp  0x5418
  000056f0: 000003bc (endof)               unimp  0x3bc
  000056f4: 000000e0                       unimp  0xe0
  000056f8: 000000fc (lit)                 unimp  0xfc
  000056fc: 00000066                       unimp  0x66
  00005700: 00000370 (of)                  unimp  0x370
  00005704: 00000018                       unimp  0x18
  00005708: 000000fc (lit)                 unimp  0xfc
  0000570c: 0000000c                       unimp  0xc
  00005710: 00005418 add-char              unimp  0x5418
  00005714: 000003bc (endof)               unimp  0x3bc
  00005718: 000000bc                       unimp  0xbc
  0000571c: 000000fc (lit)                 unimp  0xfc
  00005720: 0000006c                       unimp  0x6c
  00005724: 00000370 (of)                  unimp  0x370
  00005728: 00000014                       unimp  0x14
  0000572c: 00004838 linefeed              unimp  0x4838
  00005730: 00005418 add-char              unimp  0x5418
  00005734: 000003bc (endof)               unimp  0x3bc
  00005738: 0000009c <CONSTANT>            unimp  0x9c
  0000573c: 000000fc (lit)                 unimp  0xfc
  00005740: 00000062                       unimp  0x62
  00005744: 00000370 (of)                  unimp  0x370
  00005748: 00000018                       unimp  0x18
  0000574c: 000000fc (lit)                 unimp  0xfc
  00005750: 00000008                       unimp  0x8
  00005754: 00005418 add-char              unimp  0x5418
  00005758: 000003bc (endof)               unimp  0x3bc
  0000575c: 00000078 <VALUE>               unimp  0x78
  00005760: 000000fc (lit)                 unimp  0xfc
  00005764: 00000021                       unimp  0x21
  00005768: 00000370 (of)                  unimp  0x370
  0000576c: 00000014                       unimp  0x14
  00005770: 00004808 bell                  unimp  0x4808
  00005774: 00005418 add-char              unimp  0x5418
  00005778: 000003bc (endof)               unimp  0x3bc
  0000577c: 00000058                       unimp  0x58
  00005780: 000000fc (lit)                 unimp  0xfc
  00005784: 0000005e                       unimp  0x5e
  00005788: 00000370 (of)                  unimp  0x370
  0000578c: 00000020                       unimp  0x20
  00005790: 000055bc get-char              unimp  0x55bc
  00005794: 000000fc (lit)                 unimp  0xfc
  00005798: 0000001f                       unimp  0x1f
  0000579c: 00000520 and                   unimp  0x520
  000057a0: 00005418 add-char              unimp  0x5418
  000057a4: 000003bc (endof)               unimp  0x3bc
  000057a8: 0000002c                       unimp  0x2c
  000057ac: 000000fc (lit)                 unimp  0xfc
  000057b0: 00000028                       unimp  0x28
  000057b4: 00000370 (of)                  unimp  0x370
  000057b8: 00000010 <?>                   unimp  0x10
  000057bc: 0000551c get-hex-bytes         unimp  0x551c
  000057c0: 000003bc (endof)               unimp  0x3bc
  000057c4: 00000010 <?>                   unimp  0x10
  000057c8: 00000d84 dup                   unimp  0xd84
  000057cc: 00005418 add-char              unimp  0x5418
  000057d0: 000003e0 (endcase)             unimp  0x3e0
  000057d4: 00000174 branch                unimp  0x174
  000057d8: fffffe80                       unknown
  000057dc: 00000a20 unnest                unimp  0xa20

name=.( flags=c0
  000057e8: 7fffea17                       call  0x44
  000057ec: 8c21a004                       sub  %g6, 4, %g6
  000057f0: 000000fc (lit)                 unimp  0xfc
  000057f4: 00000029                       unimp  0x29
  000057f8: 0000cb54 parse                 unimp  0xcb54
  000057fc: 000044fc type                  unimp  0x44fc
  00005800: 00000a20 unnest                unimp  0xa20

name=", flags=80
  0000580c: 7fffea0e                       call  0x44
  00005810: 8c21a004                       sub  %g6, 4, %g6
  00005814: 00000d84 dup                   unimp  0xd84
  00005818: 00000fb0 2+                    unimp  0xfb0
  0000581c: 000035f0 taligned              unimp  0x35f0
  00005820: 00006880 here                  unimp  0x6880
  00005824: 00000dc8 swap                  unimp  0xdc8
  00005828: 0000e7a4 note-string           unimp  0xe7a4
  0000582c: 000068f8 allot                 unimp  0x68f8
  00005830: 00005998 place                 unimp  0x5998
  00005834: 00000a20 unnest                unimp  0xa20

name=n", flags=80
  00005840: 7fffea01                       call  0x44
  00005844: 8c21a004                       sub  %g6, 4, %g6
  00005848: 00000d84 dup                   unimp  0xd84
  0000584c: 00000f98 1+                    unimp  0xf98
  00005850: 00001978 na1+                  unimp  0x1978
  00005854: 000035f0 taligned              unimp  0x35f0
  00005858: 00006880 here                  unimp  0x6880
  0000585c: 00000dc8 swap                  unimp  0xdc8
  00005860: 0000e7a4 note-string           unimp  0xe7a4
  00005864: 000068f8 allot                 unimp  0x68f8
  00005868: 000059b8 nplace                unimp  0x59b8
  0000586c: 00000a20 unnest                unimp  0xa20

name=," flags=80
  00005878: 7fffe9f3                       call  0x44
  0000587c: 8c21a004                       sub  %g6, 4, %g6
  00005880: 00005620 get-escaped-string    unimp  0x5620
  00005884: 000057ec ",                    unimp  0x57ec
  00005888: 00000a20 unnest                unimp  0xa20

name=." flags=c0
  00005894: 7fffe9ec                       call  0x44
  00005898: 8c21a004                       sub  %g6, 4, %g6
  0000589c: 0000700c +level                unimp  0x700c
  000058a0: 00006acc compile               unimp  0x6acc
  000058a4: 000066c0 (.")                  unimp  0x66c0
  000058a8: 00005858 ,"                    unimp  0x5858
  000058ac: 000070a4 -level                unimp  0x70a4
  000058b0: 00000a20 unnest                unimp  0xa20

name=compile-string flags=80
  000058c8: 7fffe9df                       call  0x44
  000058cc: 8c21a004                       sub  %g6, 4, %g6
  000058d0: 00006854 state                 unimp  0x6854
  000058d4: 000010e0 @                     unimp  0x10e0
  000058d8: 00000194 ?branch               unimp  0x194
  000058dc: 00000044                       unimp  0x44
  000058e0: 00000d84 dup                   unimp  0xd84
  000058e4: 000000fc (lit)                 unimp  0xfc
  000058e8: 000000ff                       unimp  0xff
  000058ec: 00000bac >                     unimp  0xbac
  000058f0: 00000194 ?branch               unimp  0x194
  000058f4: 00000018                       unimp  0x18
  000058f8: 00006acc compile               unimp  0x6acc
  000058fc: 00001cc8 (n")                  unimp  0x1cc8
  00005900: 00005820 n",                   unimp  0x5820
  00005904: 00000174 branch                unimp  0x174
  00005908: 00000010 <?>                   unimp  0x10
  0000590c: 00006acc compile               unimp  0x6acc
  00005910: 00001c90 (")                   unimp  0x1c90
  00005914: 000057ec ",                    unimp  0x57ec
  00005918: 00000174 branch                unimp  0x174
  0000591c: 00000010 <?>                   unimp  0x10
  00005920: 00005270 switch-string         unimp  0x5270
  00005924: 000051b4 "temp                 unimp  0x51b4
  00005928: 000052f4 $nsave                unimp  0x52f4
  0000592c: 00000a20 unnest                unimp  0xa20

name=s" flags=c0
  00005938: 7fffe9c3                       call  0x44
  0000593c: 8c21a004                       sub  %g6, 4, %g6
  00005940: 000000fc (lit)                 unimp  0xfc
  00005944: 00000022                       unimp  0x22
  00005948: 0000cb54 parse                 unimp  0xcb54
  0000594c: 000058a8 compile-string        unimp  0x58a8
  00005950: 00000a20 unnest                unimp  0xa20

name=" flags=c0
  0000595c: 7fffe9ba                       call  0x44
  00005960: 8c21a004                       sub  %g6, 4, %g6
  00005964: 00005620 get-escaped-string    unimp  0x5620
  00005968: 000058a8 compile-string        unimp  0x58a8
  0000596c: 00000a20 unnest                unimp  0xa20

name=\ flags=c0
  00005978: 7fffe9b3                       call  0x44
  0000597c: 8c21a004                       sub  %g6, 4, %g6
  00005980: 000000fc (lit)                 unimp  0xfc
  00005984: ffffffff                       unknown
  00005988: 0000cb54 parse                 unimp  0xcb54
  0000598c: 00000e40 2drop                 unimp  0xe40
  00005990: 00000a20 unnest                unimp  0xa20

name=nullstring flags=80
  000059a4: 7fffe9ad                       call  0x58
  000059a8: 8e21e004                       sub  %g7, 4, %g7

name=place flags=80
  000059b8: 7fffe9a3                       call  0x44
  000059bc: 8c21a004                       sub  %g6, 4, %g6
  000059c0: 00001bd8 pack                  unimp  0x1bd8
  000059c4: 00000d3c drop                  unimp  0xd3c
  000059c8: 00000a20 unnest                unimp  0xa20

name=nplace flags=80
  000059d8: 7fffe99b                       call  0x44
  000059dc: 8c21a004                       sub  %g6, 4, %g6
  000059e0: 000052b0 npack                 unimp  0x52b0
  000059e4: 00000d3c drop                  unimp  0xd3c
  000059e8: 00000a20 unnest                unimp  0xa20

name=place-cstr flags=80
  000059fc: 7fffe992                       call  0x44
  00005a00: 8c21a004                       sub  %g6, 4, %g6
  00005a04: 00000868 >r                    unimp  0x868
  00005a08: 00000a40 tuck                  unimp  0xa40
  00005a0c: 000008b0 r@                    unimp  0x8b0
  00005a10: 00000dc8 swap                  unimp  0xdc8
  00005a14: 0000048c cmove                 unimp  0x48c
  00005a18: 000008b0 r@                    unimp  0x8b0
  00005a1c: 00000628 +                     unimp  0x628
  00005a20: 000000fc (lit)                 unimp  0xfc
  00005a24: 00000000 [ENTRY]               unimp  0
  00005a28: 00000dc8 swap                  unimp  0xdc8
  00005a2c: 00001424 c!                    unimp  0x1424
  00005a30: 0000088c r>                    unimp  0x88c
  00005a34: 00000a20 unnest                unimp  0xa20

name=even flags=80
  00005a44: 7fffe980                       call  0x44
  00005a48: 8c21a004                       sub  %g6, 4, %g6
  00005a4c: 00000d84 dup                   unimp  0xd84
  00005a50: 000000fc (lit)                 unimp  0xfc
  00005a54: 00000001                       unimp  0x1
  00005a58: 00000520 and                   unimp  0x520
  00005a5c: 00000628 +                     unimp  0x628
  00005a60: 00000a20 unnest                unimp  0xa20

name=+str flags=80
  00005a70: 7fffe975                       call  0x44
  00005a74: 8c21a004                       sub  %g6, 4, %g6
  00005a78: 00001d00 count                 unimp  0x1d00
  00005a7c: 00000628 +                     unimp  0x628
  00005a80: 00000f98 1+                    unimp  0xf98
  00005a84: 000035f0 taligned              unimp  0x35f0
  00005a88: 00000a20 unnest                unimp  0xa20

name=+nstr flags=80
  00005a98: 7fffe96b                       call  0x44
  00005a9c: 8c21a004                       sub  %g6, 4, %g6
  00005aa0: 00001d2c ncount                unimp  0x1d2c
  00005aa4: 00000628 +                     unimp  0x628
  00005aa8: 00000f98 1+                    unimp  0xf98
  00005aac: 000035f0 taligned              unimp  0x35f0
  00005ab0: 00000a20 unnest                unimp  0xa20

name="copy flags=80
  00005ac0: 7fffe961                       call  0x44
  00005ac4: 8c21a004                       sub  %g6, 4, %g6
  00005ac8: 00000868 >r                    unimp  0x868
  00005acc: 00001d00 count                 unimp  0x1d00
  00005ad0: 0000088c r>                    unimp  0x88c
  00005ad4: 00005998 place                 unimp  0x5998
  00005ad8: 00000a20 unnest                unimp  0xa20

name="move flags=80
  00005ae8: 7fffe957                       call  0x44
  00005aec: 8c21a004                       sub  %g6, 4, %g6
  00005af0: 00000868 >r                    unimp  0x868
  00005af4: 00001d00 count                 unimp  0x1d00
  00005af8: 0000088c r>                    unimp  0x88c
  00005afc: 00001bd8 pack                  unimp  0x1bd8
  00005b00: 00000a20 unnest                unimp  0xa20

name=/string flags=80
  00005b10: 7fffe94d                       call  0x44
  00005b14: 8c21a004                       sub  %g6, 4, %g6
  00005b18: 00000a40 tuck                  unimp  0xa40
  00005b1c: 00000648 -                     unimp  0x648
  00005b20: 00000e14 -rot                  unimp  0xe14
  00005b24: 00000628 +                     unimp  0x628
  00005b28: 00000dc8 swap                  unimp  0xdc8
  00005b2c: 00000a20 unnest                unimp  0xa20

name=printable? flags=80
  00005b40: 7fffe941                       call  0x44
  00005b44: 8c21a004                       sub  %g6, 4, %g6
  00005b48: 00000d84 dup                   unimp  0xd84
  00005b4c: 00006080 bl                    unimp  0x6080
  00005b50: 000000fc (lit)                 unimp  0xfc
  00005b54: 0000007f                       unimp  0x7f
  00005b58: 00006134 within                unimp  0x6134
  00005b5c: 00000dc8 swap                  unimp  0xdc8
  00005b60: 000000fc (lit)                 unimp  0xfc
  00005b64: 00000080                       unimp  0x80
  00005b68: 000000fc (lit)                 unimp  0xfc
  00005b6c: 000000ff                       unimp  0xff
  00005b70: 00006100 between               unimp  0x6100
  00005b74: 00000540 or                    unimp  0x540
  00005b78: 00000a20 unnest                unimp  0xa20

name=white-space? flags=80
  00005b90: 7fffe92d                       call  0x44
  00005b94: 8c21a004                       sub  %g6, 4, %g6
  00005b98: 00000d84 dup                   unimp  0xd84
  00005b9c: 00005b20 printable?            unimp  0x5b20
  00005ba0: 00000aa8 0=                    unimp  0xaa8
  00005ba4: 00000dc8 swap                  unimp  0xdc8
  00005ba8: 00006080 bl                    unimp  0x6080
  00005bac: 00000bd8 =                     unimp  0xbd8
  00005bb0: 00000540 or                    unimp  0x540
  00005bb4: 00000a20 unnest                unimp  0xa20

name=-leading flags=80
  00005bc8: 7fffe91f                       call  0x44
  00005bcc: 8c21a004                       sub  %g6, 4, %g6
  00005bd0: 00000d84 dup                   unimp  0xd84
  00005bd4: 00000194 ?branch               unimp  0x194
  00005bd8: 00000038 <NULLSUB>             unimp  0x38
  00005bdc: 00000da4 over                  unimp  0xda4
  00005be0: 0000117c c@                    unimp  0x117c
  00005be4: 00005b70 white-space?          unimp  0x5b70
  00005be8: 00000aa8 0=                    unimp  0xaa8
  00005bec: 00000194 ?branch               unimp  0x194
  00005bf0: 00000008                       unimp  0x8
  00005bf4: 00000a00 exit                  unimp  0xa00
  00005bf8: 00000dc8 swap                  unimp  0xdc8
  00005bfc: 00000f98 1+                    unimp  0xf98
  00005c00: 00000dc8 swap                  unimp  0xdc8
  00005c04: 00000fc8 1-                    unimp  0xfc8
  00005c08: 00000174 branch                unimp  0x174
  00005c0c: ffffffc4                       unknown
  00005c10: 00000a20 unnest                unimp  0xa20

name=-trailing flags=80
  00005c24: 7fffe908                       call  0x44
  00005c28: 8c21a004                       sub  %g6, 4, %g6
  00005c2c: 00000d84 dup                   unimp  0xd84
  00005c30: 000000fc (lit)                 unimp  0xfc
  00005c34: 00000000 [ENTRY]               unimp  0
  00005c38: 00000278 (?do)                 unimp  0x278
  00005c3c: 0000002c                       unimp  0x2c
  00005c40: 00000e64 2dup                  unimp  0xe64
  00005c44: 00000628 +                     unimp  0x628
  00005c48: 00000fc8 1-                    unimp  0xfc8
  00005c4c: 0000117c c@                    unimp  0x117c
  00005c50: 00005b70 white-space?          unimp  0x5b70
  00005c54: 00000aa8 0=                    unimp  0xaa8
  00005c58: 0000032c (?leave)              unimp  0x32c
  00005c5c: 00000fc8 1-                    unimp  0xfc8
  00005c60: 000001c0 (loop)                unimp  0x1c0
  00005c64: ffffffdc                       unknown
  00005c68: 00000a20 unnest                unimp  0xa20

name=upper flags=80
  00005c78: 7fffe8f3                       call  0x44
  00005c7c: 8c21a004                       sub  %g6, 4, %g6
  00005c80: 00006098 bounds                unimp  0x6098
  00005c84: 00000278 (?do)                 unimp  0x278
  00005c88: 00000024 <INTERPRET>           unimp  0x24
  00005c8c: 000002ac i                     unimp  0x2ac
  00005c90: 00000d84 dup                   unimp  0xd84
  00005c94: 0000117c c@                    unimp  0x117c
  00005c98: 00001a70 upc                   unimp  0x1a70
  00005c9c: 00000dc8 swap                  unimp  0xdc8
  00005ca0: 00001424 c!                    unimp  0x1424
  00005ca4: 000001c0 (loop)                unimp  0x1c0
  00005ca8: ffffffe4                       unknown
  00005cac: 00000a20 unnest                unimp  0xa20

name=lower flags=80
  00005cbc: 7fffe8e2                       call  0x44
  00005cc0: 8c21a004                       sub  %g6, 4, %g6
  00005cc4: 00006098 bounds                unimp  0x6098
  00005cc8: 00000278 (?do)                 unimp  0x278
  00005ccc: 00000024 <INTERPRET>           unimp  0x24
  00005cd0: 000002ac i                     unimp  0x2ac
  00005cd4: 00000d84 dup                   unimp  0xd84
  00005cd8: 0000117c c@                    unimp  0x117c
  00005cdc: 00001a98 lcc                   unimp  0x1a98
  00005ce0: 00000dc8 swap                  unimp  0xdc8
  00005ce4: 00001424 c!                    unimp  0x1424
  00005ce8: 000001c0 (loop)                unimp  0x1c0
  00005cec: ffffffe4                       unknown
  00005cf0: 00000a20 unnest                unimp  0xa20

name=caps flags=80
  00005d00: 7fffe8e0                       call  0x80
  00005d04: 8e21e004                       sub  %g7, 4, %g7
  00005d08: 000000a8                       USER 0xa8

name=f83-compare flags=80
  00005d1c: 7fffe8ca                       call  0x44
  00005d20: 8c21a004                       sub  %g6, 4, %g6
  00005d24: 00005ce0 caps                  unimp  0x5ce0
  00005d28: 000010e0 @                     unimp  0x10e0
  00005d2c: 00000194 ?branch               unimp  0x194
  00005d30: 00000010 <?>                   unimp  0x10
  00005d34: 00001b38 caps-comp             unimp  0x1b38
  00005d38: 00000174 branch                unimp  0x174
  00005d3c: 00000008                       unimp  0x8
  00005d40: 00001ac4 comp                  unimp  0x1ac4
  00005d44: 00000a20 unnest                unimp  0xa20

name=+-1 flags=80
  00005d50: 7fffe8bd                       call  0x44
  00005d54: 8c21a004                       sub  %g6, 4, %g6
  00005d58: 00000af0 0<                    unimp  0xaf0
  00005d5c: 00001028 2*                    unimp  0x1028
  00005d60: 00000f98 1+                    unimp  0xf98
  00005d64: 00000a20 unnest                unimp  0xa20

name=compare flags=80
  00005d74: 7fffe8b4                       call  0x44
  00005d78: 8c21a004                       sub  %g6, 4, %g6
  00005d7c: 00000de8 rot                   unimp  0xde8
  00005d80: 00000e64 2dup                  unimp  0xe64
  00005d84: 000008f0 2>r                   unimp  0x8f0
  00005d88: 000006f0 min                   unimp  0x6f0
  00005d8c: 00001ac4 comp                  unimp  0x1ac4
  00005d90: 00000d84 dup                   unimp  0xd84
  00005d94: 00000194 ?branch               unimp  0x194
  00005d98: 00000014                       unimp  0x14
  00005d9c: 0000091c 2r>                   unimp  0x91c
  00005da0: 00000e40 2drop                 unimp  0xe40
  00005da4: 00000174 branch                unimp  0x174
  00005da8: 00000028                       unimp  0x28
  00005dac: 00000d3c drop                  unimp  0xd3c
  00005db0: 0000091c 2r>                   unimp  0x91c
  00005db4: 00000648 -                     unimp  0x648
  00005db8: 00000d84 dup                   unimp  0xd84
  00005dbc: 00000194 ?branch               unimp  0x194
  00005dc0: 00000010 <?>                   unimp  0x10
  00005dc4: 00000b38 0>                    unimp  0xb38
  00005dc8: 00001028 2*                    unimp  0x1028
  00005dcc: 00000f98 1+                    unimp  0xf98
  00005dd0: 00000a20 unnest                unimp  0xa20

name=$= flags=80
  00005ddc: 7fffe89a                       call  0x44
  00005de0: 8c21a004                       sub  %g6, 4, %g6
  00005de4: 00000de8 rot                   unimp  0xde8
  00005de8: 00000a40 tuck                  unimp  0xa40
  00005dec: 00000c04 <>                    unimp  0xc04
  00005df0: 00000194 ?branch               unimp  0x194
  00005df4: 00000010 <?>                   unimp  0x10
  00005df8: 00000eec 3drop                 unimp  0xeec
  00005dfc: 0000606c false                 unimp  0x606c
  00005e00: 00000a00 exit                  unimp  0xa00
  00005e04: 00001ac4 comp                  unimp  0x1ac4
  00005e08: 00000aa8 0=                    unimp  0xaa8
  00005e0c: 00000a20 unnest                unimp  0xa20

name=long-comments flags=80
  00005e24: 7fffe897                       call  0x80
  00005e28: 8e21e004                       sub  %g7, 4, %g7
  00005e2c: 000000ac                       USER 0xac

name=( flags=c0
  00005e38: 7fffe883                       call  0x44
  00005e3c: 8c21a004                       sub  %g6, 4, %g6
  00005e40: 0000c940 >in                   unimp  0xc940
  00005e44: 000010e0 @                     unimp  0x10e0
  00005e48: 000000fc (lit)                 unimp  0xfc
  00005e4c: 00000029                       unimp  0x29
  00005e50: 0000cb54 parse                 unimp  0xcb54
  00005e54: 00000a64 nip                   unimp  0xa64
  00005e58: 00000628 +                     unimp  0x628
  00005e5c: 0000c940 >in                   unimp  0xc940
  00005e60: 000010e0 @                     unimp  0x10e0
  00005e64: 00000bd8 =                     unimp  0xbd8
  00005e68: 00005e04 long-comments         unimp  0x5e04
  00005e6c: 000010e0 @                     unimp  0x10e0
  00005e70: 0000c990 source-id             unimp  0xc990
  00005e74: 000000fc (lit)                 unimp  0xfc
  00005e78: ffffffff                       unknown
  00005e7c: 000000fc (lit)                 unimp  0xfc
  00005e80: 00000000 [ENTRY]               unimp  0
  00005e84: 00006100 between               unimp  0x6100
  00005e88: 00000aa8 0=                    unimp  0xaa8
  00005e8c: 00000540 or                    unimp  0x540
  00005e90: 00000520 and                   unimp  0x520
  00005e94: 00000194 ?branch               unimp  0x194
  00005e98: 00000014                       unimp  0x14
  00005e9c: 0000cc38 refill                unimp  0xcc38
  00005ea0: 00000aa8 0=                    unimp  0xaa8
  00005ea4: 00000194 ?branch               unimp  0x194
  00005ea8: ffffff98                       unknown
  00005eac: 00000a20 unnest                unimp  0xa20

name=my-self flags=80
  00005ebc: 7fffe877                       call  0x98
  00005ec0: 8e21e004                       sub  %g7, 4, %g7
  00005ec4: 000000b0 <?>                   VALUE 0xb0

name=handler flags=80
  00005ed4: 7fffe86b                       call  0x80
  00005ed8: 8e21e004                       sub  %g7, 4, %g7
  00005edc: 000000b4                       USER 0xb4

name=catch flags=80
  00005eec: 7fffe856                       call  0x44
  00005ef0: 8c21a004                       sub  %g6, 4, %g6
  00005ef4: 000007c8 sp@                   unimp  0x7c8
  00005ef8: 00000868 >r                    unimp  0x868
  00005efc: 00005e9c my-self               unimp  0x5e9c
  00005f00: 00000868 >r                    unimp  0x868
  00005f04: 00005eb4 handler               unimp  0x5eb4
  00005f08: 000010e0 @                     unimp  0x10e0
  00005f0c: 00000868 >r                    unimp  0x868
  00005f10: 000007e8 rp@                   unimp  0x7e8
  00005f14: 00005eb4 handler               unimp  0x5eb4
  00005f18: 00001290 !                     unimp  0x1290
  00005f1c: 00000400 execute               unimp  0x400
  00005f20: 0000088c r>                    unimp  0x88c
  00005f24: 00005eb4 handler               unimp  0x5eb4
  00005f28: 00001290 !                     unimp  0x1290
  00005f2c: 0000088c r>                    unimp  0x88c
  00005f30: 00000d3c drop                  unimp  0xd3c
  00005f34: 0000088c r>                    unimp  0x88c
  00005f38: 00000d3c drop                  unimp  0xd3c
  00005f3c: 000000fc (lit)                 unimp  0xfc
  00005f40: 00000000 [ENTRY]               unimp  0
  00005f44: 00000a20 unnest                unimp  0xa20

name=throw flags=80
  00005f54: 7fffe83c                       call  0x44
  00005f58: 8c21a004                       sub  %g6, 4, %g6
  00005f5c: 00000d84 dup                   unimp  0xd84
  00005f60: 00000aa8 0=                    unimp  0xaa8
  00005f64: 00000194 ?branch               unimp  0x194
  00005f68: 0000000c                       unimp  0xc
  00005f6c: 00000d3c drop                  unimp  0xd3c
  00005f70: 00000a00 exit                  unimp  0xa00
  00005f74: 00005eb4 handler               unimp  0x5eb4
  00005f78: 000010e0 @                     unimp  0x10e0
  00005f7c: 00000848 rp!                   unimp  0x848
  00005f80: 0000088c r>                    unimp  0x88c
  00005f84: 00005eb4 handler               unimp  0x5eb4
  00005f88: 00001290 !                     unimp  0x1290
  00005f8c: 0000088c r>                    unimp  0x88c
  00005f90: 0000a3c0 (is)                  unimp  0xa3c0
  00005f94: 00005e9c my-self               unimp  0x5e9c
  00005f98: 0000088c r>                    unimp  0x88c
  00005f9c: 00000dc8 swap                  unimp  0xdc8
  00005fa0: 00000868 >r                    unimp  0x868
  00005fa4: 00000828 sp!                   unimp  0x828
  00005fa8: 00000d3c drop                  unimp  0xd3c
  00005fac: 0000088c r>                    unimp  0x88c
  00005fb0: 00000a20 unnest                unimp  0xa20

name=0 flags=80
  00005fbc: 7fffe840                       call  0xbc
  00005fc0: 8e21e004                       sub  %g7, 4, %g7
  00005fc4: 00000000 [ENTRY]               CONSTANT 0x0

name=1 flags=80
  00005fd0: 7fffe83b                       call  0xbc
  00005fd4: 8e21e004                       sub  %g7, 4, %g7
  00005fd8: 00000001                       CONSTANT 0x1

name=2 flags=80
  00005fe4: 7fffe836                       call  0xbc
  00005fe8: 8e21e004                       sub  %g7, 4, %g7
  00005fec: 00000002                       CONSTANT 0x2

name=3 flags=80
  00005ff8: 7fffe831                       call  0xbc
  00005ffc: 8e21e004                       sub  %g7, 4, %g7
  00006000: 00000003                       CONSTANT 0x3

name=4 flags=80
  0000600c: 7fffe82c                       call  0xbc
  00006010: 8e21e004                       sub  %g7, 4, %g7
  00006014: 00000004                       CONSTANT 0x4

name=5 flags=80
  00006020: 7fffe827                       call  0xbc
  00006024: 8e21e004                       sub  %g7, 4, %g7
  00006028: 00000005                       CONSTANT 0x5

name=6 flags=80
  00006034: 7fffe822                       call  0xbc
  00006038: 8e21e004                       sub  %g7, 4, %g7
  0000603c: 00000006                       CONSTANT 0x6

name=7 flags=80
  00006048: 7fffe81d                       call  0xbc
  0000604c: 8e21e004                       sub  %g7, 4, %g7
  00006050: 00000007                       CONSTANT 0x7

name=8 flags=80
  0000605c: 7fffe818                       call  0xbc
  00006060: 8e21e004                       sub  %g7, 4, %g7
  00006064: 00000008                       CONSTANT 0x8

name=true flags=80
  00006074: 7fffe812                       call  0xbc
  00006078: 8e21e004                       sub  %g7, 4, %g7
  0000607c: ffffffff                       CONSTANT 0xffffffff

name=false flags=80
  0000608c: 7fffe80c                       call  0xbc
  00006090: 8e21e004                       sub  %g7, 4, %g7
  00006094: 00000000 [ENTRY]               CONSTANT 0x0

name=bl flags=80
  000060a0: 7fffe807                       call  0xbc
  000060a4: 8e21e004                       sub  %g7, 4, %g7
  000060a8: 00000020                       CONSTANT 0x20

name=bounds flags=80
  000060b8: 7fffe7e3                       call  0x44
  000060bc: 8c21a004                       sub  %g6, 4, %g6
  000060c0: 00000da4 over                  unimp  0xda4
  000060c4: 00000628 +                     unimp  0x628
  000060c8: 00000dc8 swap                  unimp  0xdc8
  000060cc: 00000a20 unnest                unimp  0xa20

name=roll flags=80
  000060dc: 7fffe7da                       call  0x44
  000060e0: 8c21a004                       sub  %g6, 4, %g6
  000060e4: 00000868 >r                    unimp  0x868
  000060e8: 000008b0 r@                    unimp  0x8b0
  000060ec: 00000f7c pick                  unimp  0xf7c
  000060f0: 000007c8 sp@                   unimp  0x7c8
  000060f4: 00000d84 dup                   unimp  0xd84
  000060f8: 00001978 na1+                  unimp  0x1978
  000060fc: 0000088c r>                    unimp  0x88c
  00006100: 00000f98 1+                    unimp  0xf98
  00006104: 00001a3c /n*                   unimp  0x1a3c
  00006108: 000004dc cmove>                unimp  0x4dc
  0000610c: 00000d3c drop                  unimp  0xd3c
  00006110: 00000a20 unnest                unimp  0xa20

name=between flags=80
  00006120: 7fffe7c9                       call  0x44
  00006124: 8c21a004                       sub  %g6, 4, %g6
  00006128: 00000868 >r                    unimp  0x868
  0000612c: 00000da4 over                  unimp  0xda4
  00006130: 00000d0c <=                    unimp  0xd0c
  00006134: 00000dc8 swap                  unimp  0xdc8
  00006138: 0000088c r>                    unimp  0x88c
  0000613c: 00000d0c <=                    unimp  0xd0c
  00006140: 00000520 and                   unimp  0x520
  00006144: 00000a20 unnest                unimp  0xa20

name=within flags=80
  00006154: 7fffe7bc                       call  0x44
  00006158: 8c21a004                       sub  %g6, 4, %g6
  0000615c: 00000da4 over                  unimp  0xda4
  00006160: 00000648 -                     unimp  0x648
  00006164: 00000868 >r                    unimp  0x868
  00006168: 00000648 -                     unimp  0x648
  0000616c: 0000088c r>                    unimp  0x88c
  00006170: 00000c88 u<                    unimp  0xc88
  00006174: 00000a20 unnest                unimp  0xa20

name=erase flags=80
  00006184: 7fffe7b0                       call  0x44
  00006188: 8c21a004                       sub  %g6, 4, %g6
  0000618c: 00005f9c 0                     unimp  0x5f9c
  00006190: 00001658 fill                  unimp  0x1658
  00006194: 00000a20 unnest                unimp  0xa20

name=blank flags=80
  000061a4: 7fffe7a8                       call  0x44
  000061a8: 8c21a004                       sub  %g6, 4, %g6
  000061ac: 00006080 bl                    unimp  0x6080
  000061b0: 00001658 fill                  unimp  0x1658
  000061b4: 00000a20 unnest                unimp  0xa20

name=pad flags=80
  000061c0: 7fffe7a1                       call  0x44
  000061c4: 8c21a004                       sub  %g6, 4, %g6
  000061c8: 00006880 here                  unimp  0x6880
  000061cc: 000000fc (lit)                 unimp  0xfc
  000061d0: 0000012c                       unimp  0x12c
  000061d4: 00000628 +                     unimp  0x628
  000061d8: 00000a20 unnest                unimp  0xa20

name=depth flags=80
  000061e8: 7fffe797                       call  0x44
  000061ec: 8c21a004                       sub  %g6, 4, %g6
  000061f0: 000007c8 sp@                   unimp  0x7c8
  000061f4: 00002d9c sp0                   unimp  0x2d9c
  000061f8: 000010e0 @                     unimp  0x10e0
  000061fc: 00000dc8 swap                  unimp  0xdc8
  00006200: 00000648 -                     unimp  0x648
  00006204: 00001840 /n                    unimp  0x1840
  00006208: 000028a0 /                     unimp  0x28a0
  0000620c: 00000a20 unnest                unimp  0xa20

name=clear flags=80
  0000621c: 7fffe78a                       call  0x44
  00006220: 8c21a004                       sub  %g6, 4, %g6
  00006224: 00002d9c sp0                   unimp  0x2d9c
  00006228: 000010e0 @                     unimp  0x10e0
  0000622c: 00000828 sp!                   unimp  0x828
  00006230: 00000a20 unnest                unimp  0xa20

name=hex flags=80
  0000623c: 7fffe782                       call  0x44
  00006240: 8c21a004                       sub  %g6, 4, %g6
  00006244: 000000fc (lit)                 unimp  0xfc
  00006248: 00000010 <?>                   unimp  0x10
  0000624c: 00004adc base                  unimp  0x4adc
  00006250: 00001290 !                     unimp  0x1290
  00006254: 00000a20 unnest                unimp  0xa20

name=decimal flags=80
  00006264: 7fffe778                       call  0x44
  00006268: 8c21a004                       sub  %g6, 4, %g6
  0000626c: 000000fc (lit)                 unimp  0xfc
  00006270: 0000000a                       unimp  0xa
  00006274: 00004adc base                  unimp  0x4adc
  00006278: 00001290 !                     unimp  0x1290
  0000627c: 00000a20 unnest                unimp  0xa20

name=octal flags=80
  0000628c: 7fffe76e                       call  0x44
  00006290: 8c21a004                       sub  %g6, 4, %g6
  00006294: 0000603c 8                     unimp  0x603c
  00006298: 00004adc base                  unimp  0x4adc
  0000629c: 00001290 !                     unimp  0x1290
  000062a0: 00000a20 unnest                unimp  0xa20

name=binary flags=80
  000062b0: 7fffe765                       call  0x44
  000062b4: 8c21a004                       sub  %g6, 4, %g6
  000062b8: 00005fc4 2                     unimp  0x5fc4
  000062bc: 00004adc base                  unimp  0x4adc
  000062c0: 00001290 !                     unimp  0x1290
  000062c4: 00000a20 unnest                unimp  0xa20

name=?enough flags=80
  000062d4: 7fffe75c                       call  0x44
  000062d8: 8c21a004                       sub  %g6, 4, %g6
  000062dc: 000061c8 depth                 unimp  0x61c8
  000062e0: 00000fc8 1-                    unimp  0xfc8
  000062e4: 00000bac >                     unimp  0xbac
  000062e8: 0000670c (abort")              unimp  0x670c
  000062ec: 154e6f74                       unknown
  000062f0: 20656e6f                       unknown
  000062f4: 75676820                       call  0xd59e0374
  000062f8: 50617261                       call  0x41862c7c
  000062fc: 6d657465                       call  0xb5963490
  00006300: 72730000                       call  0xc9cc6300
  00006304: 00000a20 unnest                unimp  0xa20

name=ps-size flags=80
  00006314: 7fffe76a                       call  0xbc
  00006318: 8e21e004                       sub  %g7, 4, %g7
  0000631c: 000007fc                       CONSTANT 0x7fc

name=rs-size flags=80
  0000632c: 7fffe764                       call  0xbc
  00006330: 8e21e004                       sub  %g7, 4, %g7
  00006334: 000007fc                       CONSTANT 0x7fc

name=dump-chars flags=80
  00006348: 7fffe73f                       call  0x44
  0000634c: 8c21a004                       sub  %g6, 4, %g6
  00006350: 000000fc (lit)                 unimp  0xfc
  00006354: 00000010 <?>                   unimp  0x10
  00006358: 00006098 bounds                unimp  0x6098
  0000635c: 00000228 (do)                  unimp  0x228
  00006360: 00000048                       unimp  0x48
  00006364: 000002ac i                     unimp  0x2ac
  00006368: 0000117c c@                    unimp  0x117c
  0000636c: 00000d84 dup                   unimp  0xd84
  00006370: 00006080 bl                    unimp  0x6080
  00006374: 000000fc (lit)                 unimp  0xfc
  00006378: 00000080                       unimp  0x80
  0000637c: 00006134 within                unimp  0x6134
  00006380: 00000194 ?branch               unimp  0x194
  00006384: 00000010 <?>                   unimp  0x10
  00006388: 0000452c emit                  unimp  0x452c
  0000638c: 00000174 branch                unimp  0x174
  00006390: 00000010 <?>                   unimp  0x10
  00006394: 00000d3c drop                  unimp  0xd3c
  00006398: 000066c0 (.")                  unimp  0x66c0
  0000639c: 012e0000                       sethi  %hi(0xb8000000), %g0
  000063a0: 000001c0 (loop)                unimp  0x1c0
  000063a4: ffffffc0                       unknown
  000063a8: 00000a20 unnest                unimp  0xa20

name=bdump flags=80
  000063b8: 7fffe723                       call  0x44
  000063bc: 8c21a004                       sub  %g6, 4, %g6
  000063c0: 00004adc base                  unimp  0x4adc
  000063c4: 000010e0 @                     unimp  0x10e0
  000063c8: 00000868 >r                    unimp  0x868
  000063cc: 0000621c hex                   unimp  0x621c
  000063d0: 00006098 bounds                unimp  0x6098
  000063d4: 00000278 (?do)                 unimp  0x278
  000063d8: 00000084                       unimp  0x84
  000063dc: 000002ac i                     unimp  0x2ac
  000063e0: 0000603c 8                     unimp  0x603c
  000063e4: 00004d48 u.r                   unimp  0x4d48
  000063e8: 000066c0 (.")                  unimp  0x66c0
  000063ec: 023a2000                       unknown
  000063f0: 000002ac i                     unimp  0x2ac
  000063f4: 000000fc (lit)                 unimp  0xfc
  000063f8: 00000010 <?>                   unimp  0x10
  000063fc: 00006098 bounds                unimp  0x6098
  00006400: 00000228 (do)                  unimp  0x228
  00006404: 0000003c                       unimp  0x3c
  00006408: 000002ac i                     unimp  0x2ac
  0000640c: 00001818 /l                    unimp  0x1818
  00006410: 00006098 bounds                unimp  0x6098
  00006414: 00000228 (do)                  unimp  0x228
  00006418: 00000018                       unimp  0x18
  0000641c: 000002ac i                     unimp  0x2ac
  00006420: 0000117c c@                    unimp  0x117c
  00006424: 00004eec .2                    unimp  0x4eec
  00006428: 000001c0 (loop)                unimp  0x1c0
  0000642c: fffffff0                       unknown
  00006430: 00004914 space                 unimp  0x4914
  00006434: 00001818 /l                    unimp  0x1818
  00006438: 000001f0 (+loop)               unimp  0x1f0
  0000643c: ffffffcc                       unknown
  00006440: 000002ac i                     unimp  0x2ac
  00006444: 00006328 dump-chars            unimp  0x6328
  00006448: 000046c0 cr                    unimp  0x46c0
  0000644c: 000000fc (lit)                 unimp  0xfc
  00006450: 00000010 <?>                   unimp  0x10
  00006454: 000001f0 (+loop)               unimp  0x1f0
  00006458: ffffff84                       unknown
  0000645c: 0000088c r>                    unimp  0x88c
  00006460: 00004adc base                  unimp  0x4adc
  00006464: 00001290 !                     unimp  0x1290
  00006468: 00000a20 unnest                unimp  0xa20

name=wdump flags=80
  00006478: 7fffe6f3                       call  0x44
  0000647c: 8c21a004                       sub  %g6, 4, %g6
  00006480: 00004adc base                  unimp  0x4adc
  00006484: 000010e0 @                     unimp  0x10e0
  00006488: 00000868 >r                    unimp  0x868
  0000648c: 0000621c hex                   unimp  0x621c
  00006490: 00006098 bounds                unimp  0x6098
  00006494: 00000278 (?do)                 unimp  0x278
  00006498: 00000070                       unimp  0x70
  0000649c: 000002ac i                     unimp  0x2ac
  000064a0: 0000603c 8                     unimp  0x603c
  000064a4: 00004d48 u.r                   unimp  0x4d48
  000064a8: 000066c0 (.")                  unimp  0x66c0
  000064ac: 023a2000                       unknown
  000064b0: 000002ac i                     unimp  0x2ac
  000064b4: 000000fc (lit)                 unimp  0xfc
  000064b8: 00000010 <?>                   unimp  0x10
  000064bc: 00006098 bounds                unimp  0x6098
  000064c0: 00000228 (do)                  unimp  0x228
  000064c4: 00000028                       unimp  0x28
  000064c8: 000002ac i                     unimp  0x2ac
  000064cc: 0000114c w@                    unimp  0x114c
  000064d0: 00005fec 4                     unimp  0x5fec
  000064d4: 00004d48 u.r                   unimp  0x4d48
  000064d8: 00004914 space                 unimp  0x4914
  000064dc: 00004914 space                 unimp  0x4914
  000064e0: 00001804 /w                    unimp  0x1804
  000064e4: 000001f0 (+loop)               unimp  0x1f0
  000064e8: ffffffe0                       unknown
  000064ec: 000002ac i                     unimp  0x2ac
  000064f0: 00006328 dump-chars            unimp  0x6328
  000064f4: 000046c0 cr                    unimp  0x46c0
  000064f8: 000000fc (lit)                 unimp  0xfc
  000064fc: 00000010 <?>                   unimp  0x10
  00006500: 000001f0 (+loop)               unimp  0x1f0
  00006504: ffffff98                       unknown
  00006508: 0000088c r>                    unimp  0x88c
  0000650c: 00004adc base                  unimp  0x4adc
  00006510: 00001290 !                     unimp  0x1290
  00006514: 00000a20 unnest                unimp  0xa20

name=ldump flags=80
  00006524: 7fffe6c8                       call  0x44
  00006528: 8c21a004                       sub  %g6, 4, %g6
  0000652c: 00004adc base                  unimp  0x4adc
  00006530: 000010e0 @                     unimp  0x10e0
  00006534: 00000868 >r                    unimp  0x868
  00006538: 0000621c hex                   unimp  0x621c
  0000653c: 00006098 bounds                unimp  0x6098
  00006540: 00000278 (?do)                 unimp  0x278
  00006544: 00000070                       unimp  0x70
  00006548: 000002ac i                     unimp  0x2ac
  0000654c: 0000603c 8                     unimp  0x603c
  00006550: 00004d48 u.r                   unimp  0x4d48
  00006554: 000066c0 (.")                  unimp  0x66c0
  00006558: 023a2000                       unknown
  0000655c: 000002ac i                     unimp  0x2ac
  00006560: 000000fc (lit)                 unimp  0xfc
  00006564: 00000010 <?>                   unimp  0x10
  00006568: 00006098 bounds                unimp  0x6098
  0000656c: 00000228 (do)                  unimp  0x228
  00006570: 00000028                       unimp  0x28
  00006574: 000002ac i                     unimp  0x2ac
  00006578: 0000111c l@                    unimp  0x111c
  0000657c: 0000603c 8                     unimp  0x603c
  00006580: 00004d48 u.r                   unimp  0x4d48
  00006584: 00004914 space                 unimp  0x4914
  00006588: 00004914 space                 unimp  0x4914
  0000658c: 00001818 /l                    unimp  0x1818
  00006590: 000001f0 (+loop)               unimp  0x1f0
  00006594: ffffffe0                       unknown
  00006598: 000002ac i                     unimp  0x2ac
  0000659c: 00006328 dump-chars            unimp  0x6328
  000065a0: 000046c0 cr                    unimp  0x46c0
  000065a4: 000000fc (lit)                 unimp  0xfc
  000065a8: 00000010 <?>                   unimp  0x10
  000065ac: 000001f0 (+loop)               unimp  0x1f0
  000065b0: ffffff98                       unknown
  000065b4: 0000088c r>                    unimp  0x88c
  000065b8: 00004adc base                  unimp  0x4adc
  000065bc: 00001290 !                     unimp  0x1290
  000065c0: 00000a20 unnest                unimp  0xa20

name=abort flags=80
  000065d0: 7fffe69d                       call  0x44
  000065d4: 8c21a004                       sub  %g6, 4, %g6
  000065d8: 000075c0 mark-error            unimp  0x75c0
  000065dc: 000000fc (lit)                 unimp  0xfc
  000065e0: ffffffff                       unknown
  000065e4: 00005f34 throw                 unimp  0x5f34
  000065e8: 00000a20 unnest                unimp  0xa20

name=abort"-adr flags=80
  000065fc: 7fffe6a1                       call  0x80
  00006600: 8e21e004                       sub  %g7, 4, %g7
  00006604: 000000b8                       USER 0xb8

name=abort"-len flags=80
  00006618: 7fffe69a                       call  0x80
  0000661c: 8e21e004                       sub  %g7, 4, %g7
  00006620: 000000bc                       USER 0xbc

name=show-aborts flags=80
  00006634: 7fffe693                       call  0x80
  00006638: 8e21e004                       sub  %g7, 4, %g7
  0000663c: 000000c0                       USER 0xc0

name=set-abort-message flags=80
  00006658: 7fffe67b                       call  0x44
  0000665c: 8c21a004                       sub  %g6, 4, %g6
  00006660: 00006614 show-aborts           unimp  0x6614
  00006664: 000010e0 @                     unimp  0x10e0
  00006668: 00000194 ?branch               unimp  0x194
  0000666c: 00000020                       unimp  0x20
  00006670: 000066c0 (.")                  unimp  0x66c0
  00006674: 0741626f                       unknown
  00006678: 72743a20                       call  0xc9d14ef8
  0000667c: 00000000 [ENTRY]               unimp  0
  00006680: 00000e64 2dup                  unimp  0xe64
  00006684: 000044fc type                  unimp  0x44fc
  00006688: 000046c0 cr                    unimp  0x46c0
  0000668c: 000065f8 abort"-len            unimp  0x65f8
  00006690: 00001290 !                     unimp  0x1290
  00006694: 000065dc abort"-adr            unimp  0x65dc
  00006698: 00001290 !                     unimp  0x1290
  0000669c: 000075c0 mark-error            unimp  0x75c0
  000066a0: 00000a20 unnest                unimp  0xa20

name=abort-message flags=80
  000066b8: 7fffe663                       call  0x44
  000066bc: 8c21a004                       sub  %g6, 4, %g6
  000066c0: 000065dc abort"-adr            unimp  0x65dc
  000066c4: 000010e0 @                     unimp  0x10e0
  000066c8: 000065f8 abort"-len            unimp  0x65f8
  000066cc: 000010e0 @                     unimp  0x10e0
  000066d0: 00000a20 unnest                unimp  0xa20

name=(.") flags=80
  000066e0: 7fffe659                       call  0x44
  000066e4: 8c21a004                       sub  %g6, 4, %g6
  000066e8: 00001c54 skipstr               unimp  0x1c54
  000066ec: 000044fc type                  unimp  0x44fc
  000066f0: 00000a20 unnest                unimp  0xa20

name=$abort flags=80
  00006700: 7fffe651                       call  0x44
  00006704: 8c21a004                       sub  %g6, 4, %g6
  00006708: 00006638 set-abort-message     unimp  0x6638
  0000670c: 000000fc (lit)                 unimp  0xfc
  00006710: fffffffe                       unknown
  00006714: 00005f34 throw                 unimp  0x5f34
  00006718: 00000a20 unnest                unimp  0xa20

name=(abort") flags=80
  0000672c: 7fffe646                       call  0x44
  00006730: 8c21a004                       sub  %g6, 4, %g6
  00006734: 00000194 ?branch               unimp  0x194
  00006738: 00000014                       unimp  0x14
  0000673c: 00001c54 skipstr               unimp  0x1c54
  00006740: 000066e0 $abort                unimp  0x66e0
  00006744: 00000174 branch                unimp  0x174
  00006748: 0000000c                       unimp  0xc
  0000674c: 00001c54 skipstr               unimp  0x1c54
  00006750: 00000e40 2drop                 unimp  0xe40
  00006754: 00000a20 unnest                unimp  0xa20

name=?throw flags=80
  00006764: 7fffe638                       call  0x44
  00006768: 8c21a004                       sub  %g6, 4, %g6
  0000676c: 00000dc8 swap                  unimp  0xdc8
  00006770: 00000194 ?branch               unimp  0x194
  00006774: 00000010 <?>                   unimp  0x10
  00006778: 00005f34 throw                 unimp  0x5f34
  0000677c: 00000174 branch                unimp  0x174
  00006780: 00000008                       unimp  0x8
  00006784: 00000d3c drop                  unimp  0xd3c
  00006788: 00000a20 unnest                unimp  0xa20

name='lastacf flags=80
  0000679c: 7fffe639                       call  0x80
  000067a0: 8e21e004                       sub  %g7, 4, %g7
  000067a4: 000000c4                       USER 0xc4

name=lastacf flags=80
  000067b4: 7fffe624                       call  0x44
  000067b8: 8c21a004                       sub  %g6, 4, %g6
  000067bc: 0000677c 'lastacf              unimp  0x677c
  000067c0: 00002584 token@                unimp  0x2584
  000067c4: 00000a20 unnest                unimp  0xa20

name=round-down flags=80
  000067d8: 7fffe61b                       call  0x44
  000067dc: 8c21a004                       sub  %g6, 4, %g6
  000067e0: 00000fc8 1-                    unimp  0xfc8
  000067e4: 0000066c invert                unimp  0x66c
  000067e8: 00000520 and                   unimp  0x520
  000067ec: 00000a20 unnest                unimp  0xa20

name=round-up flags=80
  00006800: 7fffe611                       call  0x44
  00006804: 8c21a004                       sub  %g6, 4, %g6
  00006808: 00000fc8 1-                    unimp  0xfc8
  0000680c: 00000a40 tuck                  unimp  0xa40
  00006810: 00000628 +                     unimp  0x628
  00006814: 00000dc8 swap                  unimp  0xdc8
  00006818: 0000066c invert                unimp  0x66c
  0000681c: 00000520 and                   unimp  0x520
  00006820: 00000a20 unnest                unimp  0xa20

name=(align) flags=80
  00006830: 7fffe605                       call  0x44
  00006834: 8c21a004                       sub  %g6, 4, %g6
  00006838: 00000fc8 1-                    unimp  0xfc8
  0000683c: 00000d84 dup                   unimp  0xd84
  00006840: 00006880 here                  unimp  0x6880
  00006844: 00000520 and                   unimp  0x520
  00006848: 00000194 ?branch               unimp  0x194
  0000684c: 00000014                       unimp  0x14
  00006850: 00005f9c 0                     unimp  0x5f9c
  00006854: 00006a14 c,                    unimp  0x6a14
  00006858: 00000174 branch                unimp  0x174
  0000685c: ffffffe0                       unknown
  00006860: 00000d3c drop                  unimp  0xd3c
  00006864: 00000a20 unnest                unimp  0xa20

name=state flags=80
  00006874: 7fffe603                       call  0x80
  00006878: 8e21e004                       sub  %g7, 4, %g7
  0000687c: 000000c8                       USER 0xc8

name=dp flags=80
  00006888: 7fffe5fe                       call  0x80
  0000688c: 8e21e004                       sub  %g7, 4, %g7
  00006890: 000000cc                       USER 0xcc

name=here flags=80
  000068a0: 7fffe5e9                       call  0x44
  000068a4: 8c21a004                       sub  %g6, 4, %g6
  000068a8: 00006868 dp                    unimp  0x6868
  000068ac: 000010e0 @                     unimp  0x10e0
  000068b0: 00000a20 unnest                unimp  0xa20

name=limit flags=80
  000068c0: 7fffe5f6                       call  0x98
  000068c4: 8e21e004                       sub  %g7, 4, %g7
  000068c8: 000000d0 <?>                   VALUE 0xd0

name=unused flags=80
  000068d8: 7fffe5db                       call  0x44
  000068dc: 8c21a004                       sub  %g6, 4, %g6
  000068e0: 000068a0 limit                 unimp  0x68a0
  000068e4: 00006880 here                  unimp  0x6880
  000068e8: 00000648 -                     unimp  0x648
  000068ec: 00000a20 unnest                unimp  0xa20

name=allot-error flags=80
  00006900: 7fffe5ec                       call  0xb0
  00006904: e003e008                       ld  [ %o7 + 8 ], %l0
  00006908: 000000d4                       DEFER 0xd4

name=allot flags=80
  00006918: 7fffe5cb                       call  0x44
  0000691c: 8c21a004                       sub  %g6, 4, %g6
  00006920: 00000d84 dup                   unimp  0xd84
  00006924: 000061a0 pad                   unimp  0x61a0
  00006928: 00000628 +                     unimp  0x628
  0000692c: 000000fc (lit)                 unimp  0xfc
  00006930: 00000064                       unimp  0x64
  00006934: 00000628 +                     unimp  0x628
  00006938: 000068a0 limit                 unimp  0x68a0
  0000693c: 00000c30 u>                    unimp  0xc30
  00006940: 00000194 ?branch               unimp  0x194
  00006944: 00000008                       unimp  0x8
  00006948: 000068e0 allot-error           unimp  0x68e0
  0000694c: 00000d84 dup                   unimp  0xd84
  00006950: 00006868 dp                    unimp  0x6868
  00006954: 000010b4 +!                    unimp  0x10b4
  00006958: 00000d84 dup                   unimp  0xd84
  0000695c: 00000af0 0<                    unimp  0xaf0
  00006960: 00000194 ?branch               unimp  0x194
  00006964: 0000001c                       unimp  0x1c
  00006968: 00006880 here                  unimp  0x6880
  0000696c: 00000dc8 swap                  unimp  0xdc8
  00006970: 00000688 negate                unimp  0x688
  00006974: 000028ec clear-relocation-bits  unimp  0x28ec
  00006978: 00000174 branch                unimp  0x174
  0000697c: 00000008                       unimp  0x8
  00006980: 00000d3c drop                  unimp  0xd3c
  00006984: 00000a20 unnest                unimp  0xa20

name=allot-abort flags=80
  00006998: 7fffe5ab                       call  0x44
  0000699c: 8c21a004                       sub  %g6, 4, %g6
  000069a0: 000066c0 (.")                  unimp  0x66c0
  000069a4: 1b446963                       unknown
  000069a8: 74696f6e                       call  0xd1a62760
  000069ac: 61727920                       call  0x85ca4e2c
  000069b0: 6f766572                       call  0xbdd9ff78
  000069b4: 666c6f77                       call  0x99b22790
  000069b8: 202d2068                       unknown
  000069bc: 65726520                       call  0x95c9fe3c
  000069c0: 00000000 [ENTRY]               unimp  0
  000069c4: 00006880 here                  unimp  0x6880
  000069c8: 0000503c .                     unimp  0x503c
  000069cc: 000066c0 (.")                  unimp  0x66c0
  000069d0: 066c696d                       unknown
  000069d4: 69742000                       call  0xa5d0e9d4
  000069d8: 000068a0 limit                 unimp  0x68a0
  000069dc: 0000503c .                     unimp  0x503c
  000069e0: 000046c0 cr                    unimp  0x46c0
  000069e4: 000065b0 abort                 unimp  0x65b0
  000069e8: 00000a20 unnest                unimp  0xa20

name=bits/cell flags=80
  000069fc: 7fffe5b0                       call  0xbc
  00006a00: 8e21e004                       sub  %g7, 4, %g7
  00006a04: 00000020                       CONSTANT 0x20

name=, flags=80
  00006a10: 7fffe58d                       call  0x44
  00006a14: 8c21a004                       sub  %g6, 4, %g6
  00006a18: 00006880 here                  unimp  0x6880
  00006a1c: 00001840 /n                    unimp  0x1840
  00006a20: 000068f8 allot                 unimp  0x68f8
  00006a24: 000014b8 unaligned-!           unimp  0x14b8
  00006a28: 00000a20 unnest                unimp  0xa20

name=c, flags=80
  00006a34: 7fffe584                       call  0x44
  00006a38: 8c21a004                       sub  %g6, 4, %g6
  00006a3c: 00006880 here                  unimp  0x6880
  00006a40: 00000d84 dup                   unimp  0xd84
  00006a44: 0000e784 set-swap-bit          unimp  0xe784
  00006a48: 000017f0 /c                    unimp  0x17f0
  00006a4c: 000068f8 allot                 unimp  0x68f8
  00006a50: 00001424 c!                    unimp  0x1424
  00006a54: 00000a20 unnest                unimp  0xa20

name=w, flags=80
  00006a60: 7fffe579                       call  0x44
  00006a64: 8c21a004                       sub  %g6, 4, %g6
  00006a68: 00006880 here                  unimp  0x6880
  00006a6c: 00001804 /w                    unimp  0x1804
  00006a70: 000068f8 allot                 unimp  0x68f8
  00006a74: 00001400 w!                    unimp  0x1400
  00006a78: 00000a20 unnest                unimp  0xa20

name=l, flags=80
  00006a84: 7fffe570                       call  0x44
  00006a88: 8c21a004                       sub  %g6, 4, %g6
  00006a8c: 00006880 here                  unimp  0x6880
  00006a90: 00001818 /l                    unimp  0x1818
  00006a94: 000068f8 allot                 unimp  0x68f8
  00006a98: 00001568 unaligned-l!          unimp  0x1568
  00006a9c: 00000a20 unnest                unimp  0xa20

name=d, flags=80
  00006aa8: 7fffe567                       call  0x44
  00006aac: 8c21a004                       sub  %g6, 4, %g6
  00006ab0: 00000dc8 swap                  unimp  0xdc8
  00006ab4: 000069f0 ,                     unimp  0x69f0
  00006ab8: 000069f0 ,                     unimp  0x69f0
  00006abc: 00000a20 unnest                unimp  0xa20

name=compile, flags=80
  00006ad0: 7fffe55d                       call  0x44
  00006ad4: 8c21a004                       sub  %g6, 4, %g6
  00006ad8: 000025d0 token,                unimp  0x25d0
  00006adc: 00000a20 unnest                unimp  0xa20

name=compile flags=80
  00006aec: 7fffe556                       call  0x44
  00006af0: 8c21a004                       sub  %g6, 4, %g6
  00006af4: 00000994 ip>                   unimp  0x994
  00006af8: 00000d84 dup                   unimp  0xd84
  00006afc: 000019b0 ta1+                  unimp  0x19b0
  00006b00: 00000970 >ip                   unimp  0x970
  00006b04: 00002584 token@                unimp  0x2584
  00006b08: 00006ab0 compile,              unimp  0x6ab0
  00006b0c: 00000a20 unnest                unimp  0xa20

name=?pairs flags=80
  00006b1c: 7fffe54a                       call  0x44
  00006b20: 8c21a004                       sub  %g6, 4, %g6
  00006b24: 00000c04 <>                    unimp  0xc04
  00006b28: 0000670c (abort")              unimp  0x670c
  00006b2c: 1a436f6e                       unknown
  00006b30: 74726f6c                       call  0xd1ca28e0
  00006b34: 20737472                       unknown
  00006b38: 75637475                       call  0xd58e3d0c
  00006b3c: 7265206d                       call  0xc994ecf0
  00006b40: 69736d61                       call  0xa5ce20c4
  00006b44: 74636800                       call  0xd18e0b44
  00006b48: 00000a20 unnest                unimp  0xa20

name=?comp flags=80
  00006b58: 7fffe53b                       call  0x44
  00006b5c: 8c21a004                       sub  %g6, 4, %g6
  00006b60: 00006854 state                 unimp  0x6854
  00006b64: 000010e0 @                     unimp  0x10e0
  00006b68: 00000aa8 0=                    unimp  0xaa8
  00006b6c: 0000670c (abort")              unimp  0x670c
  00006b70: 11436f6d                       unknown
  00006b74: 70696c61                       call  0xc1a61cf8
  00006b78: 74696f6e                       call  0xd1a62930
  00006b7c: 204f6e6c                       unknown
  00006b80: 79200000                       call  0xe4806b80
  00006b84: 00000a20 unnest                unimp  0xa20

name=?exec flags=80
  00006b94: 7fffe52c                       call  0x44
  00006b98: 8c21a004                       sub  %g6, 4, %g6
  00006b9c: 00006854 state                 unimp  0x6854
  00006ba0: 000010e0 @                     unimp  0x10e0
  00006ba4: 0000670c (abort")              unimp  0x670c
  00006ba8: 0f457865                       unknown
  00006bac: 63757469                       call  0x8dd63d50
  00006bb0: 6f6e204f                       call  0xbdb8ecec
  00006bb4: 6e6c7920                       call  0xb9b25034
  00006bb8: 00000000 [ENTRY]               unimp  0
  00006bbc: 00000a20 unnest                unimp  0xa20

name=defined? flags=80
  00006bd0: 7fffe51d                       call  0x44
  00006bd4: 8c21a004                       sub  %g6, 4, %g6
  00006bd8: 00006ce4 safe-parse-word       unimp  0x6ce4
  00006bdc: 00009bcc $find                 unimp  0x9bcc
  00006be0: 00000d84 dup                   unimp  0xd84
  00006be4: 00000194 ?branch               unimp  0x194
  00006be8: 00000010 <?>                   unimp  0x10
  00006bec: 00000a64 nip                   unimp  0xa64
  00006bf0: 00000174 branch                unimp  0x174
  00006bf4: 0000000c                       unimp  0xc
  00006bf8: 00000a64 nip                   unimp  0xa64
  00006bfc: 00000a64 nip                   unimp  0xa64
  00006c00: 00000a20 unnest                unimp  0xa20

name=$defined flags=80
  00006c14: 7fffe50c                       call  0x44
  00006c18: 8c21a004                       sub  %g6, 4, %g6
  00006c1c: 00006ce4 safe-parse-word       unimp  0x6ce4
  00006c20: 00009bcc $find                 unimp  0x9bcc
  00006c24: 00000a20 unnest                unimp  0xa20

name=$?missing flags=80
  00006c38: 7fffe503                       call  0x44
  00006c3c: 8c21a004                       sub  %g6, 4, %g6
  00006c40: 00000d84 dup                   unimp  0xd84
  00006c44: 00000aa8 0=                    unimp  0xaa8
  00006c48: 00000194 ?branch               unimp  0x194
  00006c4c: 00000010 <?>                   unimp  0x10
  00006c50: 00000d3c drop                  unimp  0xd3c
  00006c54: 00007ad4 .not-found            unimp  0x7ad4
  00006c58: 000065b0 abort                 unimp  0x65b0
  00006c5c: 00000a20 unnest                unimp  0xa20

name='i flags=80
  00006c68: 7fffe4f7                       call  0x44
  00006c6c: 8c21a004                       sub  %g6, 4, %g6
  00006c70: 00006bf4 $defined              unimp  0x6bf4
  00006c74: 00006c18 $?missing             unimp  0x6c18
  00006c78: 00000a20 unnest                unimp  0xa20

name=literal flags=c0
  00006c88: 7fffe4ef                       call  0x44
  00006c8c: 8c21a004                       sub  %g6, 4, %g6
  00006c90: 00006acc compile               unimp  0x6acc
  00006c94: 000000fc (lit)                 unimp  0xfc
  00006c98: 000069f0 ,                     unimp  0x69f0
  00006c9c: 00000a20 unnest                unimp  0xa20

name=lliteral flags=c0
  00006cb0: 7fffe4e5                       call  0x44
  00006cb4: 8c21a004                       sub  %g6, 4, %g6
  00006cb8: 00006acc compile               unimp  0x6acc
  00006cbc: 0000014c (llit)                unimp  0x14c
  00006cc0: 00006a64 l,                    unimp  0x6a64
  00006cc4: 00000a20 unnest                unimp  0xa20

name=dliteral flags=c0
  00006cd8: 7fffe4db                       call  0x44
  00006cdc: 8c21a004                       sub  %g6, 4, %g6
  00006ce0: 00006acc compile               unimp  0x6acc
  00006ce4: 00003650 (dlit)                unimp  0x3650
  00006ce8: 00006a88 d,                    unimp  0x6a88
  00006cec: 00000a20 unnest                unimp  0xa20

name=safe-parse-word flags=80
  00006d04: 7fffe4d0                       call  0x44
  00006d08: 8c21a004                       sub  %g6, 4, %g6
  00006d0c: 0000cb04 parse-word            unimp  0xcb04
  00006d10: 00000d84 dup                   unimp  0xd84
  00006d14: 00000aa8 0=                    unimp  0xaa8
  00006d18: 0000670c (abort")              unimp  0x670c
  00006d1c: 16556e65                       unknown
  00006d20: 78706563                       call  0xe1c202ac
  00006d24: 74656420                       call  0xd195fda4
  00006d28: 656e642d                       call  0x95b9fddc
  00006d2c: 6f662d6c                       call  0xbd9922dc
  00006d30: 696e6500                       call  0xa5ba0130
  00006d34: 00000a20 unnest                unimp  0xa20

name=char flags=80
  00006d44: 7fffe4c0                       call  0x44
  00006d48: 8c21a004                       sub  %g6, 4, %g6
  00006d4c: 00006ce4 safe-parse-word       unimp  0x6ce4
  00006d50: 00000d3c drop                  unimp  0xd3c
  00006d54: 0000117c c@                    unimp  0x117c
  00006d58: 00000a20 unnest                unimp  0xa20

name=[char] flags=c0
  00006d68: 7fffe4b7                       call  0x44
  00006d6c: 8c21a004                       sub  %g6, 4, %g6
  00006d70: 00006d24 char                  unimp  0x6d24
  00006d74: 00005fb0 1                     unimp  0x5fb0
  00006d78: 00007900 do-literal            unimp  0x7900
  00006d7c: 00000a20 unnest                unimp  0xa20

name=ascii flags=c0
  00006d8c: 7fffe4ae                       call  0x44
  00006d90: 8c21a004                       sub  %g6, 4, %g6
  00006d94: 00006d24 char                  unimp  0x6d24
  00006d98: 00005fb0 1                     unimp  0x5fb0
  00006d9c: 00007900 do-literal            unimp  0x7900
  00006da0: 00000a20 unnest                unimp  0xa20

name=control flags=c0
  00006db0: 7fffe4a5                       call  0x44
  00006db4: 8c21a004                       sub  %g6, 4, %g6
  00006db8: 00006d24 char                  unimp  0x6d24
  00006dbc: 00006080 bl                    unimp  0x6080
  00006dc0: 00000fc8 1-                    unimp  0xfc8
  00006dc4: 00000520 and                   unimp  0x520
  00006dc8: 00005fb0 1                     unimp  0x5fb0
  00006dcc: 00007900 do-literal            unimp  0x7900
  00006dd0: 00000a20 unnest                unimp  0xa20

name=' flags=80
  00006ddc: 7fffe49a                       call  0x44
  00006de0: 8c21a004                       sub  %g6, 4, %g6
  00006de4: 00006c48 'i                    unimp  0x6c48
  00006de8: 00000d3c drop                  unimp  0xd3c
  00006dec: 00000a20 unnest                unimp  0xa20

name=['] flags=c0
  00006df8: 7fffe493                       call  0x44
  00006dfc: 8c21a004                       sub  %g6, 4, %g6
  00006e00: 0000700c +level                unimp  0x700c
  00006e04: 00006dbc '                     unimp  0x6dbc
  00006e08: 00006acc compile               unimp  0x6acc
  00006e0c: 00001c28 (')                   unimp  0x1c28
  00006e10: 00006ab0 compile,              unimp  0x6ab0
  00006e14: 000070a4 -level                unimp  0x70a4
  00006e18: 00000a20 unnest                unimp  0xa20

name=[compile] flags=c0
  00006e2c: 7fffe486                       call  0x44
  00006e30: 8c21a004                       sub  %g6, 4, %g6
  00006e34: 00006dbc '                     unimp  0x6dbc
  00006e38: 00006ab0 compile,              unimp  0x6ab0
  00006e3c: 00000a20 unnest                unimp  0xa20

name=postpone flags=c0
  00006e50: 7fffe47d                       call  0x44
  00006e54: 8c21a004                       sub  %g6, 4, %g6
  00006e58: 00006c48 'i                    unimp  0x6c48
  00006e5c: 00000af0 0<                    unimp  0xaf0
  00006e60: 00000194 ?branch               unimp  0x194
  00006e64: 0000000c                       unimp  0xc
  00006e68: 00006acc compile               unimp  0x6acc
  00006e6c: 00006acc compile               unimp  0x6acc
  00006e70: 00006ab0 compile,              unimp  0x6ab0
  00006e74: 00000a20 unnest                unimp  0xa20

name=recurse flags=c0
  00006e84: 7fffe470                       call  0x44
  00006e88: 8c21a004                       sub  %g6, 4, %g6
  00006e8c: 00006794 lastacf               unimp  0x6794
  00006e90: 00006ab0 compile,              unimp  0x6ab0
  00006e94: 00000a20 unnest                unimp  0xa20

name=abort" flags=c0
  00006ea4: 7fffe468                       call  0x44
  00006ea8: 8c21a004                       sub  %g6, 4, %g6
  00006eac: 0000700c +level                unimp  0x700c
  00006eb0: 00006acc compile               unimp  0x6acc
  00006eb4: 0000670c (abort")              unimp  0x670c
  00006eb8: 00005858 ,"                    unimp  0x5858
  00006ebc: 000070a4 -level                unimp  0x70a4
  00006ec0: 00000a20 unnest                unimp  0xa20

name=saved-dp flags=80
  00006ed4: 7fffe46b                       call  0x80
  00006ed8: 8e21e004                       sub  %g7, 4, %g7
  00006edc: 000000d8                       USER 0xd8

name=saved-limit flags=80
  00006ef0: 7fffe464                       call  0x80
  00006ef4: 8e21e004                       sub  %g7, 4, %g7
  00006ef8: 000000dc                       USER 0xdc

name=level flags=80
  00006f08: 7fffe45e                       call  0x80
  00006f0c: 8e21e004                       sub  %g7, 4, %g7
  00006f10: 000000e0                       USER 0xe0

name=/compile-buffer flags=80
  00006f28: 7fffe465                       call  0xbc
  00006f2c: 8e21e004                       sub  %g7, 4, %g7
  00006f30: 00001000                       CONSTANT 0x1000

name='compile-buffer flags=80
  00006f48: 7fffe44e                       call  0x80
  00006f4c: 8e21e004                       sub  %g7, 4, %g7
  00006f50: 000000e4                       USER 0xe4

name=compile-buffer flags=80
  00006f68: 7fffe437                       call  0x44
  00006f6c: 8c21a004                       sub  %g6, 4, %g6
  00006f70: 00006f28 'compile-buffer       unimp  0x6f28
  00006f74: 000010e0 @                     unimp  0x10e0
  00006f78: 00000a20 unnest                unimp  0xa20

name=init flags=80
  00006f88: 7fffe42f                       call  0x44
  00006f8c: 8c21a004                       sub  %g6, 4, %g6
  00006f90: 0000521c init                  unimp  0x521c
  00006f94: 00006ee8 level                 unimp  0x6ee8
  00006f98: 00001094 off                   unimp  0x1094
  00006f9c: 00006f08 /compile-buffer       unimp  0x6f08
  00006fa0: 00004614 alloc-mem             unimp  0x4614
  00006fa4: 00006f28 'compile-buffer       unimp  0x6f28
  00006fa8: 00001290 !                     unimp  0x1290
  00006fac: 00000a20 unnest                unimp  0xa20

name=reset-dp flags=80
  00006fc0: 7fffe421                       call  0x44
  00006fc4: 8c21a004                       sub  %g6, 4, %g6
  00006fc8: 00006eb4 saved-dp              unimp  0x6eb4
  00006fcc: 000010e0 @                     unimp  0x10e0
  00006fd0: 00006868 dp                    unimp  0x6868
  00006fd4: 00001290 !                     unimp  0x1290
  00006fd8: 00006ed0 saved-limit           unimp  0x6ed0
  00006fdc: 000010e0 @                     unimp  0x10e0
  00006fe0: 0000a3c0 (is)                  unimp  0xa3c0
  00006fe4: 000068a0 limit                 unimp  0x68a0
  00006fe8: 00000a20 unnest                unimp  0xa20

name=0level flags=80
  00006ff8: 7fffe413                       call  0x44
  00006ffc: 8c21a004                       sub  %g6, 4, %g6
  00007000: 00006ee8 level                 unimp  0x6ee8
  00007004: 000010e0 @                     unimp  0x10e0
  00007008: 00000194 ?branch               unimp  0x194
  0000700c: 00000010 <?>                   unimp  0x10
  00007010: 00006ee8 level                 unimp  0x6ee8
  00007014: 00001094 off                   unimp  0x1094
  00007018: 00006fa0 reset-dp              unimp  0x6fa0
  0000701c: 00000a20 unnest                unimp  0xa20

name=+level flags=80
  0000702c: 7fffe406                       call  0x44
  00007030: 8c21a004                       sub  %g6, 4, %g6
  00007034: 00006ee8 level                 unimp  0x6ee8
  00007038: 000010e0 @                     unimp  0x10e0
  0000703c: 00000194 ?branch               unimp  0x194
  00007040: 00000018                       unimp  0x18
  00007044: 00005fb0 1                     unimp  0x5fb0
  00007048: 00006ee8 level                 unimp  0x6ee8
  0000704c: 000010b4 +!                    unimp  0x10b4
  00007050: 00000174 branch                unimp  0x174
  00007054: 00000060 <USER>                unimp  0x60
  00007058: 00006854 state                 unimp  0x6854
  0000705c: 000010e0 @                     unimp  0x10e0
  00007060: 00000aa8 0=                    unimp  0xaa8
  00007064: 00000194 ?branch               unimp  0x194
  00007068: 0000004c <VARIABLE>            unimp  0x4c
  0000706c: 00005fb0 1                     unimp  0x5fb0
  00007070: 00006ee8 level                 unimp  0x6ee8
  00007074: 00001290 !                     unimp  0x1290
  00007078: 00006880 here                  unimp  0x6880
  0000707c: 00006eb4 saved-dp              unimp  0x6eb4
  00007080: 00001290 !                     unimp  0x1290
  00007084: 000068a0 limit                 unimp  0x68a0
  00007088: 00006ed0 saved-limit           unimp  0x6ed0
  0000708c: 00001290 !                     unimp  0x1290
  00007090: 00006f48 compile-buffer        unimp  0x6f48
  00007094: 00006868 dp                    unimp  0x6868
  00007098: 00001290 !                     unimp  0x1290
  0000709c: 00006f48 compile-buffer        unimp  0x6f48
  000070a0: 00006f08 /compile-buffer       unimp  0x6f08
  000070a4: 00000628 +                     unimp  0x628
  000070a8: 0000a3c0 (is)                  unimp  0xa3c0
  000070ac: 000068a0 limit                 unimp  0x68a0
  000070b0: 00007bd8 ]                     unimp  0x7bd8
  000070b4: 00000a20 unnest                unimp  0xa20

name=-level flags=80
  000070c4: 7fffe3e0                       call  0x44
  000070c8: 8c21a004                       sub  %g6, 4, %g6
  000070cc: 00006854 state                 unimp  0x6854
  000070d0: 000010e0 @                     unimp  0x10e0
  000070d4: 00000aa8 0=                    unimp  0xaa8
  000070d8: 0000670c (abort")              unimp  0x670c
  000070dc: 1a436f6e                       unknown
  000070e0: 74726f6c                       call  0xd1ca2e90
  000070e4: 20737472                       unknown
  000070e8: 75637475                       call  0xd58e42bc
  000070ec: 7265206d                       call  0xc994f2a0
  000070f0: 69736d61                       call  0xa5ce2674
  000070f4: 74636800                       call  0xd18e10f4
  000070f8: 00006ee8 level                 unimp  0x6ee8
  000070fc: 000010e0 @                     unimp  0x10e0
  00007100: 00000194 ?branch               unimp  0x194
  00007104: 00000044                       unimp  0x44
  00007108: 00006ee8 level                 unimp  0x6ee8
  0000710c: 000010e0 @                     unimp  0x10e0
  00007110: 00005fb0 1                     unimp  0x5fb0
  00007114: 00000bd8 =                     unimp  0xbd8
  00007118: 00000194 ?branch               unimp  0x194
  0000711c: 0000001c                       unimp  0x1c
  00007120: 00006acc compile               unimp  0x6acc
  00007124: 00000a20 unnest                unimp  0xa20
  00007128: 00006fa0 reset-dp              unimp  0x6fa0
  0000712c: 00007b80 [                     unimp  0x7b80
  00007130: 00006f48 compile-buffer        unimp  0x6f48
  00007134: 00000970 >ip                   unimp  0x970
  00007138: 000000fc (lit)                 unimp  0xfc
  0000713c: ffffffff                       unknown
  00007140: 00006ee8 level                 unimp  0x6ee8
  00007144: 000010b4 +!                    unimp  0x10b4
  00007148: 00000a20 unnest                unimp  0xa20

name=+>mark flags=80
  00007158: 7fffe3bb                       call  0x44
  0000715c: 8c21a004                       sub  %g6, 4, %g6
  00007160: 0000700c +level                unimp  0x700c
  00007164: 00006ab0 compile,              unimp  0x6ab0
  00007168: 00006880 here                  unimp  0x6880
  0000716c: 00005f9c 0                     unimp  0x5f9c
  00007170: 00002470 branch,               unimp  0x2470
  00007174: 00000a20 unnest                unimp  0xa20

name=+<mark flags=80
  00007184: 7fffe3b0                       call  0x44
  00007188: 8c21a004                       sub  %g6, 4, %g6
  0000718c: 0000700c +level                unimp  0x700c
  00007190: 00006880 here                  unimp  0x6880
  00007194: 00000a20 unnest                unimp  0xa20

name=->resolve flags=80
  000071a8: 7fffe3a7                       call  0x44
  000071ac: 8c21a004                       sub  %g6, 4, %g6
  000071b0: 00006880 here                  unimp  0x6880
  000071b4: 00000da4 over                  unimp  0xda4
  000071b8: 00000648 -                     unimp  0x648
  000071bc: 00000dc8 swap                  unimp  0xdc8
  000071c0: 0000248c branch!               unimp  0x248c
  000071c4: 000070a4 -level                unimp  0x70a4
  000071c8: 00000a20 unnest                unimp  0xa20

name=-<resolve flags=80
  000071dc: 7fffe39a                       call  0x44
  000071e0: 8c21a004                       sub  %g6, 4, %g6
  000071e4: 00006ab0 compile,              unimp  0x6ab0
  000071e8: 00006880 here                  unimp  0x6880
  000071ec: 00000648 -                     unimp  0x648
  000071f0: 00002470 branch,               unimp  0x2470
  000071f4: 000070a4 -level                unimp  0x70a4
  000071f8: 00000a20 unnest                unimp  0xa20

name=but flags=80
  00007204: 7fffe390                       call  0x44
  00007208: 8c21a004                       sub  %g6, 4, %g6
  0000720c: 00000dc8 swap                  unimp  0xdc8
  00007210: 00000a20 unnest                unimp  0xa20

name=yet flags=80
  0000721c: 7fffe38a                       call  0x44
  00007220: 8c21a004                       sub  %g6, 4, %g6
  00007224: 00000d84 dup                   unimp  0xd84
  00007228: 00000a20 unnest                unimp  0xa20

name=cs-pick flags=80
  00007238: 7fffe383                       call  0x44
  0000723c: 8c21a004                       sub  %g6, 4, %g6
  00007240: 00000f7c pick                  unimp  0xf7c
  00007244: 00000a20 unnest                unimp  0xa20

name=cs-roll flags=80
  00007254: 7fffe37c                       call  0x44
  00007258: 8c21a004                       sub  %g6, 4, %g6
  0000725c: 000060bc roll                  unimp  0x60bc
  00007260: 00000a20 unnest                unimp  0xa20

name=begin flags=c0
  00007270: 7fffe375                       call  0x44
  00007274: 8c21a004                       sub  %g6, 4, %g6
  00007278: 00007164 +<mark                unimp  0x7164
  0000727c: 00000a20 unnest                unimp  0xa20

name=until flags=c0
  0000728c: 7fffe36e                       call  0x44
  00007290: 8c21a004                       sub  %g6, 4, %g6
  00007294: 00001c28 (')                   unimp  0x1c28
  00007298: 00000194 ?branch               unimp  0x194
  0000729c: 000071bc -<resolve             unimp  0x71bc
  000072a0: 00000a20 unnest                unimp  0xa20

name=again flags=c0
  000072b0: 7fffe365                       call  0x44
  000072b4: 8c21a004                       sub  %g6, 4, %g6
  000072b8: 00001c28 (')                   unimp  0x1c28
  000072bc: 00000174 branch                unimp  0x174
  000072c0: 000071bc -<resolve             unimp  0x71bc
  000072c4: 00000a20 unnest                unimp  0xa20

name=if flags=c0
  000072d0: 7fffe35d                       call  0x44
  000072d4: 8c21a004                       sub  %g6, 4, %g6
  000072d8: 00001c28 (')                   unimp  0x1c28
  000072dc: 00000194 ?branch               unimp  0x194
  000072e0: 00007138 +>mark                unimp  0x7138
  000072e4: 00000a20 unnest                unimp  0xa20

name=ahead flags=c0
  000072f4: 7fffe354                       call  0x44
  000072f8: 8c21a004                       sub  %g6, 4, %g6
  000072fc: 00001c28 (')                   unimp  0x1c28
  00007300: 00000174 branch                unimp  0x174
  00007304: 00007138 +>mark                unimp  0x7138
  00007308: 00000a20 unnest                unimp  0xa20

name=then flags=c0
  00007318: 7fffe34b                       call  0x44
  0000731c: 8c21a004                       sub  %g6, 4, %g6
  00007320: 00007188 ->resolve             unimp  0x7188
  00007324: 00000a20 unnest                unimp  0xa20

name=repeat flags=c0
  00007334: 7fffe344                       call  0x44
  00007338: 8c21a004                       sub  %g6, 4, %g6
  0000733c: 00007290 again                 unimp  0x7290
  00007340: 000072f8 then                  unimp  0x72f8
  00007344: 00000a20 unnest                unimp  0xa20

name=else flags=c0
  00007354: 7fffe33c                       call  0x44
  00007358: 8c21a004                       sub  %g6, 4, %g6
  0000735c: 000072d4 ahead                 unimp  0x72d4
  00007360: 000071e4 but                   unimp  0x71e4
  00007364: 000072f8 then                  unimp  0x72f8
  00007368: 00000a20 unnest                unimp  0xa20

name=while flags=c0
  00007378: 7fffe333                       call  0x44
  0000737c: 8c21a004                       sub  %g6, 4, %g6
  00007380: 000072b0 if                    unimp  0x72b0
  00007384: 000071e4 but                   unimp  0x71e4
  00007388: 00000a20 unnest                unimp  0xa20

name=do flags=c0
  00007394: 7fffe32c                       call  0x44
  00007398: 8c21a004                       sub  %g6, 4, %g6
  0000739c: 00001c28 (')                   unimp  0x1c28
  000073a0: 00000228 (do)                  unimp  0x228
  000073a4: 00007138 +>mark                unimp  0x7138
  000073a8: 00007164 +<mark                unimp  0x7164
  000073ac: 00000a20 unnest                unimp  0xa20

name=?do flags=c0
  000073b8: 7fffe323                       call  0x44
  000073bc: 8c21a004                       sub  %g6, 4, %g6
  000073c0: 00001c28 (')                   unimp  0x1c28
  000073c4: 00000278 (?do)                 unimp  0x278
  000073c8: 00007138 +>mark                unimp  0x7138
  000073cc: 00007164 +<mark                unimp  0x7164
  000073d0: 00000a20 unnest                unimp  0xa20

name=loop flags=c0
  000073e0: 7fffe319                       call  0x44
  000073e4: 8c21a004                       sub  %g6, 4, %g6
  000073e8: 00001c28 (')                   unimp  0x1c28
  000073ec: 000001c0 (loop)                unimp  0x1c0
  000073f0: 000071bc -<resolve             unimp  0x71bc
  000073f4: 00007188 ->resolve             unimp  0x7188
  000073f8: 00000a20 unnest                unimp  0xa20

name=+loop flags=c0
  00007408: 7fffe30f                       call  0x44
  0000740c: 8c21a004                       sub  %g6, 4, %g6
  00007410: 00001c28 (')                   unimp  0x1c28
  00007414: 000001f0 (+loop)               unimp  0x1f0
  00007418: 000071bc -<resolve             unimp  0x71bc
  0000741c: 00007188 ->resolve             unimp  0x7188
  00007420: 00000a20 unnest                unimp  0xa20

name=leave flags=c0
  00007430: 7fffe305                       call  0x44
  00007434: 8c21a004                       sub  %g6, 4, %g6
  00007438: 00006acc compile               unimp  0x6acc
  0000743c: 00000300 (leave)               unimp  0x300
  00007440: 00000a20 unnest                unimp  0xa20

name=?leave flags=c0
  00007450: 7fffe2fd                       call  0x44
  00007454: 8c21a004                       sub  %g6, 4, %g6
  00007458: 00006acc compile               unimp  0x6acc
  0000745c: 0000032c (?leave)              unimp  0x32c
  00007460: 00000a20 unnest                unimp  0xa20

name=@user# flags=80
  00007470: 7fffe2f5                       call  0x44
  00007474: 8c21a004                       sub  %g6, 4, %g6
  00007478: 0000111c l@                    unimp  0x111c
  0000747c: 00000a20 unnest                unimp  0xa20

name=>user flags=80
  0000748c: 7fffe2ee                       call  0x44
  00007490: 8c21a004                       sub  %g6, 4, %g6
  00007494: 00007450 @user#                unimp  0x7450
  00007498: 000007a8 up@                   unimp  0x7a8
  0000749c: 00000628 +                     unimp  0x628
  000074a0: 00000a20 unnest                unimp  0xa20

name=user#, flags=80
  000074b0: 7fffe2e5                       call  0x44
  000074b4: 8c21a004                       sub  %g6, 4, %g6
  000074b8: 00006880 here                  unimp  0x6880
  000074bc: 00000dc8 swap                  unimp  0xdc8
  000074c0: 00002cbc ualloc                unimp  0x2cbc
  000074c4: 00006a64 l,                    unimp  0x6a64
  000074c8: 0000746c >user                 unimp  0x746c
  000074cc: 00000a20 unnest                unimp  0xa20

name=.id flags=80
  000074d8: 7fffe2db                       call  0x44
  000074dc: 8c21a004                       sub  %g6, 4, %g6
  000074e0: 000089d8 name>string           unimp  0x89d8
  000074e4: 000044fc type                  unimp  0x44fc
  000074e8: 00004914 space                 unimp  0x4914
  000074ec: 00000a20 unnest                unimp  0xa20

name=.name flags=80
  000074fc: 7fffe2d2                       call  0x44
  00007500: 8c21a004                       sub  %g6, 4, %g6
  00007504: 000091c0 >name                 unimp  0x91c0
  00007508: 000074b8 .id                   unimp  0x74b8
  0000750c: 00000a20 unnest                unimp  0xa20

name=warning flags=80
  0000751c: 7fffe2d9                       call  0x80
  00007520: 8e21e004                       sub  %g7, 4, %g7
  00007524: 000000e8                       USER 0xe8

name=case flags=c0
  00007534: 7fffe2c4                       call  0x44
  00007538: 8c21a004                       sub  %g6, 4, %g6
  0000753c: 0000700c +level                unimp  0x700c
  00007540: 00005f9c 0                     unimp  0x5f9c
  00007544: 00000a20 unnest                unimp  0xa20

name=of flags=c0
  00007550: 7fffe2bd                       call  0x44
  00007554: 8c21a004                       sub  %g6, 4, %g6
  00007558: 00001c28 (')                   unimp  0x1c28
  0000755c: 00000370 (of)                  unimp  0x370
  00007560: 00007138 +>mark                unimp  0x7138
  00007564: 00000a20 unnest                unimp  0xa20

name=endof flags=c0
  00007574: 7fffe2b4                       call  0x44
  00007578: 8c21a004                       sub  %g6, 4, %g6
  0000757c: 00001c28 (')                   unimp  0x1c28
  00007580: 000003bc (endof)               unimp  0x3bc
  00007584: 00007138 +>mark                unimp  0x7138
  00007588: 000071e4 but                   unimp  0x71e4
  0000758c: 00007188 ->resolve             unimp  0x7188
  00007590: 00000a20 unnest                unimp  0xa20

name=endcase flags=c0
  000075a0: 7fffe2a9                       call  0x44
  000075a4: 8c21a004                       sub  %g6, 4, %g6
  000075a8: 00006acc compile               unimp  0x6acc
  000075ac: 000003e0 (endcase)             unimp  0x3e0
  000075b0: 00000d5c ?dup                  unimp  0xd5c
  000075b4: 00000194 ?branch               unimp  0x194
  000075b8: 00000010 <?>                   unimp  0x10
  000075bc: 00007188 ->resolve             unimp  0x7188
  000075c0: 00000174 branch                unimp  0x174
  000075c4: ffffffec                       unknown
  000075c8: 000070a4 -level                unimp  0x70a4
  000075cc: 00000a20 unnest                unimp  0xa20

name=mark-error flags=80
  000075e0: 7fffe2b4                       call  0xb0
  000075e4: e003e008                       ld  [ %o7 + 8 ], %l0
  000075e8: 000000ec                       DEFER 0xec

name=show-error flags=80
  000075fc: 7fffe2ad                       call  0xb0
  00007600: e003e008                       ld  [ %o7 + 8 ], %l0
  00007604: 000000f0 {LITERAL}             DEFER 0xf0

name=where flags=80
  00007614: 7fffe28c                       call  0x44
  00007618: 8c21a004                       sub  %g6, 4, %g6
  0000761c: 000075c0 mark-error            unimp  0x75c0
  00007620: 000075dc show-error            unimp  0x75dc
  00007624: 00000a20 unnest                unimp  0xa20

name=lose flags=80
  00007634: 7fffe284                       call  0x44
  00007638: 8c21a004                       sub  %g6, 4, %g6
  0000763c: 00006054 true                  unimp  0x6054
  00007640: 0000670c (abort")              unimp  0x670c
  00007644: 1b556e64                       unknown
  00007648: 6566696e                       call  0x959a1c00
  0000764c: 65642077                       call  0x9590f828
  00007650: 6f726420                       call  0xbdca06d0
  00007654: 656e636f                       call  0x95ba0410
  00007658: 756e7465                       call  0xd5ba47ec
  0000765c: 72656420                       call  0xc99606dc
  00007660: 00000000 [ENTRY]               unimp  0
  00007664: 00000a20 unnest                unimp  0xa20

name=>number flags=80
  00007674: 7fffe274                       call  0x44
  00007678: 8c21a004                       sub  %g6, 4, %g6
  0000767c: 00000d84 dup                   unimp  0xd84
  00007680: 00000194 ?branch               unimp  0x194
  00007684: 00000074                       unimp  0x74
  00007688: 00000da4 over                  unimp  0xda4
  0000768c: 0000117c c@                    unimp  0x117c
  00007690: 00004adc base                  unimp  0x4adc
  00007694: 000010e0 @                     unimp  0x10e0
  00007698: 0000042c digit                 unimp  0x42c
  0000769c: 00000aa8 0=                    unimp  0xaa8
  000076a0: 00000194 ?branch               unimp  0x194
  000076a4: 0000000c                       unimp  0xc
  000076a8: 00000d3c drop                  unimp  0xd3c
  000076ac: 00000a00 exit                  unimp  0xa00
  000076b0: 00000868 >r                    unimp  0x868
  000076b4: 00000eb8 2swap                 unimp  0xeb8
  000076b8: 0000088c r>                    unimp  0x88c
  000076bc: 00000dc8 swap                  unimp  0xdc8
  000076c0: 00004adc base                  unimp  0x4adc
  000076c4: 000010e0 @                     unimp  0x10e0
  000076c8: 00002de8 um*                   unimp  0x2de8
  000076cc: 00000d3c drop                  unimp  0xd3c
  000076d0: 00000de8 rot                   unimp  0xde8
  000076d4: 00004adc base                  unimp  0x4adc
  000076d8: 000010e0 @                     unimp  0x10e0
  000076dc: 00002de8 um*                   unimp  0x2de8
  000076e0: 000036d0 d+                    unimp  0x36d0
  000076e4: 00000eb8 2swap                 unimp  0xeb8
  000076e8: 00005fb0 1                     unimp  0x5fb0
  000076ec: 00005af0 /string               unimp  0x5af0
  000076f0: 00000174 branch                unimp  0x174
  000076f4: ffffff88                       unknown
  000076f8: 00000a20 unnest                unimp  0xa20

name=numdelim? flags=80
  0000770c: 7fffe24e                       call  0x44
  00007710: 8c21a004                       sub  %g6, 4, %g6
  00007714: 00000d84 dup                   unimp  0xd84
  00007718: 000000fc (lit)                 unimp  0xfc
  0000771c: 0000002e                       unimp  0x2e
  00007720: 00000bd8 =                     unimp  0xbd8
  00007724: 00000dc8 swap                  unimp  0xdc8
  00007728: 000000fc (lit)                 unimp  0xfc
  0000772c: 0000002c                       unimp  0x2c
  00007730: 00000bd8 =                     unimp  0xbd8
  00007734: 00000540 or                    unimp  0x540
  00007738: 00000a20 unnest                unimp  0xa20

name=$dnumber? flags=80
  0000774c: 7fffe23e                       call  0x44
  00007750: 8c21a004                       sub  %g6, 4, %g6
  00007754: 00005f9c 0                     unimp  0x5f9c
  00007758: 00005f9c 0                     unimp  0x5f9c
  0000775c: 00000eb8 2swap                 unimp  0xeb8
  00007760: 00000d84 dup                   unimp  0xd84
  00007764: 00000aa8 0=                    unimp  0xaa8
  00007768: 00000194 ?branch               unimp  0x194
  0000776c: 00000010 <?>                   unimp  0x10
  00007770: 00000f3c 4drop                 unimp  0xf3c
  00007774: 00005f9c 0                     unimp  0x5f9c
  00007778: 00000a00 exit                  unimp  0xa00
  0000777c: 00000da4 over                  unimp  0xda4
  00007780: 0000117c c@                    unimp  0x117c
  00007784: 000000fc (lit)                 unimp  0xfc
  00007788: 0000002d                       unimp  0x2d
  0000778c: 00000bd8 =                     unimp  0xbd8
  00007790: 00000d84 dup                   unimp  0xd84
  00007794: 00000868 >r                    unimp  0x868
  00007798: 00000688 negate                unimp  0x688
  0000779c: 00005af0 /string               unimp  0x5af0
  000077a0: 00004adc base                  unimp  0x4adc
  000077a4: 000010e0 @                     unimp  0x10e0
  000077a8: 00000868 >r                    unimp  0x868
  000077ac: 00000da4 over                  unimp  0xda4
  000077b0: 00005fc4 2                     unimp  0x5fc4
  000077b4: 00001c90 (")                   unimp  0x1c90
  000077b8: 02307800                       unknown
  000077bc: 00005dbc $=                    unimp  0x5dbc
  000077c0: 00000194 ?branch               unimp  0x194
  000077c4: 00000010 <?>                   unimp  0x10
  000077c8: 0000621c hex                   unimp  0x621c
  000077cc: 00005fc4 2                     unimp  0x5fc4
  000077d0: 00005af0 /string               unimp  0x5af0
  000077d4: 00007654 >number               unimp  0x7654
  000077d8: 00000d84 dup                   unimp  0xd84
  000077dc: 00005fb0 1                     unimp  0x5fb0
  000077e0: 00000bac >                     unimp  0xbac
  000077e4: 00000194 ?branch               unimp  0x194
  000077e8: 00000044                       unimp  0x44
  000077ec: 00000da4 over                  unimp  0xda4
  000077f0: 0000117c c@                    unimp  0x117c
  000077f4: 000076ec numdelim?             unimp  0x76ec
  000077f8: 00000aa8 0=                    unimp  0xaa8
  000077fc: 00000194 ?branch               unimp  0x194
  00007800: 0000001c                       unimp  0x1c
  00007804: 0000091c 2r>                   unimp  0x91c
  00007808: 00004adc base                  unimp  0x4adc
  0000780c: 00001290 !                     unimp  0x1290
  00007810: 00000f5c 5drop                 unimp  0xf5c
  00007814: 00005f9c 0                     unimp  0x5f9c
  00007818: 00000a00 exit                  unimp  0xa00
  0000781c: 00005fb0 1                     unimp  0x5fb0
  00007820: 00005af0 /string               unimp  0x5af0
  00007824: 00000174 branch                unimp  0x174
  00007828: ffffffac                       unknown
  0000782c: 00000194 ?branch               unimp  0x194
  00007830: 00000048                       unimp  0x48
  00007834: 0000117c c@                    unimp  0x117c
  00007838: 000000fc (lit)                 unimp  0xfc
  0000783c: 0000002e                       unimp  0x2e
  00007840: 00000bd8 =                     unimp  0xbd8
  00007844: 00000194 ?branch               unimp  0x194
  00007848: 00000010 <?>                   unimp  0x10
  0000784c: 00006054 true                  unimp  0x6054
  00007850: 00000174 branch                unimp  0x174
  00007854: 0000001c                       unimp  0x1c
  00007858: 0000091c 2r>                   unimp  0x91c
  0000785c: 00004adc base                  unimp  0x4adc
  00007860: 00001290 !                     unimp  0x1290
  00007864: 00000eec 3drop                 unimp  0xeec
  00007868: 00005f9c 0                     unimp  0x5f9c
  0000786c: 00000a00 exit                  unimp  0xa00
  00007870: 00000174 branch                unimp  0x174
  00007874: 0000000c                       unimp  0xc
  00007878: 00000d3c drop                  unimp  0xd3c
  0000787c: 0000606c false                 unimp  0x606c
  00007880: 0000088c r>                    unimp  0x88c
  00007884: 00004adc base                  unimp  0x4adc
  00007888: 00001290 !                     unimp  0x1290
  0000788c: 00000da4 over                  unimp  0xda4
  00007890: 00000540 or                    unimp  0x540
  00007894: 00000194 ?branch               unimp  0x194
  00007898: 00000020                       unimp  0x20
  0000789c: 0000088c r>                    unimp  0x88c
  000078a0: 00000194 ?branch               unimp  0x194
  000078a4: 00000008                       unimp  0x8
  000078a8: 000038cc dnegate               unimp  0x38cc
  000078ac: 00005fc4 2                     unimp  0x5fc4
  000078b0: 00000174 branch                unimp  0x174
  000078b4: 0000001c                       unimp  0x1c
  000078b8: 00000d3c drop                  unimp  0xd3c
  000078bc: 0000088c r>                    unimp  0x88c
  000078c0: 00000194 ?branch               unimp  0x194
  000078c4: 00000008                       unimp  0x8
  000078c8: 00000688 negate                unimp  0x688
  000078cc: 00005fb0 1                     unimp  0x5fb0
  000078d0: 00000a20 unnest                unimp  0xa20

name=do-defined flags=80
  000078e4: 7fffe1f3                       call  0xb0
  000078e8: e003e008                       ld  [ %o7 + 8 ], %l0
  000078ec: 000000f4                       DEFER 0xf4

name=$do-undefined flags=80
  00007904: 7fffe1eb                       call  0xb0
  00007908: e003e008                       ld  [ %o7 + 8 ], %l0
  0000790c: 000000f8                       DEFER 0xf8

name=do-literal flags=80
  00007920: 7fffe1e4                       call  0xb0
  00007924: e003e008                       ld  [ %o7 + 8 ], %l0
  00007928: 000000fc (lit)                 DEFER 0xfc

name=(do-literal) flags=80
  00007940: 7fffe1c1                       call  0x44
  00007944: 8c21a004                       sub  %g6, 4, %g6
  00007948: 00006854 state                 unimp  0x6854
  0000794c: 000010e0 @                     unimp  0x10e0
  00007950: 00000194 ?branch               unimp  0x194
  00007954: 0000002c                       unimp  0x2c
  00007958: 00005fc4 2                     unimp  0x5fc4
  0000795c: 00000bd8 =                     unimp  0xbd8
  00007960: 00000194 ?branch               unimp  0x194
  00007964: 00000010 <?>                   unimp  0x10
  00007968: 00006cb8 dliteral              unimp  0x6cb8
  0000796c: 00000174 branch                unimp  0x174
  00007970: 00000008                       unimp  0x8
  00007974: 00006c68 literal               unimp  0x6c68
  00007978: 00000174 branch                unimp  0x174
  0000797c: 00000008                       unimp  0x8
  00007980: 00000d3c drop                  unimp  0xd3c
  00007984: 00000a20 unnest                unimp  0xa20

name=$handle-literal? flags=80
  000079a0: 7fffe1c4                       call  0xb0
  000079a4: e003e008                       ld  [ %o7 + 8 ], %l0
  000079a8: 00000100                       DEFER 0x100

name=($handle-literal?) flags=80
  000079c4: 7fffe1a0                       call  0x44
  000079c8: 8c21a004                       sub  %g6, 4, %g6
  000079cc: 0000772c $dnumber?             unimp  0x772c
  000079d0: 00000d84 dup                   unimp  0xd84
  000079d4: 00000194 ?branch               unimp  0x194
  000079d8: 0000000c                       unimp  0xc
  000079dc: 00007900 do-literal            unimp  0x7900
  000079e0: 00006054 true                  unimp  0x6054
  000079e4: 00000a20 unnest                unimp  0xa20

name=$compile flags=80
  000079f8: 7fffe193                       call  0x44
  000079fc: 8c21a004                       sub  %g6, 4, %g6
  00007a00: 00000e64 2dup                  unimp  0xe64
  00007a04: 000008f0 2>r                   unimp  0x8f0
  00007a08: 00009bcc $find                 unimp  0x9bcc
  00007a0c: 00000d84 dup                   unimp  0xd84
  00007a10: 00000194 ?branch               unimp  0x194
  00007a14: 00000018                       unimp  0x18
  00007a18: 0000091c 2r>                   unimp  0x91c
  00007a1c: 00000e40 2drop                 unimp  0xe40
  00007a20: 000078c4 do-defined            unimp  0x78c4
  00007a24: 00000174 branch                unimp  0x174
  00007a28: 0000002c                       unimp  0x2c
  00007a2c: 00000eec 3drop                 unimp  0xeec
  00007a30: 00000948 2r@                   unimp  0x948
  00007a34: 00007980 $handle-literal?      unimp  0x7980
  00007a38: 00000aa8 0=                    unimp  0xaa8
  00007a3c: 00000194 ?branch               unimp  0x194
  00007a40: 0000000c                       unimp  0xc
  00007a44: 00000948 2r@                   unimp  0x948
  00007a48: 000078e4 $do-undefined         unimp  0x78e4
  00007a4c: 0000091c 2r>                   unimp  0x91c
  00007a50: 00000e40 2drop                 unimp  0xe40
  00007a54: 00000a20 unnest                unimp  0xa20

name=interpret-do-defined flags=80
  00007a74: 7fffe174                       call  0x44
  00007a78: 8c21a004                       sub  %g6, 4, %g6
  00007a7c: 00000d3c drop                  unimp  0xd3c
  00007a80: 00000400 execute               unimp  0x400
  00007a84: 00000a20 unnest                unimp  0xa20

name=compile-do-defined flags=80
  00007aa0: 7fffe169                       call  0x44
  00007aa4: 8c21a004                       sub  %g6, 4, %g6
  00007aa8: 00000b38 0>                    unimp  0xb38
  00007aac: 00000194 ?branch               unimp  0x194
  00007ab0: 00000010 <?>                   unimp  0x10
  00007ab4: 00000400 execute               unimp  0x400
  00007ab8: 00000174 branch                unimp  0x174
  00007abc: 00000008                       unimp  0x8
  00007ac0: 00006ab0 compile,              unimp  0x6ab0
  00007ac4: 00000a20 unnest                unimp  0xa20

name='error-word flags=80
  00007ad8: 7fffe170                       call  0x98
  00007adc: 8e21e004                       sub  %g7, 4, %g7
  00007ae0: 00000104                       VALUE 0x104

name=.not-found flags=80
  00007af4: 7fffe154                       call  0x44
  00007af8: 8c21a004                       sub  %g6, 4, %g6
  00007afc: 000075f4 where                 unimp  0x75f4
  00007b00: 000044fc type                  unimp  0x44fc
  00007b04: 000066c0 (.")                  unimp  0x66c0
  00007b08: 02203f00                       unknown
  00007b0c: 000046c0 cr                    unimp  0x46c0
  00007b10: 00000a20 unnest                unimp  0xa20

name=$interpret-do-undefined flags=80
  00007b30: 7fffe145                       call  0x44
  00007b34: 8c21a004                       sub  %g6, 4, %g6
  00007b38: 000000fc (lit)                 unimp  0xfc
  00007b3c: 00000020                       unimp  0x20
  00007b40: 000006f0 min                   unimp  0x6f0
  00007b44: 00007ab8 'error-word           unimp  0x7ab8
  00007b48: 00001bd8 pack                  unimp  0x1bd8
  00007b4c: 00001d00 count                 unimp  0x1d00
  00007b50: 00006638 set-abort-message     unimp  0x6638
  00007b54: 000000fc (lit)                 unimp  0xfc
  00007b58: fffffff3                       unknown
  00007b5c: 00005f34 throw                 unimp  0x5f34
  00007b60: 00000a20 unnest                unimp  0xa20

name=$compile-do-undefined flags=80
  00007b80: 7fffe131                       call  0x44
  00007b84: 8c21a004                       sub  %g6, 4, %g6
  00007b88: 00007ad4 .not-found            unimp  0x7ad4
  00007b8c: 00006acc compile               unimp  0x6acc
  00007b90: 00007614 lose                  unimp  0x7614
  00007b94: 00000a20 unnest                unimp  0xa20

name=[ flags=c0
  00007ba0: 7fffe144                       call  0xb0
  00007ba4: e003e008                       ld  [ %o7 + 8 ], %l0
  00007ba8: 00000108                       DEFER 0x108

name=([) flags=80
  00007bb4: 7fffe124                       call  0x44
  00007bb8: 8c21a004                       sub  %g6, 4, %g6
  00007bbc: 00001c28 (')                   unimp  0x1c28
  00007bc0: 00007a54 interpret-do-defined  unimp  0x7a54
  00007bc4: 00001c28 (')                   unimp  0x1c28
  00007bc8: 000078c4 do-defined            unimp  0x78c4
  00007bcc: 0000a340 (is                   unimp  0xa340
  00007bd0: 00001c28 (')                   unimp  0x1c28
  00007bd4: 00007b10 $interpret-do-undefined  unimp  0x7b10
  00007bd8: 00001c28 (')                   unimp  0x1c28
  00007bdc: 000078e4 $do-undefined         unimp  0x78e4
  00007be0: 0000a340 (is                   unimp  0xa340
  00007be4: 00006854 state                 unimp  0x6854
  00007be8: 00001094 off                   unimp  0x1094
  00007bec: 00000a20 unnest                unimp  0xa20

name=] flags=80
  00007bf8: 7fffe12e                       call  0xb0
  00007bfc: e003e008                       ld  [ %o7 + 8 ], %l0
  00007c00: 0000010c                       DEFER 0x10c

name=(]) flags=80
  00007c0c: 7fffe10e                       call  0x44
  00007c10: 8c21a004                       sub  %g6, 4, %g6
  00007c14: 00001c28 (')                   unimp  0x1c28
  00007c18: 00007a80 compile-do-defined    unimp  0x7a80
  00007c1c: 00001c28 (')                   unimp  0x1c28
  00007c20: 000078c4 do-defined            unimp  0x78c4
  00007c24: 0000a340 (is                   unimp  0xa340
  00007c28: 00001c28 (')                   unimp  0x1c28
  00007c2c: 00007b60 $compile-do-undefined  unimp  0x7b60
  00007c30: 00001c28 (')                   unimp  0x1c28
  00007c34: 000078e4 $do-undefined         unimp  0x78e4
  00007c38: 0000a340 (is                   unimp  0xa340
  00007c3c: 00006854 state                 unimp  0x6854
  00007c40: 00001070 on                    unimp  0x1070
  00007c44: 00000a20 unnest                unimp  0xa20

name=?stack flags=80
  00007c54: 7fffe0fc                       call  0x44
  00007c58: 8c21a004                       sub  %g6, 4, %g6
  00007c5c: 000007c8 sp@                   unimp  0x7c8
  00007c60: 00002d9c sp0                   unimp  0x2d9c
  00007c64: 000010e0 @                     unimp  0x10e0
  00007c68: 00000dc8 swap                  unimp  0xdc8
  00007c6c: 00000c88 u<                    unimp  0xc88
  00007c70: 0000670c (abort")              unimp  0x670c
  00007c74: 0f537461                       unknown
  00007c78: 636b2055                       call  0x8dacfdcc
  00007c7c: 6e646572                       call  0xb9921244
  00007c80: 666c6f77                       call  0x99b23a5c
  00007c84: 00000000 [ENTRY]               unimp  0
  00007c88: 000007c8 sp@                   unimp  0x7c8
  00007c8c: 00002d9c sp0                   unimp  0x2d9c
  00007c90: 000010e0 @                     unimp  0x10e0
  00007c94: 000062f4 ps-size               unimp  0x62f4
  00007c98: 00000648 -                     unimp  0x648
  00007c9c: 00000c88 u<                    unimp  0xc88
  00007ca0: 0000670c (abort")              unimp  0x670c
  00007ca4: 0e537461                       unknown
  00007ca8: 636b204f                       call  0x8dacfde4
  00007cac: 76657266                       call  0xd9964644
  00007cb0: 6c6f7700                       call  0xb1be58b0
  00007cb4: 00000a20 unnest                unimp  0xa20

name=?permitted flags=80
  00007cc8: 7fffe0fa                       call  0xb0
  00007ccc: e003e008                       ld  [ %o7 + 8 ], %l0
  00007cd0: 00000110                       DEFER 0x110

name=interpret flags=80
  00007ce4: 7fffe0f3                       call  0xb0
  00007ce8: e003e008                       ld  [ %o7 + 8 ], %l0
  00007cec: 00000114                       DEFER 0x114

name=(interpret flags=80
  00007d00: 7fffe0d1                       call  0x44
  00007d04: 8c21a004                       sub  %g6, 4, %g6
  00007d08: 0000cb04 parse-word            unimp  0xcb04
  00007d0c: 00000d84 dup                   unimp  0xd84
  00007d10: 00000194 ?branch               unimp  0x194
  00007d14: 00000014                       unimp  0x14
  00007d18: 00007ca8 ?permitted            unimp  0x7ca8
  00007d1c: 000079d8 $compile              unimp  0x79d8
  00007d20: 00000174 branch                unimp  0x174
  00007d24: ffffffe4                       unknown
  00007d28: 00000e40 2drop                 unimp  0xe40
  00007d2c: 00000a20 unnest                unimp  0xa20

name=??cr flags=80
  00007d3c: 7fffe0c2                       call  0x44
  00007d40: 8c21a004                       sub  %g6, 4, %g6
  00007d44: 00004694 #out                  unimp  0x4694
  00007d48: 000010e0 @                     unimp  0x10e0
  00007d4c: 00000194 ?branch               unimp  0x194
  00007d50: 00000008                       unimp  0x8
  00007d54: 000046c0 cr                    unimp  0x46c0
  00007d58: 00000a20 unnest                unimp  0xa20

name=ok flags=80
  00007d64: 7fffe0b8                       call  0x44
  00007d68: 8c21a004                       sub  %g6, 4, %g6
  00007d6c: 00000a20 unnest                unimp  0xa20

name=status flags=80
  00007d7c: 7fffe0cd                       call  0xb0
  00007d80: e003e008                       ld  [ %o7 + 8 ], %l0
  00007d84: 00000118                       DEFER 0x118

name=mark-output flags=80
  00007d98: 7fffe0c6                       call  0xb0
  00007d9c: e003e008                       ld  [ %o7 + 8 ], %l0
  00007da0: 0000011c                       DEFER 0x11c

name=(ok) flags=80
  00007db0: 7fffe0c0                       call  0xb0
  00007db4: e003e008                       ld  [ %o7 + 8 ], %l0
  00007db8: 00000120                       DEFER 0x120

name="ok" flags=80
  00007dc8: 7fffe09f                       call  0x44
  00007dcc: 8c21a004                       sub  %g6, 4, %g6
  00007dd0: 000066c0 (.")                  unimp  0x66c0
  00007dd4: 036f6b20                       unknown
  00007dd8: 00000000 [ENTRY]               unimp  0
  00007ddc: 00000a20 unnest                unimp  0xa20

name=reset-page flags=80
  00007df0: 7fffe0b0                       call  0xb0
  00007df4: e003e008                       ld  [ %o7 + 8 ], %l0
  00007df8: 00000124 (wlit)                DEFER 0x124

name=do-prompt flags=80
  00007e0c: 7fffe08e                       call  0x44
  00007e10: 8c21a004                       sub  %g6, 4, %g6
  00007e14: 00007dd0 reset-page            unimp  0x7dd0
  00007e18: 0000d020 prompt                unimp  0xd020
  00007e1c: 00000a20 unnest                unimp  0xa20

name=/link flags=80
  00007e2c: 7fffe0a4                       call  0xbc
  00007e30: 8e21e004                       sub  %g7, 4, %g7
  00007e34: 00000004                       CONSTANT 0x4

name=link@ flags=80
  00007e44: 7fffe080                       call  0x44
  00007e48: 8c21a004                       sub  %g6, 4, %g6
  00007e4c: 000024fc a@                    unimp  0x24fc
  00007e50: 00000a20 unnest                unimp  0xa20

name=link! flags=80
  00007e60: 7fffe079                       call  0x44
  00007e64: 8c21a004                       sub  %g6, 4, %g6
  00007e68: 00002518 a!                    unimp  0x2518
  00007e6c: 00000a20 unnest                unimp  0xa20

name=link, flags=80
  00007e7c: 7fffe072                       call  0x44
  00007e80: 8c21a004                       sub  %g6, 4, %g6
  00007e84: 00002544 a,                    unimp  0x2544
  00007e88: 00000a20 unnest                unimp  0xa20

name=l* flags=80
  00007e94: 7fffe06c                       call  0x44
  00007e98: 8c21a004                       sub  %g6, 4, %g6
  00007e9c: 00002f00 *                     unimp  0x2f00
  00007ea0: 00000a20 unnest                unimp  0xa20

name=lnswap flags=80
  00007eb0: 7fffe065                       call  0x44
  00007eb4: 8c21a004                       sub  %g6, 4, %g6
  00007eb8: 00000dc8 swap                  unimp  0xdc8
  00007ebc: 00000a20 unnest                unimp  0xa20

name=l0= flags=80
  00007ec8: 7fffe05f                       call  0x44
  00007ecc: 8c21a004                       sub  %g6, 4, %g6
  00007ed0: 00000aa8 0=                    unimp  0xaa8
  00007ed4: 00000a20 unnest                unimp  0xa20

name=ldup flags=80
  00007ee4: 7fffe058                       call  0x44
  00007ee8: 8c21a004                       sub  %g6, 4, %g6
  00007eec: 00000d84 dup                   unimp  0xd84
  00007ef0: 00000a20 unnest                unimp  0xa20

name=nlswap flags=80
  00007f00: 7fffe051                       call  0x44
  00007f04: 8c21a004                       sub  %g6, 4, %g6
  00007f08: 00000dc8 swap                  unimp  0xdc8
  00007f0c: 00000a20 unnest                unimp  0xa20

name=ldrop flags=80
  00007f1c: 7fffe04a                       call  0x44
  00007f20: 8c21a004                       sub  %g6, 4, %g6
  00007f24: 00000d3c drop                  unimp  0xd3c
  00007f28: 00000a20 unnest                unimp  0xa20

name=l2dup flags=80
  00007f38: 7fffe043                       call  0x44
  00007f3c: 8c21a004                       sub  %g6, 4, %g6
  00007f40: 00000e64 2dup                  unimp  0xe64
  00007f44: 00000a20 unnest                unimp  0xa20

name=lswap flags=80
  00007f54: 7fffe03c                       call  0x44
  00007f58: 8c21a004                       sub  %g6, 4, %g6
  00007f5c: 00000dc8 swap                  unimp  0xdc8
  00007f60: 00000a20 unnest                unimp  0xa20

name=l= flags=80
  00007f6c: 7fffe036                       call  0x44
  00007f70: 8c21a004                       sub  %g6, 4, %g6
  00007f74: 00000bd8 =                     unimp  0xbd8
  00007f78: 00000a20 unnest                unimp  0xa20

name=lnover flags=80
  00007f88: 7fffe02f                       call  0x44
  00007f8c: 8c21a004                       sub  %g6, 4, %g6
  00007f90: 00000da4 over                  unimp  0xda4
  00007f94: 00000a20 unnest                unimp  0xa20

name=land flags=80
  00007fa4: 7fffe028                       call  0x44
  00007fa8: 8c21a004                       sub  %g6, 4, %g6
  00007fac: 00000520 and                   unimp  0x520
  00007fb0: 00000a20 unnest                unimp  0xa20

name=labs flags=80
  00007fc0: 7fffe021                       call  0x44
  00007fc4: 8c21a004                       sub  %g6, 4, %g6
  00007fc8: 000006c8 abs                   unimp  0x6c8
  00007fcc: 00000a20 unnest                unimp  0xa20

name=l+ flags=80
  00007fd8: 7fffe01b                       call  0x44
  00007fdc: 8c21a004                       sub  %g6, 4, %g6
  00007fe0: 00000628 +                     unimp  0x628
  00007fe4: 00000a20 unnest                unimp  0xa20

name=l- flags=80
  00007ff0: 7fffe015                       call  0x44
  00007ff4: 8c21a004                       sub  %g6, 4, %g6
  00007ff8: 00000648 -                     unimp  0x648
  00007ffc: 00000a20 unnest                unimp  0xa20

name=lnegate flags=80
  0000800c: 7fffe00e                       call  0x44
  00008010: 8c21a004                       sub  %g6, 4, %g6
  00008014: 00000688 negate                unimp  0x688
  00008018: 00000a20 unnest                unimp  0xa20

name=l2/ flags=80
  00008024: 7fffe008                       call  0x44
  00008028: 8c21a004                       sub  %g6, 4, %g6
  0000802c: 00000ff8 2/                    unimp  0xff8
  00008030: 00000a20 unnest                unimp  0xa20

name=lmin flags=80
  00008040: 7fffe001                       call  0x44
  00008044: 8c21a004                       sub  %g6, 4, %g6
  00008048: 000006f0 min                   unimp  0x6f0
  0000804c: 00000a20 unnest                unimp  0xa20

name=lmax flags=80
  0000805c: 7fffdffa                       call  0x44
  00008060: 8c21a004                       sub  %g6, 4, %g6
  00008064: 0000071c max                   unimp  0x71c
  00008068: 00000a20 unnest                unimp  0xa20

name=\itc flags=c0
  00008078: 7fffdff3                       call  0x44
  0000807c: 8c21a004                       sub  %g6, 4, %g6
  00008080: 00005958 \                     unimp  0x5958
  00008084: 00000a20 unnest                unimp  0xa20

name=\dtc flags=c0
  00008094: 7fffdfec                       call  0x44
  00008098: 8c21a004                       sub  %g6, 4, %g6
  0000809c: 00000a20 unnest                unimp  0xa20

name=\ttc flags=c0
  000080ac: 7fffdfe6                       call  0x44
  000080b0: 8c21a004                       sub  %g6, 4, %g6
  000080b4: 00005958 \                     unimp  0x5958
  000080b8: 00000a20 unnest                unimp  0xa20

name=\t8 flags=c0
  000080c4: 7fffdfe0                       call  0x44
  000080c8: 8c21a004                       sub  %g6, 4, %g6
  000080cc: 00005958 \                     unimp  0x5958
  000080d0: 00000a20 unnest                unimp  0xa20

name=\t16 flags=c0
  000080e0: 7fffdfd9                       call  0x44
  000080e4: 8c21a004                       sub  %g6, 4, %g6
  000080e8: 00005958 \                     unimp  0x5958
  000080ec: 00000a20 unnest                unimp  0xa20

name=\t32 flags=c0
  000080fc: 7fffdfd2                       call  0x44
  00008100: 8c21a004                       sub  %g6, 4, %g6
  00008104: 00000a20 unnest                unimp  0xa20

name=16\ flags=c0
  00008110: 7fffdfcd                       call  0x44
  00008114: 8c21a004                       sub  %g6, 4, %g6
  00008118: 00005958 \                     unimp  0x5958
  0000811c: 00000a20 unnest                unimp  0xa20

name=32\ flags=c0
  00008128: 7fffdfc7                       call  0x44
  0000812c: 8c21a004                       sub  %g6, 4, %g6
  00008130: 00000a20 unnest                unimp  0xa20

name=64\ flags=c0
  0000813c: 7fffdfc2                       call  0x44
  00008140: 8c21a004                       sub  %g6, 4, %g6
  00008144: 00005958 \                     unimp  0x5958
  00008148: 00000a20 unnest                unimp  0xa20

name=$header flags=80
  00008158: 7fffdfd6                       call  0xb0
  0000815c: e003e008                       ld  [ %o7 + 8 ], %l0
  00008160: 00000128                       DEFER 0x128

name=header flags=80
  00008170: 7fffdfd0                       call  0xb0
  00008174: e003e008                       ld  [ %o7 + 8 ], %l0
  00008178: 0000012c                       DEFER 0x12c

name=(header) flags=80
  0000818c: 7fffdfae                       call  0x44
  00008190: 8c21a004                       sub  %g6, 4, %g6
  00008194: 00006ce4 safe-parse-word       unimp  0x6ce4
  00008198: 00008138 $header               unimp  0x8138
  0000819c: 00000a20 unnest                unimp  0xa20

name=$create flags=80
  000081ac: 7fffdfa6                       call  0x44
  000081b0: 8c21a004                       sub  %g6, 4, %g6
  000081b4: 00008138 $header               unimp  0x8138
  000081b8: 000020d4 create-cf             unimp  0x20d4
  000081bc: 00000a20 unnest                unimp  0xa20

name=create flags=80
  000081cc: 7fffdf9e                       call  0x44
  000081d0: 8c21a004                       sub  %g6, 4, %g6
  000081d4: 00008150 header                unimp  0x8150
  000081d8: 000020d4 create-cf             unimp  0x20d4
  000081dc: 00000a20 unnest                unimp  0xa20

name=csp flags=80
  000081e8: 7fffdfa6                       call  0x80
  000081ec: 8e21e004                       sub  %g7, 4, %g7
  000081f0: 00000130                       USER 0x130

name=!csp flags=80
  00008200: 7fffdf91                       call  0x44
  00008204: 8c21a004                       sub  %g6, 4, %g6
  00008208: 000007c8 sp@                   unimp  0x7c8
  0000820c: 000081c8 csp                   unimp  0x81c8
  00008210: 00001290 !                     unimp  0x1290
  00008214: 00000a20 unnest                unimp  0xa20

name=?csp flags=80
  00008224: 7fffdf88                       call  0x44
  00008228: 8c21a004                       sub  %g6, 4, %g6
  0000822c: 000007c8 sp@                   unimp  0x7c8
  00008230: 000081c8 csp                   unimp  0x81c8
  00008234: 000010e0 @                     unimp  0x10e0
  00008238: 00000c04 <>                    unimp  0xc04
  0000823c: 0000670c (abort")              unimp  0x670c
  00008240: 0e537461                       unknown
  00008244: 636b2043                       call  0x8dad0350
  00008248: 68616e67                       call  0xa1863be4
  0000824c: 65642000                       call  0x9591024c
  00008250: 00000a20 unnest                unimp  0xa20

name=(;code) flags=80
  00008260: 7fffdf79                       call  0x44
  00008264: 8c21a004                       sub  %g6, 4, %g6
  00008268: 00000994 ip>                   unimp  0x994
  0000826c: 00002740 aligned               unimp  0x2740
  00008270: 00002774 acf-aligned           unimp  0x2774
  00008274: 000021f4 used                  unimp  0x21f4
  00008278: 00000a20 unnest                unimp  0xa20

name=(does>) flags=80
  00008288: 7fffdf6f                       call  0x44
  0000828c: 8c21a004                       sub  %g6, 4, %g6
  00008290: 00000994 ip>                   unimp  0x994
  00008294: 00002774 acf-aligned           unimp  0x2774
  00008298: 000021f4 used                  unimp  0x21f4
  0000829c: 00000a20 unnest                unimp  0xa20

name=do-entercode flags=80
  000082b4: 7fffdf7f                       call  0xb0
  000082b8: e003e008                       ld  [ %o7 + 8 ], %l0
  000082bc: 00000134                       DEFER 0x134

name=code flags=80
  000082cc: 7fffdf5e                       call  0x44
  000082d0: 8c21a004                       sub  %g6, 4, %g6
  000082d4: 00008150 header                unimp  0x8150
  000082d8: 00001ff4 code-cf               unimp  0x1ff4
  000082dc: 000081e0 !csp                  unimp  0x81e0
  000082e0: 00008294 do-entercode          unimp  0x8294
  000082e4: 00000a20 unnest                unimp  0xa20

name=do-exitcode flags=80
  000082f8: 7fffdf6e                       call  0xb0
  000082fc: e003e008                       ld  [ %o7 + 8 ], %l0
  00008300: 00000138                       DEFER 0x138

name=end-code flags=80
  00008314: 7fffdf4c                       call  0x44
  00008318: 8c21a004                       sub  %g6, 4, %g6
  0000831c: 000082d8 do-exitcode           unimp  0x82d8
  00008320: 00008204 ?csp                  unimp  0x8204
  00008324: 00000a20 unnest                unimp  0xa20

name=c; flags=80
  00008330: 7fffdf45                       call  0x44
  00008334: 8c21a004                       sub  %g6, 4, %g6
  00008338: 0000205c next                  unimp  0x205c
  0000833c: 000082f4 end-code              unimp  0x82f4
  00008340: 00000a20 unnest                unimp  0xa20

name=;code flags=c0
  00008350: 7fffdf3d                       call  0x44
  00008354: 8c21a004                       sub  %g6, 4, %g6
  00008358: 00008204 ?csp                  unimp  0x8204
  0000835c: 00006acc compile               unimp  0x6acc
  00008360: 00008240 (;code)               unimp  0x8240
  00008364: 000035ac align                 unimp  0x35ac
  00008368: 0000279c acf-align             unimp  0x279c
  0000836c: 0000214c place-;code           unimp  0x214c
  00008370: 00007b80 [                     unimp  0x7b80
  00008374: 00008fe4 reveal                unimp  0x8fe4
  00008378: 00008294 do-entercode          unimp  0x8294
  0000837c: 00000a20 unnest                unimp  0xa20

name=does> flags=c0
  0000838c: 7fffdf2e                       call  0x44
  00008390: 8c21a004                       sub  %g6, 4, %g6
  00008394: 00006854 state                 unimp  0x6854
  00008398: 000010e0 @                     unimp  0x10e0
  0000839c: 00000194 ?branch               unimp  0x194
  000083a0: 00000014                       unimp  0x14
  000083a4: 00006acc compile               unimp  0x6acc
  000083a8: 00008268 (does>)               unimp  0x8268
  000083ac: 00000174 branch                unimp  0x174
  000083b0: 00000020                       unimp  0x20
  000083b4: 00006880 here                  unimp  0x6880
  000083b8: 00002740 aligned               unimp  0x2740
  000083bc: 00002774 acf-aligned           unimp  0x2774
  000083c0: 000021f4 used                  unimp  0x21f4
  000083c4: 000081e0 !csp                  unimp  0x81e0
  000083c8: 00008f8c not-hidden            unimp  0x8f8c
  000083cc: 00007bd8 ]                     unimp  0x7bd8
  000083d0: 000035ac align                 unimp  0x35ac
  000083d4: 0000279c acf-align             unimp  0x279c
  000083d8: 00002124 place-does            unimp  0x2124
  000083dc: 00000a20 unnest                unimp  0xa20

name=: flags=80
  000083e8: 7fffdf17                       call  0x44
  000083ec: 8c21a004                       sub  %g6, 4, %g6
  000083f0: 00006b74 ?exec                 unimp  0x6b74
  000083f4: 000081e0 !csp                  unimp  0x81e0
  000083f8: 00008150 header                unimp  0x8150
  000083fc: 00008fac hide                  unimp  0x8fac
  00008400: 00007bd8 ]                     unimp  0x7bd8
  00008404: 000022c8 colon-cf              unimp  0x22c8
  00008408: 00000a20 unnest                unimp  0xa20

name=:noname flags=80
  00008418: 7fffdf0b                       call  0x44
  0000841c: 8c21a004                       sub  %g6, 4, %g6
  00008420: 00006b74 ?exec                 unimp  0x6b74
  00008424: 00008f8c not-hidden            unimp  0x8f8c
  00008428: 00007bd8 ]                     unimp  0x7bd8
  0000842c: 000022c8 colon-cf              unimp  0x22c8
  00008430: 00006794 lastacf               unimp  0x6794
  00008434: 000081e0 !csp                  unimp  0x81e0
  00008438: 00000a20 unnest                unimp  0xa20

name=; flags=c0
  00008444: 7fffdf00                       call  0x44
  00008448: 8c21a004                       sub  %g6, 4, %g6
  0000844c: 00006b38 ?comp                 unimp  0x6b38
  00008450: 00008204 ?csp                  unimp  0x8204
  00008454: 00006acc compile               unimp  0x6acc
  00008458: 00000a20 unnest                unimp  0xa20
  0000845c: 00008fe4 reveal                unimp  0x8fe4
  00008460: 00007b80 [                     unimp  0x7b80
  00008464: 00000a20 unnest                unimp  0xa20

name=recursive flags=c0
  00008478: 7fffdef3                       call  0x44
  0000847c: 8c21a004                       sub  %g6, 4, %g6
  00008480: 00008fe4 reveal                unimp  0x8fe4
  00008484: 00000a20 unnest                unimp  0xa20

name=constant flags=80
  00008498: 7fffdeeb                       call  0x44
  0000849c: 8c21a004                       sub  %g6, 4, %g6
  000084a0: 00008150 header                unimp  0x8150
  000084a4: 00002390 constant-cf           unimp  0x2390
  000084a8: 000069f0 ,                     unimp  0x69f0
  000084ac: 00000a20 unnest                unimp  0xa20

name=user flags=80
  000084bc: 7fffdee2                       call  0x44
  000084c0: 8c21a004                       sub  %g6, 4, %g6
  000084c4: 00008150 header                unimp  0x8150
  000084c8: 00002340 user-cf               unimp  0x2340
  000084cc: 00006a64 l,                    unimp  0x6a64
  000084d0: 00000a20 unnest                unimp  0xa20

name=value flags=80
  000084e0: 7fffded9                       call  0x44
  000084e4: 8c21a004                       sub  %g6, 4, %g6
  000084e8: 00008150 header                unimp  0x8150
  000084ec: 00002368 value-cf              unimp  0x2368
  000084f0: 00001840 /n                    unimp  0x1840
  000084f4: 00007490 user#,                unimp  0x7490
  000084f8: 00001290 !                     unimp  0x1290
  000084fc: 00000a20 unnest                unimp  0xa20

name=variable flags=80
  00008510: 7fffdecd                       call  0x44
  00008514: 8c21a004                       sub  %g6, 4, %g6
  00008518: 00008150 header                unimp  0x8150
  0000851c: 000020fc variable-cf           unimp  0x20fc
  00008520: 00005f9c 0                     unimp  0x5f9c
  00008524: 000069f0 ,                     unimp  0x69f0
  00008528: 00000a20 unnest                unimp  0xa20

name=wvariable flags=80
  0000853c: 7fffdec2                       call  0x44
  00008540: 8c21a004                       sub  %g6, 4, %g6
  00008544: 000081ac create                unimp  0x81ac
  00008548: 000020fc variable-cf           unimp  0x20fc
  0000854c: 00005f9c 0                     unimp  0x5f9c
  00008550: 00006a40 w,                    unimp  0x6a40
  00008554: 00000a20 unnest                unimp  0xa20

name=crash flags=80
  00008564: 7fffdeb8                       call  0x44
  00008568: 8c21a004                       sub  %g6, 4, %g6
  0000856c: 000009b8 ip@                   unimp  0x9b8
  00008570: 0000256c /token                unimp  0x256c
  00008574: 00000648 -                     unimp  0x648
  00008578: 00002584 token@                unimp  0x2584
  0000857c: 00000d84 dup                   unimp  0xd84
  00008580: 0000209c word-type             unimp  0x209c
  00008584: 00001c28 (')                   unimp  0x1c28
  00008588: 0000452c emit                  unimp  0x452c
  0000858c: 0000209c word-type             unimp  0x209c
  00008590: 00000bd8 =                     unimp  0xbd8
  00008594: 00000194 ?branch               unimp  0x194
  00008598: 00000014                       unimp  0x14
  0000859c: 000074dc .name                 unimp  0x74dc
  000085a0: 000066c0 (.")                  unimp  0x66c0
  000085a4: 033c2d2d                       sethi  %hi(0xf0b4b400), %g1
  000085a8: 00000000 [ENTRY]               unimp  0
  000085ac: 000066c0 (.")                  unimp  0x66c0
  000085b0: 1d646566                       unknown
  000085b4: 65727265                       call  0x95ca4f48
  000085b8: 6420776f                       call  0x90826374
  000085bc: 7264206e                       call  0xc9910774
  000085c0: 6f742069                       call  0xbdd10764
  000085c4: 6e697469                       call  0xb9a65768
  000085c8: 616c697a                       call  0x85b22bb0
  000085cc: 65640000                       call  0x959085cc
  000085d0: 000065b0 abort                 unimp  0x65b0
  000085d4: 00000a20 unnest                unimp  0xa20

name=defer flags=80
  000085e4: 7fffde98                       call  0x44
  000085e8: 8c21a004                       sub  %g6, 4, %g6
  000085ec: 00008150 header                unimp  0x8150
  000085f0: 000023b8 defer-cf              unimp  0x23b8
  000085f4: 00001c28 (')                   unimp  0x1c28
  000085f8: 00008544 crash                 unimp  0x8544
  000085fc: 0000256c /token                unimp  0x256c
  00008600: 00007490 user#,                unimp  0x7490
  00008604: 000025a4 token!                unimp  0x25a4
  00008608: 00000a20 unnest                unimp  0xa20

name=2constant flags=80
  0000861c: 7fffde8a                       call  0x44
  00008620: 8c21a004                       sub  %g6, 4, %g6
  00008624: 00008150 header                unimp  0x8150
  00008628: 00002434 2constant-cf          unimp  0x2434
  0000862c: 00000dc8 swap                  unimp  0xdc8
  00008630: 000069f0 ,                     unimp  0x69f0
  00008634: 000069f0 ,                     unimp  0x69f0
  00008638: 00000a20 unnest                unimp  0xa20

name=2variable flags=80
  0000864c: 7fffde7e                       call  0x44
  00008650: 8c21a004                       sub  %g6, 4, %g6
  00008654: 000081ac create                unimp  0x81ac
  00008658: 00005f9c 0                     unimp  0x5f9c
  0000865c: 000069f0 ,                     unimp  0x69f0
  00008660: 00005f9c 0                     unimp  0x5f9c
  00008664: 000069f0 ,                     unimp  0x69f0
  00008668: 00000a20 unnest                unimp  0xa20

name=buffer-link flags=80
  0000867c: 7fffde81                       call  0x80
  00008680: 8e21e004                       sub  %g7, 4, %g7
  00008684: 0000013c                       USER 0x13c

name=make-buffer flags=80
  00008698: 7fffde6b                       call  0x44
  0000869c: 8c21a004                       sub  %g6, 4, %g6
  000086a0: 00006880 here                  unimp  0x6880
  000086a4: 000026f0 body>                 unimp  0x26f0
  000086a8: 00000dc8 swap                  unimp  0xdc8
  000086ac: 00005f9c 0                     unimp  0x5f9c
  000086b0: 00001840 /n                    unimp  0x1840
  000086b4: 00007490 user#,                unimp  0x7490
  000086b8: 00001290 !                     unimp  0x1290
  000086bc: 000069f0 ,                     unimp  0x69f0
  000086c0: 0000865c buffer-link           unimp  0x865c
  000086c4: 00007e24 link@                 unimp  0x7e24
  000086c8: 00007e5c link,                 unimp  0x7e5c
  000086cc: 0000865c buffer-link           unimp  0x865c
  000086d0: 00007e40 link!                 unimp  0x7e40
  000086d4: 00000a20 unnest                unimp  0xa20

name=do-buffer flags=80
  000086e8: 7fffde57                       call  0x44
  000086ec: 8c21a004                       sub  %g6, 4, %g6
  000086f0: 00000d84 dup                   unimp  0xd84
  000086f4: 0000746c >user                 unimp  0x746c
  000086f8: 000010e0 @                     unimp  0x10e0
  000086fc: 00000d5c ?dup                  unimp  0xd5c
  00008700: 00000194 ?branch               unimp  0x194
  00008704: 0000000c                       unimp  0xc
  00008708: 00000a64 nip                   unimp  0xa64
  0000870c: 00000a00 exit                  unimp  0xa00
  00008710: 00000d84 dup                   unimp  0xd84
  00008714: 00002728 /user#                unimp  0x2728
  00008718: 00000628 +                     unimp  0x628
  0000871c: 0000119c unaligned-@           unimp  0x119c
  00008720: 00000d84 dup                   unimp  0xd84
  00008724: 00004614 alloc-mem             unimp  0x4614
  00008728: 00000d84 dup                   unimp  0xd84
  0000872c: 00000de8 rot                   unimp  0xde8
  00008730: 00006164 erase                 unimp  0x6164
  00008734: 00000d84 dup                   unimp  0xd84
  00008738: 00000de8 rot                   unimp  0xde8
  0000873c: 0000746c >user                 unimp  0x746c
  00008740: 00001290 !                     unimp  0x1290
  00008744: 00000a20 unnest                unimp  0xa20

name=(buffer:) flags=80
  00008758: 7fffde3b                       call  0x44
  0000875c: 8c21a004                       sub  %g6, 4, %g6
  00008760: 000020d4 create-cf             unimp  0x20d4
  00008764: 00008678 make-buffer           unimp  0x8678
  00008768: 00008268 (does>)               unimp  0x8268
  0000876c: 7fffde61                       call  0xf0
  00008770: 8e21e004                       sub  %g7, 4, %g7
  00008774: 000086c8 do-buffer             unimp  0x86c8
  00008778: 00000a20 unnest                unimp  0xa20

name=buffer: flags=80
  00008788: 7fffde2f                       call  0x44
  0000878c: 8c21a004                       sub  %g6, 4, %g6
  00008790: 00008150 header                unimp  0x8150
  00008794: 00008738 (buffer:)             unimp  0x8738
  00008798: 00000a20 unnest                unimp  0xa20

name=>buffer-link flags=80
  000087b0: 7fffde25                       call  0x44
  000087b4: 8c21a004                       sub  %g6, 4, %g6
  000087b8: 0000270c >body                 unimp  0x270c
  000087bc: 00002728 /user#                unimp  0x2728
  000087c0: 00000628 +                     unimp  0x628
  000087c4: 00005fb0 1                     unimp  0x5fb0
  000087c8: 000018bc na+                   unimp  0x18bc
  000087cc: 00000a20 unnest                unimp  0xa20

name=clear-buffer:s flags=80
  000087e4: 7fffde18                       call  0x44
  000087e8: 8c21a004                       sub  %g6, 4, %g6
  000087ec: 0000865c buffer-link           unimp  0x865c
  000087f0: 000026d0 another-link?         unimp  0x26d0
  000087f4: 00000194 ?branch               unimp  0x194
  000087f8: 00000020                       unimp  0x20
  000087fc: 00000d84 dup                   unimp  0xd84
  00008800: 0000270c >body                 unimp  0x270c
  00008804: 0000746c >user                 unimp  0x746c
  00008808: 00001094 off                   unimp  0x1094
  0000880c: 00008790 >buffer-link          unimp  0x8790
  00008810: 00000174 branch                unimp  0x174
  00008814: ffffffdc                       unknown
  00008818: 00000a20 unnest                unimp  0xa20

name=init flags=80
  00008828: 7fffde07                       call  0x44
  0000882c: 8c21a004                       sub  %g6, 4, %g6
  00008830: 00006f68 init                  unimp  0x6f68
  00008834: 000087c4 clear-buffer:s        unimp  0x87c4
  00008838: 00000a20 unnest                unimp  0xa20

name=find-name flags=80
  0000884c: 7fffddfe                       call  0x44
  00008850: 8c21a004                       sub  %g6, 4, %g6
  00008854: 00008994 >link                 unimp  0x8994
  00008858: 00008920 l>name                unimp  0x8920
  0000885c: 00000a20 unnest                unimp  0xa20

name=>name? flags=80
  0000886c: 7fffddf6                       call  0x44
  00008870: 8c21a004                       sub  %g6, 4, %g6
  00008874: 00000d84 dup                   unimp  0xd84
  00008878: 0000882c find-name             unimp  0x882c
  0000887c: 00000a40 tuck                  unimp  0xa40
  00008880: 000089d8 name>string           unimp  0x89d8
  00008884: 00000d84 dup                   unimp  0xd84
  00008888: 00000aa8 0=                    unimp  0xaa8
  0000888c: 00000194 ?branch               unimp  0x194
  00008890: 00000010 <?>                   unimp  0x10
  00008894: 00000eec 3drop                 unimp  0xeec
  00008898: 0000606c false                 unimp  0x606c
  0000889c: 00000a00 exit                  unimp  0xa00
  000088a0: 00000628 +                     unimp  0x628
  000088a4: 00007e0c /link                 unimp  0x7e0c
  000088a8: 00000628 +                     unimp  0x628
  000088ac: 00002774 acf-aligned           unimp  0x2774
  000088b0: 00000c04 <>                    unimp  0xc04
  000088b4: 00000194 ?branch               unimp  0x194
  000088b8: 0000000c                       unimp  0xc
  000088bc: 0000606c false                 unimp  0x606c
  000088c0: 00000a00 exit                  unimp  0xa00
  000088c4: 00000d84 dup                   unimp  0xd84
  000088c8: 000089d8 name>string           unimp  0x89d8
  000088cc: 00006054 true                  unimp  0x6054
  000088d0: 00000e14 -rot                  unimp  0xe14
  000088d4: 00006098 bounds                unimp  0x6098
  000088d8: 00000278 (?do)                 unimp  0x278
  000088dc: 00000038 <NULLSUB>             unimp  0x38
  000088e0: 000002ac i                     unimp  0x2ac
  000088e4: 0000117c c@                    unimp  0x117c
  000088e8: 00006080 bl                    unimp  0x6080
  000088ec: 000000fc (lit)                 unimp  0xfc
  000088f0: 0000007f                       unimp  0x7f
  000088f4: 00006100 between               unimp  0x6100
  000088f8: 00000aa8 0=                    unimp  0xaa8
  000088fc: 00000194 ?branch               unimp  0x194
  00008900: 0000000c                       unimp  0xc
  00008904: 00000aa8 0=                    unimp  0xaa8
  00008908: 00000300 (leave)               unimp  0x300
  0000890c: 000001c0 (loop)                unimp  0x1c0
  00008910: ffffffd0                       unknown
  00008914: 00000a20 unnest                unimp  0xa20

name=n>link flags=80
  00008924: 7fffddc8                       call  0x44
  00008928: 8c21a004                       sub  %g6, 4, %g6
  0000892c: 00000f98 1+                    unimp  0xf98
  00008930: 00000a20 unnest                unimp  0xa20

name=l>name flags=80
  00008940: 7fffddc1                       call  0x44
  00008944: 8c21a004                       sub  %g6, 4, %g6
  00008948: 00000fc8 1-                    unimp  0xfc8
  0000894c: 00000a20 unnest                unimp  0xa20

name=n>flags flags=80
  0000895c: 7fffddba                       call  0x44
  00008960: 8c21a004                       sub  %g6, 4, %g6
  00008964: 00000a20 unnest                unimp  0xa20

name=name> flags=80
  00008974: 7fffddb4                       call  0x44
  00008978: 8c21a004                       sub  %g6, 4, %g6
  0000897c: 00008904 n>link                unimp  0x8904
  00008980: 00008974 link>                 unimp  0x8974
  00008984: 00000a20 unnest                unimp  0xa20

name=link> flags=80
  00008994: 7fffddac                       call  0x44
  00008998: 8c21a004                       sub  %g6, 4, %g6
  0000899c: 00007e0c /link                 unimp  0x7e0c
  000089a0: 00000628 +                     unimp  0x628
  000089a4: 00000a20 unnest                unimp  0xa20

name=>link flags=80
  000089b4: 7fffdda4                       call  0x44
  000089b8: 8c21a004                       sub  %g6, 4, %g6
  000089bc: 00007e0c /link                 unimp  0x7e0c
  000089c0: 00000648 -                     unimp  0x648
  000089c4: 00000a20 unnest                unimp  0xa20

name=>flags flags=80
  000089d4: 7fffdd9c                       call  0x44
  000089d8: 8c21a004                       sub  %g6, 4, %g6
  000089dc: 000091c0 >name                 unimp  0x91c0
  000089e0: 0000893c n>flags               unimp  0x893c
  000089e4: 00000a20 unnest                unimp  0xa20

name=name>string flags=80
  000089f8: 7fffdd93                       call  0x44
  000089fc: 8c21a004                       sub  %g6, 4, %g6
  00008a00: 00000d84 dup                   unimp  0xd84
  00008a04: 0000117c c@                    unimp  0x117c
  00008a08: 000000fc (lit)                 unimp  0xfc
  00008a0c: 0000001f                       unimp  0x1f
  00008a10: 00000520 and                   unimp  0x520
  00008a14: 00000a40 tuck                  unimp  0xa40
  00008a18: 00000648 -                     unimp  0x648
  00008a1c: 00000dc8 swap                  unimp  0xdc8
  00008a20: 00000a20 unnest                unimp  0xa20

name=l>beginning flags=80
  00008a34: 7fffdd84                       call  0x44
  00008a38: 8c21a004                       sub  %g6, 4, %g6
  00008a3c: 00008920 l>name                unimp  0x8920
  00008a40: 000089d8 name>string           unimp  0x89d8
  00008a44: 00000d3c drop                  unimp  0xd3c
  00008a48: 00000a20 unnest                unimp  0xa20

name=>threads flags=80
  00008a5c: 7fffdd7a                       call  0x44
  00008a60: 8c21a004                       sub  %g6, 4, %g6
  00008a64: 0000270c >body                 unimp  0x270c
  00008a68: 0000746c >user                 unimp  0x746c
  00008a6c: 00000a20 unnest                unimp  0xa20

name=last flags=80
  00008a7c: 7fffdd81                       call  0x80
  00008a80: 8e21e004                       sub  %g7, 4, %g7
  00008a84: 00000140                       USER 0x140

name=tag-file flags=80
  00008a98: 7fffdd7a                       call  0x80
  00008a9c: 8e21e004                       sub  %g7, 4, %g7
  00008aa0: 00000144                       USER 0x144

name=$tag-field flags=80
  00008ab4: 7fffdd64                       call  0x44
  00008ab8: 8c21a004                       sub  %g6, 4, %g6
  00008abc: 00008a78 tag-file              unimp  0x8a78
  00008ac0: 000010e0 @                     unimp  0x10e0
  00008ac4: 0000bb70 fputs                 unimp  0xbb70
  00008ac8: 00000a20 unnest                unimp  0xa20

name=tag-char flags=80
  00008adc: 7fffdd5a                       call  0x44
  00008ae0: 8c21a004                       sub  %g6, 4, %g6
  00008ae4: 00008a78 tag-file              unimp  0x8a78
  00008ae8: 000010e0 @                     unimp  0x10e0
  00008aec: 0000ba30 fputc                 unimp  0xba30
  00008af0: 00000a20 unnest                unimp  0xa20

name=$tagout flags=80
  00008b00: 7fffdd51                       call  0x44
  00008b04: 8c21a004                       sub  %g6, 4, %g6
  00008b08: 00008a78 tag-file              unimp  0x8a78
  00008b0c: 000010e0 @                     unimp  0x10e0
  00008b10: 00000aa8 0=                    unimp  0xaa8
  00008b14: 00000194 ?branch               unimp  0x194
  00008b18: 0000000c                       unimp  0xc
  00008b1c: 00000e40 2drop                 unimp  0xe40
  00008b20: 00000a00 exit                  unimp  0xa00
  00008b24: 0000c990 source-id             unimp  0xc990
  00008b28: 000000fc (lit)                 unimp  0xfc
  00008b2c: ffffffff                       unknown
  00008b30: 00005f9c 0                     unimp  0x5f9c
  00008b34: 00006100 between               unimp  0x6100
  00008b38: 00000194 ?branch               unimp  0x194
  00008b3c: 0000000c                       unimp  0xc
  00008b40: 00000e40 2drop                 unimp  0xe40
  00008b44: 00000a00 exit                  unimp  0xa00
  00008b48: 00008a94 $tag-field            unimp  0x8a94
  00008b4c: 000000fc (lit)                 unimp  0xfc
  00008b50: 00000009                       unimp  0x9
  00008b54: 00008abc tag-char              unimp  0x8abc
  00008b58: 0000c990 source-id             unimp  0xc990
  00008b5c: 0000a8a4 file-name             unimp  0xa8a4
  00008b60: 00008a94 $tag-field            unimp  0x8a94
  00008b64: 000000fc (lit)                 unimp  0xfc
  00008b68: 00000009                       unimp  0x9
  00008b6c: 00008abc tag-char              unimp  0x8abc
  00008b70: 00004adc base                  unimp  0x4adc
  00008b74: 000010e0 @                     unimp  0x10e0
  00008b78: 00006244 decimal               unimp  0x6244
  00008b7c: 0000c990 source-id             unimp  0xc990
  00008b80: 0000a8e8 file-line             unimp  0xa8e8
  00008b84: 00004d78 (.)                   unimp  0x4d78
  00008b88: 00008a94 $tag-field            unimp  0x8a94
  00008b8c: 00004adc base                  unimp  0x4adc
  00008b90: 00001290 !                     unimp  0x1290
  00008b94: 000048cc newline-string        unimp  0x48cc
  00008b98: 00008a94 $tag-field            unimp  0x8a94
  00008b9c: 00000a20 unnest                unimp  0xa20

name=open-tagfile flags=80
  00008bb4: 7fffdd3f                       call  0xb0
  00008bb8: e003e008                       ld  [ %o7 + 8 ], %l0
  00008bbc: 00000148                       DEFER 0x148

name=close-tagfile flags=80
  00008bd4: 7fffdd1c                       call  0x44
  00008bd8: 8c21a004                       sub  %g6, 4, %g6
  00008bdc: 00008a78 tag-file              unimp  0x8a78
  00008be0: 000010e0 @                     unimp  0x10e0
  00008be4: 00000d5c ?dup                  unimp  0xd5c
  00008be8: 00000194 ?branch               unimp  0x194
  00008bec: 00000010 <?>                   unimp  0x10
  00008bf0: 0000b010 fclose                unimp  0xb010
  00008bf4: 00008a78 tag-file              unimp  0x8a78
  00008bf8: 00001094 off                   unimp  0x1094
  00008bfc: 00000a20 unnest                unimp  0xa20

name=$make-header flags=80
  00008c14: 7fffdd0c                       call  0x44
  00008c18: 8c21a004                       sub  %g6, 4, %g6
  00008c1c: 00000e14 -rot                  unimp  0xe14
  00008c20: 00000e64 2dup                  unimp  0xe64
  00008c24: 00008ae0 $tagout               unimp  0x8ae0
  00008c28: 00000d84 dup                   unimp  0xd84
  00008c2c: 00000f98 1+                    unimp  0xf98
  00008c30: 00007e0c /link                 unimp  0x7e0c
  00008c34: 00000628 +                     unimp  0x628
  00008c38: 00006880 here                  unimp  0x6880
  00008c3c: 00000628 +                     unimp  0x628
  00008c40: 00000d84 dup                   unimp  0xd84
  00008c44: 00002774 acf-aligned           unimp  0x2774
  00008c48: 00000dc8 swap                  unimp  0xdc8
  00008c4c: 00000648 -                     unimp  0x648
  00008c50: 000068f8 allot                 unimp  0x68f8
  00008c54: 00000a40 tuck                  unimp  0xa40
  00008c58: 00006880 here                  unimp  0x6880
  00008c5c: 00000da4 over                  unimp  0xda4
  00008c60: 00000f98 1+                    unimp  0xf98
  00008c64: 0000e7a4 note-string           unimp  0xe7a4
  00008c68: 000068f8 allot                 unimp  0x68f8
  00008c6c: 000059dc place-cstr            unimp  0x59dc
  00008c70: 00000da4 over                  unimp  0xda4
  00008c74: 00000628 +                     unimp  0x628
  00008c78: 00001424 c!                    unimp  0x1424
  00008c7c: 00006880 here                  unimp  0x6880
  00008c80: 00000fc8 1-                    unimp  0xfc8
  00008c84: 00008a5c last                  unimp  0x8a5c
  00008c88: 00001290 !                     unimp  0x1290
  00008c8c: 00008a3c >threads              unimp  0x8a3c
  00008c90: 00007e0c /link                 unimp  0x7e0c
  00008c94: 000068f8 allot                 unimp  0x68f8
  00008c98: 00006880 here                  unimp  0x6880
  00008c9c: 00000dc8 swap                  unimp  0xdc8
  00008ca0: 00000e64 2dup                  unimp  0xe64
  00008ca4: 00007e24 link@                 unimp  0x7e24
  00008ca8: 00000dc8 swap                  unimp  0xdc8
  00008cac: 00008994 >link                 unimp  0x8994
  00008cb0: 00007e40 link!                 unimp  0x7e40
  00008cb4: 00007e40 link!                 unimp  0x7e40
  00008cb8: 00008a5c last                  unimp  0x8a5c
  00008cbc: 000010e0 @                     unimp  0x10e0
  00008cc0: 0000117c c@                    unimp  0x117c
  00008cc4: 000000fc (lit)                 unimp  0xfc
  00008cc8: 00000080                       unimp  0x80
  00008ccc: 00000540 or                    unimp  0x540
  00008cd0: 00008a5c last                  unimp  0x8a5c
  00008cd4: 000010e0 @                     unimp  0x10e0
  00008cd8: 00001424 c!                    unimp  0x1424
  00008cdc: 00000a20 unnest                unimp  0xa20

name=>first flags=80
  00008cec: 7fffdcd6                       call  0x44
  00008cf0: 8c21a004                       sub  %g6, 4, %g6
  00008cf4: 00008a3c >threads              unimp  0x8a3c
  00008cf8: 00000a20 unnest                unimp  0xa20

name=$find-word flags=80
  00008d0c: 7fffdcce                       call  0x44
  00008d10: 8c21a004                       sub  %g6, 4, %g6
  00008d14: 00008ccc >first                unimp  0x8ccc
  00008d18: 00008f54 $find-next            unimp  0x8f54
  00008d1c: 00009638 find-fixup            unimp  0x9638
  00008d20: 00000a20 unnest                unimp  0xa20

name=>ptr flags=80
  00008d30: 7fffdcc5                       call  0x44
  00008d34: 8c21a004                       sub  %g6, 4, %g6
  00008d38: 00000da4 over                  unimp  0xda4
  00008d3c: 00000194 ?branch               unimp  0x194
  00008d40: 00000010 <?>                   unimp  0x10
  00008d44: 00000d3c drop                  unimp  0xd3c
  00008d48: 00000174 branch                unimp  0x174
  00008d4c: 0000000c                       unimp  0xc
  00008d50: 00000a64 nip                   unimp  0xa64
  00008d54: 00008a3c >threads              unimp  0x8a3c
  00008d58: 00000a20 unnest                unimp  0xa20

name=next-word flags=80
  00008d6c: 7fffdcb6                       call  0x44
  00008d70: 8c21a004                       sub  %g6, 4, %g6
  00008d74: 00008d10 >ptr                  unimp  0x8d10
  00008d78: 000026d0 another-link?         unimp  0x26d0
  00008d7c: 00000194 ?branch               unimp  0x194
  00008d80: 00000014                       unimp  0x14
  00008d84: 00008994 >link                 unimp  0x8994
  00008d88: 00006054 true                  unimp  0x6054
  00008d8c: 00000174 branch                unimp  0x174
  00008d90: 00000008                       unimp  0x8
  00008d94: 0000606c false                 unimp  0x606c
  00008d98: 00000a20 unnest                unimp  0xa20

name=insert-word flags=80
  00008dac: 7fffdca6                       call  0x44
  00008db0: 8c21a004                       sub  %g6, 4, %g6
  00008db4: 00008d10 >ptr                  unimp  0x8d10
  00008db8: 00000dc8 swap                  unimp  0xdc8
  00008dbc: 00008974 link>                 unimp  0x8974
  00008dc0: 00000dc8 swap                  unimp  0xdc8
  00008dc4: 00000e64 2dup                  unimp  0xe64
  00008dc8: 00007e24 link@                 unimp  0x7e24
  00008dcc: 00000dc8 swap                  unimp  0xdc8
  00008dd0: 00008994 >link                 unimp  0x8994
  00008dd4: 00007e40 link!                 unimp  0x7e40
  00008dd8: 00007e40 link!                 unimp  0x7e40
  00008ddc: 00000a20 unnest                unimp  0xa20

name=remove-word flags=80
  00008df0: 7fffdc95                       call  0x44
  00008df4: 8c21a004                       sub  %g6, 4, %g6
  00008df8: 00008a3c >threads              unimp  0x8a3c
  00008dfc: 00000dc8 swap                  unimp  0xdc8
  00008e00: 00008974 link>                 unimp  0x8974
  00008e04: 00000dc8 swap                  unimp  0xdc8
  00008e08: 00008974 link>                 unimp  0x8974
  00008e0c: 00008994 >link                 unimp  0x8994
  00008e10: 00000e64 2dup                  unimp  0xe64
  00008e14: 00007e24 link@                 unimp  0x7e24
  00008e18: 00000bd8 =                     unimp  0xbd8
  00008e1c: 00000194 ?branch               unimp  0x194
  00008e20: 0000001c                       unimp  0x1c
  00008e24: 00000dc8 swap                  unimp  0xdc8
  00008e28: 00008994 >link                 unimp  0x8994
  00008e2c: 00007e24 link@                 unimp  0x7e24
  00008e30: 00000dc8 swap                  unimp  0xdc8
  00008e34: 00007e40 link!                 unimp  0x7e40
  00008e38: 00000a00 exit                  unimp  0xa00
  00008e3c: 000026d0 another-link?         unimp  0x26d0
  00008e40: 00000aa8 0=                    unimp  0xaa8
  00008e44: 00000194 ?branch               unimp  0x194
  00008e48: ffffffc4                       unknown
  00008e4c: 00000d3c drop                  unimp  0xd3c
  00008e50: 00000a20 unnest                unimp  0xa20

name=voc> flags=80
  00008e60: 7fffdc79                       call  0x44
  00008e64: 8c21a004                       sub  %g6, 4, %g6
  00008e68: 00000a20 unnest                unimp  0xa20

name=>voc-link flags=80
  00008e7c: 7fffdc72                       call  0x44
  00008e80: 8c21a004                       sub  %g6, 4, %g6
  00008e84: 0000270c >body                 unimp  0x270c
  00008e88: 00002728 /user#                unimp  0x2728
  00008e8c: 00000628 +                     unimp  0x628
  00008e90: 00000a20 unnest                unimp  0xa20

name=(wordlist) flags=80
  00008ea4: 7fffdc68                       call  0x44
  00008ea8: 8c21a004                       sub  %g6, 4, %g6
  00008eac: 000020d4 create-cf             unimp  0x20d4
  00008eb0: 00007e0c /link                 unimp  0x7e0c
  00008eb4: 00007490 user#,                unimp  0x7490
  00008eb8: 00002620 !null-link            unimp  0x2620
  00008ebc: 00009064 voc-link,             unimp  0x9064
  00008ec0: 00005f9c 0                     unimp  0x5f9c
  00008ec4: 000069f0 ,                     unimp  0x69f0
  00008ec8: 00008268 (does>)               unimp  0x8268
  00008ecc: 7fffdc89                       call  0xf0
  00008ed0: 8e21e004                       sub  %g7, 4, %g7
  00008ed4: 000026f0 body>                 unimp  0x26f0
  00008ed8: 000099e4 context               unimp  0x99e4
  00008edc: 000025a4 token!                unimp  0x25a4
  00008ee0: 00000a20 unnest                unimp  0xa20

name=\tagvoc flags=c0
  00008ef0: 7fffdc55                       call  0x44
  00008ef4: 8c21a004                       sub  %g6, 4, %g6
  00008ef8: 00000a20 unnest                unimp  0xa20

name=\nottagvoc flags=c0
  00008f0c: 7fffdc4e                       call  0x44
  00008f10: 8c21a004                       sub  %g6, 4, %g6
  00008f14: 00005958 \                     unimp  0x5958
  00008f18: 00000a20 unnest                unimp  0xa20

name=wordlist flags=80
  00008f2c: 7fffdc46                       call  0x44
  00008f30: 8c21a004                       sub  %g6, 4, %g6
  00008f34: 00008e84 (wordlist)            unimp  0x8e84
  00008f38: 00006794 lastacf               unimp  0x6794
  00008f3c: 00000a20 unnest                unimp  0xa20

name=vocabulary flags=80
  00008f50: 7fffdc3d                       call  0x44
  00008f54: 8c21a004                       sub  %g6, 4, %g6
  00008f58: 00008150 header                unimp  0x8150
  00008f5c: 00008e84 (wordlist)            unimp  0x8e84
  00008f60: 00000a20 unnest                unimp  0xa20

name=$find-next flags=80
  00008f74: 7fffdc4f                       call  0xb0
  00008f78: e003e008                       ld  [ %o7 + 8 ], %l0
  00008f7c: 0000014c (llit)                DEFER 0x14c

name=hidden-voc flags=80
  00008f90: 7fffdc3c                       call  0x80
  00008f94: 8e21e004                       sub  %g7, 4, %g7
  00008f98: 00000150 {IF}                  USER 0x150

name=not-hidden flags=80
  00008fac: 7fffdc26                       call  0x44
  00008fb0: 8c21a004                       sub  %g6, 4, %g6
  00008fb4: 00008f70 hidden-voc            unimp  0x8f70
  00008fb8: 00002648 !null-token           unimp  0x2648
  00008fbc: 00000a20 unnest                unimp  0xa20

name=hide flags=80
  00008fcc: 7fffdc1e                       call  0x44
  00008fd0: 8c21a004                       sub  %g6, 4, %g6
  00008fd4: 000092e0 current-voc           unimp  0x92e0
  00008fd8: 00008f70 hidden-voc            unimp  0x8f70
  00008fdc: 000025a4 token!                unimp  0x25a4
  00008fe0: 00008a5c last                  unimp  0x8a5c
  00008fe4: 000010e0 @                     unimp  0x10e0
  00008fe8: 00008904 n>link                unimp  0x8904
  00008fec: 000092e0 current-voc           unimp  0x92e0
  00008ff0: 00008dd0 remove-word           unimp  0x8dd0
  00008ff4: 00000a20 unnest                unimp  0xa20

name=reveal flags=80
  00009004: 7fffdc10                       call  0x44
  00009008: 8c21a004                       sub  %g6, 4, %g6
  0000900c: 00008f70 hidden-voc            unimp  0x8f70
  00009010: 000026a8 get-token?            unimp  0x26a8
  00009014: 00000194 ?branch               unimp  0x194
  00009018: 00000020                       unimp  0x20
  0000901c: 00008a5c last                  unimp  0x8a5c
  00009020: 000010e0 @                     unimp  0x10e0
  00009024: 00008904 n>link                unimp  0x8904
  00009028: 00005f9c 0                     unimp  0x5f9c
  0000902c: 00000de8 rot                   unimp  0xde8
  00009030: 00008d8c insert-word           unimp  0x8d8c
  00009034: 00008f8c not-hidden            unimp  0x8f8c
  00009038: 00000a20 unnest                unimp  0xa20

name=#threads flags=80
  0000904c: 7fffdc1c                       call  0xbc
  00009050: 8e21e004                       sub  %g7, 4, %g7
  00009054: 00000001                       CONSTANT 0x1

name=voc-link flags=80
  00009068: 7fffdc06                       call  0x80
  0000906c: 8e21e004                       sub  %g7, 4, %g7
  00009070: 00000154                       USER 0x154

name=voc-link, flags=80
  00009084: 7fffdbf0                       call  0x44
  00009088: 8c21a004                       sub  %g6, 4, %g6
  0000908c: 00006794 lastacf               unimp  0x6794
  00009090: 00009048 voc-link              unimp  0x9048
  00009094: 00007e24 link@                 unimp  0x7e24
  00009098: 00007e5c link,                 unimp  0x7e5c
  0000909c: 00009048 voc-link              unimp  0x9048
  000090a0: 00007e40 link!                 unimp  0x7e40
  000090a4: 00000a20 unnest                unimp  0xa20

name=find-voc flags=80
  000090b8: 7fffdbe3                       call  0x44
  000090bc: 8c21a004                       sub  %g6, 4, %g6
  000090c0: 00000868 >r                    unimp  0x868
  000090c4: 00009048 voc-link              unimp  0x9048
  000090c8: 000026d0 another-link?         unimp  0x26d0
  000090cc: 0000606c false                 unimp  0x606c
  000090d0: 00000bd8 =                     unimp  0xbd8
  000090d4: 00000194 ?branch               unimp  0x194
  000090d8: 00000014                       unimp  0x14
  000090dc: 0000606c false                 unimp  0x606c
  000090e0: 00006054 true                  unimp  0x6054
  000090e4: 00000174 branch                unimp  0x174
  000090e8: 00000020                       unimp  0x20
  000090ec: 00000d84 dup                   unimp  0xd84
  000090f0: 00008e40 voc>                  unimp  0x8e40
  000090f4: 00000dc8 swap                  unimp  0xdc8
  000090f8: 00008e5c >voc-link             unimp  0x8e5c
  000090fc: 00000dc8 swap                  unimp  0xdc8
  00009100: 000008b0 r@                    unimp  0x8b0
  00009104: 00000400 execute               unimp  0x400
  00009108: 00000194 ?branch               unimp  0x194
  0000910c: ffffffbc                       unknown
  00009110: 0000088c r>                    unimp  0x88c
  00009114: 00000d3c drop                  unimp  0xd3c
  00009118: 00000a20 unnest                unimp  0xa20

name=fake-name-buf flags=80
  00009130: 7fffdbda                       call  0x98
  00009134: 8e21e004                       sub  %g7, 4, %g7
  00009138: 00000158                       VALUE 0x158

name=fake-name flags=80
  0000914c: 7fffdbbe                       call  0x44
  00009150: 8c21a004                       sub  %g6, 4, %g6
  00009154: 00004adc base                  unimp  0x4adc
  00009158: 000010e0 @                     unimp  0x10e0
  0000915c: 00000868 >r                    unimp  0x868
  00009160: 0000621c hex                   unimp  0x621c
  00009164: 00004b38 <#                    unimp  0x4b38
  00009168: 00005f9c 0                     unimp  0x5f9c
  0000916c: 00004b08 hold                  unimp  0x4b08
  00009170: 000000fc (lit)                 unimp  0xfc
  00009174: 00000029                       unimp  0x29
  00009178: 00004b08 hold                  unimp  0x4b08
  0000917c: 00004bfc u#s                   unimp  0x4bfc
  00009180: 000000fc (lit)                 unimp  0xfc
  00009184: 00000028                       unimp  0x28
  00009188: 00004b08 hold                  unimp  0x4b08
  0000918c: 00004c24 u#>                   unimp  0x4c24
  00009190: 00009110 fake-name-buf         unimp  0x9110
  00009194: 00005384 $save                 unimp  0x5384
  00009198: 00000a40 tuck                  unimp  0xa40
  0000919c: 00000628 +                     unimp  0x628
  000091a0: 00000fc8 1-                    unimp  0xfc8
  000091a4: 00000a40 tuck                  unimp  0xa40
  000091a8: 00000dc8 swap                  unimp  0xdc8
  000091ac: 00000fc8 1-                    unimp  0xfc8
  000091b0: 000000fc (lit)                 unimp  0xfc
  000091b4: 00000080                       unimp  0x80
  000091b8: 00000540 or                    unimp  0x540
  000091bc: 00000dc8 swap                  unimp  0xdc8
  000091c0: 00001424 c!                    unimp  0x1424
  000091c4: 0000088c r>                    unimp  0x88c
  000091c8: 00004adc base                  unimp  0x4adc
  000091cc: 00001290 !                     unimp  0x1290
  000091d0: 00000a20 unnest                unimp  0xa20

name=>name flags=80
  000091e0: 7fffdb99                       call  0x44
  000091e4: 8c21a004                       sub  %g6, 4, %g6
  000091e8: 00000d84 dup                   unimp  0xd84
  000091ec: 0000884c >name?                unimp  0x884c
  000091f0: 00000194 ?branch               unimp  0x194
  000091f4: 00000010 <?>                   unimp  0x10
  000091f8: 00000a64 nip                   unimp  0xa64
  000091fc: 00000174 branch                unimp  0x174
  00009200: 0000000c                       unimp  0xc
  00009204: 00000d3c drop                  unimp  0xd3c
  00009208: 0000912c fake-name             unimp  0x912c
  0000920c: 00000a20 unnest                unimp  0xa20

name=immediate flags=80
  00009220: 7fffdb89                       call  0x44
  00009224: 8c21a004                       sub  %g6, 4, %g6
  00009228: 00008a5c last                  unimp  0x8a5c
  0000922c: 000010e0 @                     unimp  0x10e0
  00009230: 0000893c n>flags               unimp  0x893c
  00009234: 00000d84 dup                   unimp  0xd84
  00009238: 0000117c c@                    unimp  0x117c
  0000923c: 000000fc (lit)                 unimp  0xfc
  00009240: 00000040                       unimp  0x40
  00009244: 00000540 or                    unimp  0x540
  00009248: 00000dc8 swap                  unimp  0xdc8
  0000924c: 00001424 c!                    unimp  0x1424
  00009250: 00000a20 unnest                unimp  0xa20

name=immediate? flags=80
  00009264: 7fffdb78                       call  0x44
  00009268: 8c21a004                       sub  %g6, 4, %g6
  0000926c: 000089b4 >flags                unimp  0x89b4
  00009270: 0000117c c@                    unimp  0x117c
  00009274: 000000fc (lit)                 unimp  0xfc
  00009278: 00000040                       unimp  0x40
  0000927c: 00000520 and                   unimp  0x520
  00009280: 00000acc 0<>                   unimp  0xacc
  00009284: 00000a20 unnest                unimp  0xa20

name=flagalias flags=80
  00009298: 7fffdb6b                       call  0x44
  0000929c: 8c21a004                       sub  %g6, 4, %g6
  000092a0: 00008a5c last                  unimp  0x8a5c
  000092a4: 000010e0 @                     unimp  0x10e0
  000092a8: 0000893c n>flags               unimp  0x893c
  000092ac: 00000d84 dup                   unimp  0xd84
  000092b0: 0000117c c@                    unimp  0x117c
  000092b4: 000000fc (lit)                 unimp  0xfc
  000092b8: 00000020                       unimp  0x20
  000092bc: 00000540 or                    unimp  0x540
  000092c0: 00000dc8 swap                  unimp  0xdc8
  000092c4: 00001424 c!                    unimp  0x1424
  000092c8: 00000a20 unnest                unimp  0xa20

name=.last flags=80
  000092d8: 7fffdb5b                       call  0x44
  000092dc: 8c21a004                       sub  %g6, 4, %g6
  000092e0: 00008a5c last                  unimp  0x8a5c
  000092e4: 000010e0 @                     unimp  0x10e0
  000092e8: 000074b8 .id                   unimp  0x74b8
  000092ec: 00000a20 unnest                unimp  0xa20

name=current-voc flags=80
  00009300: 7fffdb51                       call  0x44
  00009304: 8c21a004                       sub  %g6, 4, %g6
  00009308: 000099fc current               unimp  0x99fc
  0000930c: 00002584 token@                unimp  0x2584
  00009310: 00000a20 unnest                unimp  0xa20

name=canonical-word flags=80
  00009328: 7fffdb5c                       call  0x98
  0000932c: 8e21e004                       sub  %g7, 4, %g7
  00009330: 0000015c                       VALUE 0x15c

name=init flags=80
  00009340: 7fffdb41                       call  0x44
  00009344: 8c21a004                       sub  %g6, 4, %g6
  00009348: 00008808 init                  unimp  0x8808
  0000934c: 000000fc (lit)                 unimp  0xfc
  00009350: 00000014                       unimp  0x14
  00009354: 00004614 alloc-mem             unimp  0x4614
  00009358: 0000a3c0 (is)                  unimp  0xa3c0
  0000935c: 00009110 fake-name-buf         unimp  0x9110
  00009360: 000000fc (lit)                 unimp  0xfc
  00009364: 00000020                       unimp  0x20
  00009368: 00004614 alloc-mem             unimp  0x4614
  0000936c: 0000a3c0 (is)                  unimp  0xa3c0
  00009370: 00009308 canonical-word        unimp  0x9308
  00009374: 000000fc (lit)                 unimp  0xfc
  00009378: 00000022                       unimp  0x22
  0000937c: 00004614 alloc-mem             unimp  0x4614
  00009380: 0000a3c0 (is)                  unimp  0xa3c0
  00009384: 00007ab8 'error-word           unimp  0x7ab8
  00009388: 00000a20 unnest                unimp  0xa20

name=$canonical flags=80
  0000939c: 7fffdb2a                       call  0x44
  000093a0: 8c21a004                       sub  %g6, 4, %g6
  000093a4: 00005ce0 caps                  unimp  0x5ce0
  000093a8: 000010e0 @                     unimp  0x10e0
  000093ac: 00000194 ?branch               unimp  0x194
  000093b0: 00000020                       unimp  0x20
  000093b4: 000000fc (lit)                 unimp  0xfc
  000093b8: 0000001f                       unimp  0x1f
  000093bc: 000006f0 min                   unimp  0x6f0
  000093c0: 00009308 canonical-word        unimp  0x9308
  000093c4: 00005384 $save                 unimp  0x5384
  000093c8: 00000e64 2dup                  unimp  0xe64
  000093cc: 00005c9c lower                 unimp  0x5c9c
  000093d0: 00000a20 unnest                unimp  0xa20

name=$recreate-warning flags=80
  000093ec: 7fffdb16                       call  0x44
  000093f0: 8c21a004                       sub  %g6, 4, %g6
  000093f4: 00000d3c drop                  unimp  0xd3c
  000093f8: 000044fc type                  unimp  0x44fc
  000093fc: 000066c0 (.")                  unimp  0x66c0
  00009400: 0e206973                       unknown
  00009404: 6e277420                       call  0xb89e6484
  00009408: 756e6971                       call  0xd5ba39cc
  0000940c: 75652000                       call  0xd595140c
  00009410: 000046c0 cr                    unimp  0x46c0
  00009414: 000066c0 (.")                  unimp  0x66c0
  00009418: 1a437572                       unknown
  0000941c: 72656e74                       call  0xc9964dec
  00009420: 6c792063                       call  0xb1e515ac
  00009424: 6f6d7069                       call  0xbdb655c8
  00009428: 6c696e67                       call  0xb1a64dc4
  0000942c: 20686572                       unknown
  00009430: 653a2000                       call  0x94e91430
  00009434: 000075f4 where                 unimp  0x75f4
  00009438: 000046c0 cr                    unimp  0x46c0
  0000943c: 00000a20 unnest                unimp  0xa20

name=$create-word-len-chk flags=80
  0000945c: 7fffdafa                       call  0x44
  00009460: 8c21a004                       sub  %g6, 4, %g6
  00009464: 00000d84 dup                   unimp  0xd84
  00009468: 000000fc (lit)                 unimp  0xfc
  0000946c: 0000001f                       unimp  0x1f
  00009470: 00000bac >                     unimp  0xbac
  00009474: 00000194 ?branch               unimp  0x194
  00009478: 0000006c                       unimp  0x6c
  0000947c: 000075f4 where                 unimp  0x75f4
  00009480: 000066c0 (.")                  unimp  0x66c0
  00009484: 29437265                       unknown
  00009488: 6174696e                       call  0x85d23a40
  0000948c: 6720776f                       call  0x9c827248
  00009490: 72642077                       call  0xc991166c
  00009494: 69746820                       call  0xa5d23514
  00009498: 6e616d65                       call  0xb9864a2c
  0000949c: 203e2033                       unknown
  000094a0: 31206368                       sethi  %hi(0x818da000), %i0
  000094a4: 61726163                       call  0x85ca1a30
  000094a8: 74657273                       call  0xd1965e74
  000094ac: 3a200000                       unknown
  000094b0: 00000e64 2dup                  unimp  0xe64
  000094b4: 000044fc type                  unimp  0x44fc
  000094b8: 000066c0 (.")                  unimp  0x66c0
  000094bc: 11202057                       sethi  %hi(0x80815c00), %o0
  000094c0: 68696368                       call  0xa1a62260
  000094c4: 20626563                       unknown
  000094c8: 6f6d6573                       call  0xbdb62a94
  000094cc: 3a200000                       unknown
  000094d0: 00000da4 over                  unimp  0xda4
  000094d4: 000000fc (lit)                 unimp  0xfc
  000094d8: 0000001f                       unimp  0x1f
  000094dc: 000044fc type                  unimp  0x44fc
  000094e0: 000046c0 cr                    unimp  0x46c0
  000094e4: 00000e40 2drop                 unimp  0xe40
  000094e8: 00000a20 unnest                unimp  0xa20

name=recreate-abort flags=80
  00009500: 7fffdaec                       call  0xb0
  00009504: e003e008                       ld  [ %o7 + 8 ], %l0
  00009508: 00000160                       DEFER 0x160

name=$create-word flags=80
  00009520: 7fffdac9                       call  0x44
  00009524: 8c21a004                       sub  %g6, 4, %g6
  00009528: 00000e14 -rot                  unimp  0xe14
  0000952c: 00000e64 2dup                  unimp  0xe64
  00009530: 0000943c $create-word-len-chk  unimp  0x943c
  00009534: 0000937c $canonical            unimp  0x937c
  00009538: 00000de8 rot                   unimp  0xde8
  0000953c: 000074fc warning               unimp  0x74fc
  00009540: 000010e0 @                     unimp  0x10e0
  00009544: 00000194 ?branch               unimp  0x194
  00009548: 0000003c                       unimp  0x3c
  0000954c: 00000f0c 3dup                  unimp  0xf0c
  00009550: 00008cec $find-word            unimp  0x8cec
  00009554: 00000194 ?branch               unimp  0x194
  00009558: 00000028                       unimp  0x28
  0000955c: 00000dc8 swap                  unimp  0xdc8
  00009560: 00000868 >r                    unimp  0x868
  00009564: 00000f0c 3dup                  unimp  0xf0c
  00009568: 000093cc $recreate-warning     unimp  0x93cc
  0000956c: 000094e0 recreate-abort        unimp  0x94e0
  00009570: 00000d3c drop                  unimp  0xd3c
  00009574: 0000088c r>                    unimp  0x88c
  00009578: 00000174 branch                unimp  0x174
  0000957c: 00000008                       unimp  0x8
  00009580: 00000e40 2drop                 unimp  0xe40
  00009584: 00008bf4 $make-header          unimp  0x8bf4
  00009588: 00000a20 unnest                unimp  0xa20

name=($header) flags=80
  0000959c: 7fffdaaa                       call  0x44
  000095a0: 8c21a004                       sub  %g6, 4, %g6
  000095a4: 000092e0 current-voc           unimp  0x92e0
  000095a8: 00009500 $create-word          unimp  0x9500
  000095ac: 00000a20 unnest                unimp  0xa20

name=(search-wordlist) flags=80
  000095c8: 7fffda9f                       call  0x44
  000095cc: 8c21a004                       sub  %g6, 4, %g6
  000095d0: 00008cec $find-word            unimp  0x8cec
  000095d4: 00000d84 dup                   unimp  0xd84
  000095d8: 00000aa8 0=                    unimp  0xaa8
  000095dc: 00000194 ?branch               unimp  0x194
  000095e0: 0000000c                       unimp  0xc
  000095e4: 00000a64 nip                   unimp  0xa64
  000095e8: 00000a64 nip                   unimp  0xa64
  000095ec: 00000a20 unnest                unimp  0xa20

name=search-wordlist flags=80
  00009604: 7fffda90                       call  0x44
  00009608: 8c21a004                       sub  %g6, 4, %g6
  0000960c: 00000868 >r                    unimp  0x868
  00009610: 0000937c $canonical            unimp  0x937c
  00009614: 0000088c r>                    unimp  0x88c
  00009618: 000095a8 (search-wordlist)     unimp  0x95a8
  0000961c: 00000a20 unnest                unimp  0xa20

name=$vfind flags=80
  0000962c: 7fffda86                       call  0x44
  00009630: 8c21a004                       sub  %g6, 4, %g6
  00009634: 00000868 >r                    unimp  0x868
  00009638: 0000937c $canonical            unimp  0x937c
  0000963c: 0000088c r>                    unimp  0x88c
  00009640: 00008cec $find-word            unimp  0x8cec
  00009644: 00000a20 unnest                unimp  0xa20

name=find-fixup flags=80
  00009658: 7fffda7b                       call  0x44
  0000965c: 8c21a004                       sub  %g6, 4, %g6
  00009660: 00000d84 dup                   unimp  0xd84
  00009664: 00000194 ?branch               unimp  0x194
  00009668: 00000074                       unimp  0x74
  0000966c: 00000d3c drop                  unimp  0xd3c
  00009670: 00000a64 nip                   unimp  0xa64
  00009674: 00000a64 nip                   unimp  0xa64
  00009678: 00000d84 dup                   unimp  0xd84
  0000967c: 00008974 link>                 unimp  0x8974
  00009680: 00000dc8 swap                  unimp  0xdc8
  00009684: 00008920 l>name                unimp  0x8920
  00009688: 0000893c n>flags               unimp  0x893c
  0000968c: 0000117c c@                    unimp  0x117c
  00009690: 00000d84 dup                   unimp  0xd84
  00009694: 000000fc (lit)                 unimp  0xfc
  00009698: 00000020                       unimp  0x20
  0000969c: 00000520 and                   unimp  0x520
  000096a0: 00000194 ?branch               unimp  0x194
  000096a4: 00000010 <?>                   unimp  0x10
  000096a8: 00000dc8 swap                  unimp  0xdc8
  000096ac: 00002584 token@                unimp  0x2584
  000096b0: 00000dc8 swap                  unimp  0xdc8
  000096b4: 000000fc (lit)                 unimp  0xfc
  000096b8: 00000040                       unimp  0x40
  000096bc: 00000520 and                   unimp  0x520
  000096c0: 00000194 ?branch               unimp  0x194
  000096c4: 00000010 <?>                   unimp  0x10
  000096c8: 00005fb0 1                     unimp  0x5fb0
  000096cc: 00000174 branch                unimp  0x174
  000096d0: 0000000c                       unimp  0xc
  000096d4: 000000fc (lit)                 unimp  0xfc
  000096d8: ffffffff                       unknown
  000096dc: 00000a20 unnest                unimp  0xa20

name=tbuf flags=80
  000096ec: 7fffda65                       call  0x80
  000096f0: 8e21e004                       sub  %g7, 4, %g7
  000096f4: 00000164                       USER 0x164

name=follow flags=80
  00009704: 7fffda50                       call  0x44
  00009708: 8c21a004                       sub  %g6, 4, %g6
  0000970c: 000096cc tbuf                  unimp  0x96cc
  00009710: 000025a4 token!                unimp  0x25a4
  00009714: 00005f9c 0                     unimp  0x5f9c
  00009718: 000096cc tbuf                  unimp  0x96cc
  0000971c: 00001978 na1+                  unimp  0x1978
  00009720: 00001290 !                     unimp  0x1290
  00009724: 00000a20 unnest                unimp  0xa20

name=another? flags=80
  00009738: 7fffda43                       call  0x44
  0000973c: 8c21a004                       sub  %g6, 4, %g6
  00009740: 000096cc tbuf                  unimp  0x96cc
  00009744: 00001978 na1+                  unimp  0x1978
  00009748: 000010e0 @                     unimp  0x10e0
  0000974c: 000096cc tbuf                  unimp  0x96cc
  00009750: 00002584 token@                unimp  0x2584
  00009754: 00008d4c next-word             unimp  0x8d4c
  00009758: 00000194 ?branch               unimp  0x194
  0000975c: 00000024 <INTERPRET>           unimp  0x24
  00009760: 00000d84 dup                   unimp  0xd84
  00009764: 000096cc tbuf                  unimp  0x96cc
  00009768: 00001978 na1+                  unimp  0x1978
  0000976c: 00001290 !                     unimp  0x1290
  00009770: 00008920 l>name                unimp  0x8920
  00009774: 00006054 true                  unimp  0x6054
  00009778: 00000174 branch                unimp  0x174
  0000977c: 00000008                       unimp  0x8
  00009780: 0000606c false                 unimp  0x606c
  00009784: 00000a20 unnest                unimp  0xa20

name=another-word? flags=80
  0000979c: 7fffda2a                       call  0x44
  000097a0: 8c21a004                       sub  %g6, 4, %g6
  000097a4: 00000a40 tuck                  unimp  0xa40
  000097a8: 00008d4c next-word             unimp  0x8d4c
  000097ac: 00000194 ?branch               unimp  0x194
  000097b0: 00000018                       unimp  0x18
  000097b4: 00000a40 tuck                  unimp  0xa40
  000097b8: 00008920 l>name                unimp  0x8920
  000097bc: 00006054 true                  unimp  0x6054
  000097c0: 00000174 branch                unimp  0x174
  000097c4: 0000000c                       unimp  0xc
  000097c8: 00000d3c drop                  unimp  0xd3c
  000097cc: 0000606c false                 unimp  0x606c
  000097d0: 00000a20 unnest                unimp  0xa20

name=trim flags=80
  000097e0: 7fffda19                       call  0x44
  000097e4: 8c21a004                       sub  %g6, 4, %g6
  000097e8: 00000868 >r                    unimp  0x868
  000097ec: 00005f9c 0                     unimp  0x5f9c
  000097f0: 000008b0 r@                    unimp  0x8b0
  000097f4: 00008d4c next-word             unimp  0x8d4c
  000097f8: 00000194 ?branch               unimp  0x194
  000097fc: 00000028                       unimp  0x28
  00009800: 00000e64 2dup                  unimp  0xe64
  00009804: 00000d0c <=                    unimp  0xd0c
  00009808: 00000194 ?branch               unimp  0x194
  0000980c: 00000010 <?>                   unimp  0x10
  00009810: 00000d84 dup                   unimp  0xd84
  00009814: 000008b0 r@                    unimp  0x8b0
  00009818: 00008dd0 remove-word           unimp  0x8dd0
  0000981c: 00000174 branch                unimp  0x174
  00009820: ffffffd0                       unknown
  00009824: 0000088c r>                    unimp  0x88c
  00009828: 00000e40 2drop                 unimp  0xe40
  0000982c: 00000a20 unnest                unimp  0xa20

name=fence flags=80
  0000983c: 7fffda11                       call  0x80
  00009840: 8e21e004                       sub  %g7, 4, %g7
  00009844: 0000016c                       USER 0x16c

name=(forget) flags=80
  00009858: 7fffd9fb                       call  0x44
  0000985c: 8c21a004                       sub  %g6, 4, %g6
  00009860: 00000d84 dup                   unimp  0xd84
  00009864: 0000981c fence                 unimp  0x981c
  00009868: 000024fc a@                    unimp  0x24fc
  0000986c: 00000c88 u<                    unimp  0xc88
  00009870: 0000670c (abort")              unimp  0x670c
  00009874: 0b62656c                       unknown
  00009878: 6f772066                       call  0xbddd1a10
  0000987c: 656e6365                       call  0x95ba2610
  00009880: 00000000 [ENTRY]               unimp  0
  00009884: 00009048 voc-link              unimp  0x9048
  00009888: 00007e24 link@                 unimp  0x7e24
  0000988c: 00000e64 2dup                  unimp  0xe64
  00009890: 00000c88 u<                    unimp  0xc88
  00009894: 00000194 ?branch               unimp  0x194
  00009898: 00000058                       unimp  0x58
  0000989c: 00000d84 dup                   unimp  0xd84
  000098a0: 00008e40 voc>                  unimp  0x8e40
  000098a4: 000092e0 current-voc           unimp  0x92e0
  000098a8: 00000bd8 =                     unimp  0xbd8
  000098ac: 0000670c (abort")              unimp  0x670c
  000098b0: 26492063                       unknown
  000098b4: 616e2774                       call  0x85b93684
  000098b8: 20666f72                       unknown
  000098bc: 67657420                       call  0x9d96693c
  000098c0: 74686520                       call  0xd1a22d40
  000098c4: 63757272                       call  0x8dd6628c
  000098c8: 656e7420                       call  0x95ba6948
  000098cc: 766f6361                       call  0xd9be2650
  000098d0: 62756c61                       call  0x89d64a54
  000098d4: 72792e00                       call  0xc9e550d4
  000098d8: 00000d84 dup                   unimp  0xd84
  000098dc: 00008e40 voc>                  unimp  0x8e40
  000098e0: 00009b74 (except               unimp  0x9b74
  000098e4: 00008e5c >voc-link             unimp  0x8e5c
  000098e8: 00000174 branch                unimp  0x174
  000098ec: ffffff9c                       unknown
  000098f0: 00000d84 dup                   unimp  0xd84
  000098f4: 00009048 voc-link              unimp  0x9048
  000098f8: 00007e40 link!                 unimp  0x7e40
  000098fc: 00000e64 2dup                  unimp  0xe64
  00009900: 00008e40 voc>                  unimp  0x8e40
  00009904: 000097c0 trim                  unimp  0x97c0
  00009908: 00008e5c >voc-link             unimp  0x8e5c
  0000990c: 000026d0 another-link?         unimp  0x26d0
  00009910: 00000aa8 0=                    unimp  0xaa8
  00009914: 00000194 ?branch               unimp  0x194
  00009918: ffffffe4                       unknown
  0000991c: 00008a14 l>beginning           unimp  0x8a14
  00009920: 00006880 here                  unimp  0x6880
  00009924: 00000648 -                     unimp  0x648
  00009928: 000068f8 allot                 unimp  0x68f8
  0000992c: 00000a20 unnest                unimp  0xa20

name=forget flags=80
  0000993c: 7fffd9c2                       call  0x44
  00009940: 8c21a004                       sub  %g6, 4, %g6
  00009944: 00006ce4 safe-parse-word       unimp  0x6ce4
  00009948: 000092e0 current-voc           unimp  0x92e0
  0000994c: 0000960c $vfind                unimp  0x960c
  00009950: 00006c18 $?missing             unimp  0x6c18
  00009954: 00000d3c drop                  unimp  0xd3c
  00009958: 00008994 >link                 unimp  0x8994
  0000995c: 00009838 (forget)              unimp  0x9838
  00009960: 00000a20 unnest                unimp  0xa20

name=marker flags=80
  00009970: 7fffd9b5                       call  0x44
  00009974: 8c21a004                       sub  %g6, 4, %g6
  00009978: 000081ac create                unimp  0x81ac
  0000997c: 00002c68 #user                 unimp  0x2c68
  00009980: 000010e0 @                     unimp  0x10e0
  00009984: 000069f0 ,                     unimp  0x69f0
  00009988: 00008268 (does>)               unimp  0x8268
  0000998c: 7fffd9d9                       call  0xf0
  00009990: 8e21e004                       sub  %g7, 4, %g7
  00009994: 00000d84 dup                   unimp  0xd84
  00009998: 000010e0 @                     unimp  0x10e0
  0000999c: 00002c68 #user                 unimp  0x2c68
  000099a0: 00001290 !                     unimp  0x1290
  000099a4: 000026f0 body>                 unimp  0x26f0
  000099a8: 00008994 >link                 unimp  0x8994
  000099ac: 00009838 (forget)              unimp  0x9838
  000099b0: 00000a20 unnest                unimp  0xa20

name=init flags=80
  000099c0: 7fffd9a1                       call  0x44
  000099c4: 8c21a004                       sub  %g6, 4, %g6
  000099c8: 00009320 init                  unimp  0x9320
  000099cc: 00001c28 (')                   unimp  0x1c28
  000099d0: 000032cc ($find-next)          unimp  0x32cc
  000099d4: 0000a3c0 (is)                  unimp  0xa3c0
  000099d8: 00008f54 $find-next            unimp  0x8f54
  000099dc: 00000a20 unnest                unimp  0xa20

name=#vocs flags=80
  000099ec: 7fffd9b4                       call  0xbc
  000099f0: 8e21e004                       sub  %g7, 4, %g7
  000099f4: 00000020                       CONSTANT 0x20

name=context flags=80
  00009a04: 7fffd99f                       call  0x80
  00009a08: 8e21e004                       sub  %g7, 4, %g7
  00009a0c: 00000170                       USER 0x170

name=current flags=80
  00009a1c: 7fffd999                       call  0x80
  00009a20: 8e21e004                       sub  %g7, 4, %g7
  00009a24: 000001f0 (+loop)               USER 0x1f0

name=/context flags=80
  00009a38: 7fffd9a1                       call  0xbc
  00009a3c: 8e21e004                       sub  %g7, 4, %g7
  00009a40: 00000080                       CONSTANT 0x80

name=context-bounds flags=80
  00009a58: 7fffd97b                       call  0x44
  00009a5c: 8c21a004                       sub  %g6, 4, %g6
  00009a60: 000099e4 context               unimp  0x99e4
  00009a64: 00009a18 /context              unimp  0x9a18
  00009a68: 00006098 bounds                unimp  0x6098
  00009a6c: 00000a20 unnest                unimp  0xa20

name=shuffle-down flags=80
  00009a84: 7fffd970                       call  0x44
  00009a88: 8c21a004                       sub  %g6, 4, %g6
  00009a8c: 00009a38 context-bounds        unimp  0x9a38
  00009a90: 00000d3c drop                  unimp  0xd3c
  00009a94: 00000da4 over                  unimp  0xda4
  00009a98: 0000256c /token                unimp  0x256c
  00009a9c: 00000628 +                     unimp  0x628
  00009aa0: 00000278 (?do)                 unimp  0x278
  00009aa4: 00000034                       unimp  0x34
  00009aa8: 000002ac i                     unimp  0x2ac
  00009aac: 000026a8 get-token?            unimp  0x26a8
  00009ab0: 00000194 ?branch               unimp  0x194
  00009ab4: 00000018                       unimp  0x18
  00009ab8: 00000da4 over                  unimp  0xda4
  00009abc: 000025a4 token!                unimp  0x25a4
  00009ac0: 000002ac i                     unimp  0x2ac
  00009ac4: 00002648 !null-token           unimp  0x2648
  00009ac8: 00000300 (leave)               unimp  0x300
  00009acc: 0000256c /token                unimp  0x256c
  00009ad0: 000001f0 (+loop)               unimp  0x1f0
  00009ad4: ffffffd4                       unknown
  00009ad8: 00000d3c drop                  unimp  0xd3c
  00009adc: 00000a20 unnest                unimp  0xa20

name=clear-context flags=80
  00009af4: 7fffd954                       call  0x44
  00009af8: 8c21a004                       sub  %g6, 4, %g6
  00009afc: 00009a38 context-bounds        unimp  0x9a38
  00009b00: 00000278 (?do)                 unimp  0x278
  00009b04: 00000018                       unimp  0x18
  00009b08: 000002ac i                     unimp  0x2ac
  00009b0c: 00002648 !null-token           unimp  0x2648
  00009b10: 0000256c /token                unimp  0x256c
  00009b14: 000001f0 (+loop)               unimp  0x1f0
  00009b18: fffffff0                       unknown
  00009b1c: 00000a20 unnest                unimp  0xa20

name=compact-search-order flags=80
  00009b3c: 7fffd942                       call  0x44
  00009b40: 8c21a004                       sub  %g6, 4, %g6
  00009b44: 00009a38 context-bounds        unimp  0x9a38
  00009b48: 00000278 (?do)                 unimp  0x278
  00009b4c: 00000038 <NULLSUB>             unimp  0x38
  00009b50: 000002ac i                     unimp  0x2ac
  00009b54: 000026a8 get-token?            unimp  0x26a8
  00009b58: 00000aa8 0=                    unimp  0xaa8
  00009b5c: 00000194 ?branch               unimp  0x194
  00009b60: 00000014                       unimp  0x14
  00009b64: 000002ac i                     unimp  0x2ac
  00009b68: 00009a64 shuffle-down          unimp  0x9a64
  00009b6c: 00000174 branch                unimp  0x174
  00009b70: 00000008                       unimp  0x8
  00009b74: 00000d3c drop                  unimp  0xd3c
  00009b78: 0000256c /token                unimp  0x256c
  00009b7c: 000001f0 (+loop)               unimp  0x1f0
  00009b80: ffffffd0                       unknown
  00009b84: 00000a20 unnest                unimp  0xa20

name=(except flags=80
  00009b94: 7fffd92c                       call  0x44
  00009b98: 8c21a004                       sub  %g6, 4, %g6
  00009b9c: 00009a38 context-bounds        unimp  0x9a38
  00009ba0: 00000278 (?do)                 unimp  0x278
  00009ba4: 00000030                       unimp  0x30
  00009ba8: 00000d84 dup                   unimp  0xd84
  00009bac: 000002ac i                     unimp  0x2ac
  00009bb0: 00002584 token@                unimp  0x2584
  00009bb4: 00000bd8 =                     unimp  0xbd8
  00009bb8: 00000194 ?branch               unimp  0x194
  00009bbc: 0000000c                       unimp  0xc
  00009bc0: 000002ac i                     unimp  0x2ac
  00009bc4: 00002648 !null-token           unimp  0x2648
  00009bc8: 0000256c /token                unimp  0x256c
  00009bcc: 000001f0 (+loop)               unimp  0x1f0
  00009bd0: ffffffd8                       unknown
  00009bd4: 00000d3c drop                  unimp  0xd3c
  00009bd8: 00009b1c compact-search-order  unimp  0x9b1c
  00009bdc: 00000a20 unnest                unimp  0xa20

name=$find flags=80
  00009bec: 7fffd916                       call  0x44
  00009bf0: 8c21a004                       sub  %g6, 4, %g6
  00009bf4: 00000e64 2dup                  unimp  0xe64
  00009bf8: 000008f0 2>r                   unimp  0x8f0
  00009bfc: 0000937c $canonical            unimp  0x937c
  00009c00: 00005f9c 0                     unimp  0x5f9c
  00009c04: 0000606c false                 unimp  0x606c
  00009c08: 00009a38 context-bounds        unimp  0x9a38
  00009c0c: 00000278 (?do)                 unimp  0x278
  00009c10: 00000068                       unimp  0x68
  00009c14: 00000d3c drop                  unimp  0xd3c
  00009c18: 000002ac i                     unimp  0x2ac
  00009c1c: 000026a8 get-token?            unimp  0x26a8
  00009c20: 00000194 ?branch               unimp  0x194
  00009c24: 00000044                       unimp  0x44
  00009c28: 00000a40 tuck                  unimp  0xa40
  00009c2c: 00000bd8 =                     unimp  0xbd8
  00009c30: 00000194 ?branch               unimp  0x194
  00009c34: 00000010 <?>                   unimp  0x10
  00009c38: 0000606c false                 unimp  0x606c
  00009c3c: 00000174 branch                unimp  0x174
  00009c40: 00000020                       unimp  0x20
  00009c44: 00000d84 dup                   unimp  0xd84
  00009c48: 00000868 >r                    unimp  0x868
  00009c4c: 00008cec $find-word            unimp  0x8cec
  00009c50: 0000088c r>                    unimp  0x88c
  00009c54: 00000dc8 swap                  unimp  0xdc8
  00009c58: 00000d84 dup                   unimp  0xd84
  00009c5c: 0000032c (?leave)              unimp  0x32c
  00009c60: 00000174 branch                unimp  0x174
  00009c64: 00000008                       unimp  0x8
  00009c68: 0000606c false                 unimp  0x606c
  00009c6c: 0000256c /token                unimp  0x256c
  00009c70: 000001f0 (+loop)               unimp  0x1f0
  00009c74: ffffffa0                       unknown
  00009c78: 00000d5c ?dup                  unimp  0xd5c
  00009c7c: 00000194 ?branch               unimp  0x194
  00009c80: 00000018                       unimp  0x18
  00009c84: 00000a64 nip                   unimp  0xa64
  00009c88: 0000091c 2r>                   unimp  0x91c
  00009c8c: 00000e40 2drop                 unimp  0xe40
  00009c90: 00000174 branch                unimp  0x174
  00009c94: 00000010 <?>                   unimp  0x10
  00009c98: 00000eec 3drop                 unimp  0xeec
  00009c9c: 0000091c 2r>                   unimp  0x91c
  00009ca0: 0000606c false                 unimp  0x606c
  00009ca4: 00000a20 unnest                unimp  0xa20

name=find flags=80
  00009cb4: 7fffd8e4                       call  0x44
  00009cb8: 8c21a004                       sub  %g6, 4, %g6
  00009cbc: 00000d84 dup                   unimp  0xd84
  00009cc0: 00000868 >r                    unimp  0x868
  00009cc4: 00001d00 count                 unimp  0x1d00
  00009cc8: 00009bcc $find                 unimp  0x9bcc
  00009ccc: 00000d84 dup                   unimp  0xd84
  00009cd0: 00000aa8 0=                    unimp  0xaa8
  00009cd4: 00000194 ?branch               unimp  0x194
  00009cd8: 0000001c                       unimp  0x1c
  00009cdc: 00000a64 nip                   unimp  0xa64
  00009ce0: 00000a64 nip                   unimp  0xa64
  00009ce4: 0000088c r>                    unimp  0x88c
  00009ce8: 00000dc8 swap                  unimp  0xdc8
  00009cec: 00000174 branch                unimp  0x174
  00009cf0: 0000000c                       unimp  0xc
  00009cf4: 0000088c r>                    unimp  0x88c
  00009cf8: 00000d3c drop                  unimp  0xd3c
  00009cfc: 00000a20 unnest                unimp  0xa20

name=>voc flags=80
  00009d0c: 7fffd8ce                       call  0x44
  00009d10: 8c21a004                       sub  %g6, 4, %g6
  00009d14: 0000256c /token                unimp  0x256c
  00009d18: 00002f00 *                     unimp  0x2f00
  00009d1c: 000099e4 context               unimp  0x99e4
  00009d20: 00000628 +                     unimp  0x628
  00009d24: 00000a20 unnest                unimp  0xa20

name=root flags=80
  00009d34: 7ffffc66                       call  0x8ecc
  00009d38: a003e008                       add  %o7, 8, %l0
  00009d3c: 000001f4                       unimp  0x1f4
  00009d40: 00000000 [ENTRY]               unimp  0
  00009d44: 00000061                       unimp  0x61
  00009d48: 6c736f84                       call  0xb1ce5b58
  00009d4c: 00000000 [ENTRY]               unimp  0
  00009d50: 7fffd8bd                       call  0x44
  00009d54: 8c21a004                       sub  %g6, 4, %g6
  00009d58: 000099e4 context               unimp  0x99e4
  00009d5c: 00005fb0 1                     unimp  0x5fb0
  00009d60: 00009cec >voc                  unimp  0x9cec
  00009d64: 000099cc #vocs                 unimp  0x99cc
  00009d68: 00000fe0 2-                    unimp  0xfe0
  00009d6c: 0000256c /token                unimp  0x256c
  00009d70: 00002f00 *                     unimp  0x2f00
  00009d74: 000004dc cmove>                unimp  0x4dc
  00009d78: 00000a20 unnest                unimp  0xa20
  00009d7c: 00000028                       unimp  0x28
  00009d80: 6d696e2d                       call  0xb5a65634
  00009d84: 73656172                       call  0xcd96234c
  00009d88: 6368298c                       call  0x8da143b8
  00009d8c: 00009d30                       unimp  0x9d30
  00009d90: 7fffd8ad                       call  0x44
  00009d94: 8c21a004                       sub  %g6, 4, %g6
  00009d98: 00009d14 root                  unimp  0x9d14
  00009d9c: 00009d30                       unimp  0x9d30
  00009da0: 00000a20 unnest                unimp  0xa20
  00009da4: 0000006d                       unimp  0x6d
  00009da8: 696e696d                       call  0xa5ba435c
  00009dac: 756d2d73                       call  0xd5b55378
  00009db0: 65617263                       call  0x9586673c
  00009db4: 682d6f72                       call  0xa0b65b7c
  00009db8: 64657294                       call  0x91966808
  00009dbc: 00009d70                       unimp  0x9d70
  00009dc0: 7fffd8bc                       call  0xb0
  00009dc4: e003e008                       ld  [ %o7 + 8 ], %l0
  00009dc8: 000001f8                       DEFER 0x1f8
  00009dcc: 00666f72                       unknown
  00009dd0: 74682d77                       call  0xd1a153ac
  00009dd4: 6f72646c                       call  0xbdca2f84
  00009dd8: 6973748e                       call  0xa5ce7010
  00009ddc: 00009da0                       unimp  0x9da0
  00009de0: 7fffd899                       call  0x44
  00009de4: 8c21a004                       sub  %g6, 4, %g6
  00009de8: 00001c28 (')                   unimp  0x1c28
  00009dec: 0000a0ac                       unimp  0xa0ac
  00009df0: 00000a20 unnest                unimp  0xa20
  00009df4: 6765742d                       call  0x9d966ea8
  00009df8: 63757272                       call  0x8dd667c0
  00009dfc: 656e748b                       call  0x95ba7028
  00009e00: 00009dc0                       unimp  0x9dc0
  00009e04: 7fffd890                       call  0x44
  00009e08: 8c21a004                       sub  %g6, 4, %g6
  00009e0c: 000099fc current               unimp  0x99fc
  00009e10: 00002584 token@                unimp  0x2584
  00009e14: 00000a20 unnest                unimp  0xa20
  00009e18: 7365742d                       call  0xcd966ecc
  00009e1c: 63757272                       call  0x8dd667e4
  00009e20: 656e748b                       call  0x95ba704c
  00009e24: 00009de4                       unimp  0x9de4
  00009e28: 7fffd887                       call  0x44
  00009e2c: 8c21a004                       sub  %g6, 4, %g6
  00009e30: 000099fc current               unimp  0x99fc
  00009e34: 000025a4 token!                unimp  0x25a4
  00009e38: 00000a20 unnest                unimp  0xa20
  00009e3c: 00006765                       unimp  0x6765
  00009e40: 742d6f72                       call  0xd0b65c08
  00009e44: 64657289                       call  0x91966868
  00009e48: 00009e08                       unimp  0x9e08
  00009e4c: 7fffd87e                       call  0x44
  00009e50: 8c21a004                       sub  %g6, 4, %g6
  00009e54: 00005f9c 0                     unimp  0x5f9c
  00009e58: 00005f9c 0                     unimp  0x5f9c
  00009e5c: 000099cc #vocs                 unimp  0x99cc
  00009e60: 00000fc8 1-                    unimp  0xfc8
  00009e64: 00000228 (do)                  unimp  0x228
  00009e68: 00000034                       unimp  0x34
  00009e6c: 000002ac i                     unimp  0x2ac
  00009e70: 00009cec >voc                  unimp  0x9cec
  00009e74: 00002584 token@                unimp  0x2584
  00009e78: 00002670 non-null?             unimp  0x2670
  00009e7c: 00000194 ?branch               unimp  0x194
  00009e80: 0000000c                       unimp  0xc
  00009e84: 00000dc8 swap                  unimp  0xdc8
  00009e88: 00000f98 1+                    unimp  0xf98
  00009e8c: 000000fc (lit)                 unimp  0xfc
  00009e90: ffffffff                       unknown
  00009e94: 000001f0 (+loop)               unimp  0x1f0
  00009e98: ffffffd4                       unknown
  00009e9c: 00000a20 unnest                unimp  0xa20
  00009ea0: 00007365                       unimp  0x7365
  00009ea4: 742d6f72                       call  0xd0b65c6c
  00009ea8: 64657289                       call  0x919668cc
  00009eac: 00009e2c                       unimp  0x9e2c
  00009eb0: 7fffd865                       call  0x44
  00009eb4: 8c21a004                       sub  %g6, 4, %g6
  00009eb8: 00000d84 dup                   unimp  0xd84
  00009ebc: 000099cc #vocs                 unimp  0x99cc
  00009ec0: 00000bac >                     unimp  0xbac
  00009ec4: 0000670c (abort")              unimp  0x670c
  00009ec8: 2f546f6f                       unknown
  00009ecc: 206d616e                       unknown
  00009ed0: 7920766f                       call  0xe482788c
  00009ed4: 63616275                       call  0x8d8628a8
  00009ed8: 6c617269                       call  0xb186687c
  00009edc: 65732069                       call  0x95cd2080
  00009ee0: 6e207265                       call  0xb8826874
  00009ee4: 71756573                       call  0xc5d634b0
  00009ee8: 74656420                       call  0xd1962f68
  00009eec: 73656172                       call  0xcd9624b4
  00009ef0: 6368206f                       call  0x8da120ac
  00009ef4: 72646572                       call  0xc99234bc
  00009ef8: 00000000 [ENTRY]               unimp  0
  00009efc: 00009ad4 clear-context         unimp  0x9ad4
  00009f00: 00005f9c 0                     unimp  0x5f9c
  00009f04: 00000278 (?do)                 unimp  0x278
  00009f08: 00000018                       unimp  0x18
  00009f0c: 000002ac i                     unimp  0x2ac
  00009f10: 00009cec >voc                  unimp  0x9cec
  00009f14: 000025a4 token!                unimp  0x25a4
  00009f18: 000001c0 (loop)                unimp  0x1c0
  00009f1c: fffffff0                       unknown
  00009f20: 00000a20 unnest                unimp  0xa20
  00009f24: 0000006f                       unimp  0x6f
  00009f28: 6e6c7984                       call  0xb9b28538
  00009f2c: 00009e90                       unimp  0x9e90
  00009f30: 7fffd845                       call  0x44
  00009f34: 8c21a004                       sub  %g6, 4, %g6
  00009f38: 00009ad4 clear-context         unimp  0x9ad4
  00009f3c: 00009da0                       unimp  0x9da0
  00009f40: 00000a20 unnest                unimp  0xa20
  00009f44: 00657863                       unknown
  00009f48: 65707486                       call  0x95c27160
  00009f4c: 00009f10                       unimp  0x9f10
  00009f50: 7fffd83d                       call  0x44
  00009f54: 8c21a004                       sub  %g6, 4, %g6
  00009f58: 00006dbc '                     unimp  0x6dbc
  00009f5c: 00009b74 (except               unimp  0x9b74
  00009f60: 00000a20 unnest                unimp  0xa20
  00009f64: 00000073                       unimp  0x73
  00009f68: 65616c84                       call  0x95865178
  00009f6c: 00009f30                       unimp  0x9f30
  00009f70: 7fffd835                       call  0x44
  00009f74: 8c21a004                       sub  %g6, 4, %g6
  00009f78: 00001c28 (')                   unimp  0x1c28
  00009f7c: 00009d14 root                  unimp  0x9d14
  00009f80: 00009b74 (except               unimp  0x9b74
  00009f84: 00000a20 unnest                unimp  0xa20
  00009f88: 00000070                       unimp  0x70
  00009f8c: 72657669                       call  0xc9967930
  00009f90: 6f757388                       call  0xbdd66db0
  00009f94: 00009f50                       unimp  0x9f50
  00009f98: 7fffd82b                       call  0x44
  00009f9c: 8c21a004                       sub  %g6, 4, %g6
  00009fa0: 00005fb0 1                     unimp  0x5fb0
  00009fa4: 00009cec >voc                  unimp  0x9cec
  00009fa8: 000099e4 context               unimp  0x99e4
  00009fac: 000099cc #vocs                 unimp  0x99cc
  00009fb0: 00000fe0 2-                    unimp  0xfe0
  00009fb4: 0000256c /token                unimp  0x256c
  00009fb8: 00002f00 *                     unimp  0x2f00
  00009fbc: 0000048c cmove                 unimp  0x48c
  00009fc0: 000099cc #vocs                 unimp  0x99cc
  00009fc4: 00000fe0 2-                    unimp  0xfe0
  00009fc8: 00009cec >voc                  unimp  0x9cec
  00009fcc: 00002648 !null-token           unimp  0x2648
  00009fd0: 00000a20 unnest                unimp  0xa20
  00009fd4: 64656669                       call  0x91963978
  00009fd8: 6e697469                       call  0xb9a6717c
  00009fdc: 6f6e738b                       call  0xbdba6e08
  00009fe0: 00009f78                       unimp  0x9f78
  00009fe4: 7fffd818                       call  0x44
  00009fe8: 8c21a004                       sub  %g6, 4, %g6
  00009fec: 000099e4 context               unimp  0x99e4
  00009ff0: 00002584 token@                unimp  0x2584
  00009ff4: 00009e08                       unimp  0x9e08
  00009ff8: 00000a20 unnest                unimp  0xa20
  00009ffc: 00006f72                       unimp  0x6f72
  0000a000: 64657285                       call  0x91966a14
  0000a004: 00009fc4                       unimp  0x9fc4
  0000a008: 7fffd80f                       call  0x44
  0000a00c: 8c21a004                       sub  %g6, 4, %g6
  0000a010: 000066c0 (.")                  unimp  0x66c0
  0000a014: 09636f6e                       unknown
  0000a018: 74657874                       call  0xd19681e8
  0000a01c: 3a200000                       unknown
  0000a020: 00009e2c                       unimp  0x9e2c
  0000a024: 00005f9c 0                     unimp  0x5f9c
  0000a028: 00000278 (?do)                 unimp  0x278
  0000a02c: 00000010 <?>                   unimp  0x10
  0000a030: 000074dc .name                 unimp  0x74dc
  0000a034: 000001c0 (loop)                unimp  0x1c0
  0000a038: fffffff8                       unknown
  0000a03c: 00005fec 4                     unimp  0x5fec
  0000a040: 00004934 spaces                unimp  0x4934
  0000a044: 000066c0 (.")                  unimp  0x66c0
  0000a048: 09637572                       unknown
  0000a04c: 72656e74                       call  0xc9965a1c
  0000a050: 3a200000                       unknown
  0000a054: 00009de4                       unimp  0x9de4
  0000a058: 000074dc .name                 unimp  0x74dc
  0000a05c: 00000a20 unnest                unimp  0xa20
  0000a060: 00000076                       unimp  0x76
  0000a064: 6f637384                       call  0xbd8e6e74
  0000a068: 00009fe8                       unimp  0x9fe8
  0000a06c: 7fffd7f6                       call  0x44
  0000a070: 8c21a004                       sub  %g6, 4, %g6
  0000a074: 00009048 voc-link              unimp  0x9048
  0000a078: 000026d0 another-link?         unimp  0x26d0
  0000a07c: 00000194 ?branch               unimp  0x194
  0000a080: 0000003c                       unimp  0x3c
  0000a084: 00004694 #out                  unimp  0x4694
  0000a088: 000010e0 @                     unimp  0x10e0
  0000a08c: 000000fc (lit)                 unimp  0xfc
  0000a090: 00000040                       unimp  0x40
  0000a094: 00000bac >                     unimp  0xbac
  0000a098: 00000194 ?branch               unimp  0x194
  0000a09c: 00000008                       unimp  0x8
  0000a0a0: 000046c0 cr                    unimp  0x46c0
  0000a0a4: 00000d84 dup                   unimp  0xd84
  0000a0a8: 00008e40 voc>                  unimp  0x8e40
  0000a0ac: 000074dc .name                 unimp  0x74dc
  0000a0b0: 00008e5c >voc-link             unimp  0x8e5c
  0000a0b4: 00000174 branch                unimp  0x174
  0000a0b8: ffffffc0                       unknown
  0000a0bc: 00000a20 unnest                unimp  0xa20
  0000a0c0: 0000666f                       unimp  0x666f
  0000a0c4: 72746885                       call  0xc9d242d8
  0000a0c8: 0000a04c                       unimp  0xa04c
  0000a0cc: 7ffffb80                       call  0x8ecc
  0000a0d0: a003e008                       add  %o7, 8, %l0
  0000a0d4: 000001fc                       unimp  0x1fc
  0000a0d8: 00009d14 root                  unimp  0x9d14

name=init flags=80
  0000a0e8: 7fffd7d7                       call  0x44
  0000a0ec: 8c21a004                       sub  %g6, 4, %g6
  0000a0f0: 000099a0 init                  unimp  0x99a0
  0000a0f4: 00009f10                       unimp  0x9f10
  0000a0f8: 0000a0ac                       unimp  0xa0ac
  0000a0fc: 00009d30                       unimp  0x9d30
  0000a100: 00009fc4                       unimp  0x9fc4
  0000a104: 00000a20 unnest                unimp  0xa20

name=isvar flags=80
  0000a114: 7fffd7db                       call  0x80
  0000a118: 8e21e004                       sub  %g7, 4, %g7
  0000a11c: 00000200                       USER 0x200

name=isval flags=80
  0000a12c: 7fffd7db                       call  0x98
  0000a130: 8e21e004                       sub  %g7, 4, %g7
  0000a134: 00000204                       VALUE 0x204

name=is-error flags=80
  0000a148: 7fffd7bf                       call  0x44
  0000a14c: 8c21a004                       sub  %g6, 4, %g6
  0000a150: 000066c0 (.")                  unimp  0x66c0
  0000a154: 1243616e                       unknown
  0000a158: 27742075                       unknown
  0000a15c: 73652069                       call  0xcd952300
  0000a160: 73207769                       call  0xcc827f04
  0000a164: 74682000                       call  0xd1a12164
  0000a168: 000074dc .name                 unimp  0x74dc
  0000a16c: 000046c0 cr                    unimp  0x46c0
  0000a170: 000065b0 abort                 unimp  0x65b0
  0000a174: 00000a20 unnest                unimp  0xa20

name=to-hook flags=80
  0000a184: 7fffd7cb                       call  0xb0
  0000a188: e003e008                       ld  [ %o7 + 8 ], %l0
  0000a18c: 00000208                       DEFER 0x208

name=>bu flags=80
  0000a198: 7fffd7ab                       call  0x44
  0000a19c: 8c21a004                       sub  %g6, 4, %g6
  0000a1a0: 0000270c >body                 unimp  0x270c
  0000a1a4: 0000746c >user                 unimp  0x746c
  0000a1a8: 00000a20 unnest                unimp  0xa20

name=word-types flags=80
  0000a1bc: 7fffd7a7                       call  0x58
  0000a1c0: 8e21e004                       sub  %g7, 4, %g7
  0000a1c4: 00004558 key                   unimp  0x4558
  0000a1c8: 00002c68 #user                 unimp  0x2c68
  0000a1cc: 0000a10c isval                 unimp  0xa10c
  0000a1d0: 00006080 bl                    unimp  0x6080
  0000a1d4: 0000a0f4 isvar                 unimp  0xa0f4
  0000a1d8: 00000000 [ENTRY]               unimp  0

name=data-locs flags=80
  0000a1ec: 7fffd79b                       call  0x58
  0000a1f0: 8e21e004                       sub  %g7, 4, %g7
  0000a1f4: 0000a178 >bu                   unimp  0xa178
  0000a1f8: 0000a178 >bu                   unimp  0xa178
  0000a1fc: 0000a178 >bu                   unimp  0xa178
  0000a200: 0000270c >body                 unimp  0x270c
  0000a204: 0000270c >body                 unimp  0x270c

name=!ops flags=80
  0000a214: 7fffd791                       call  0x58
  0000a218: 8e21e004                       sub  %g7, 4, %g7
  0000a21c: 000025a4 token!                unimp  0x25a4
  0000a220: 00001290 !                     unimp  0x1290
  0000a224: 00001290 !                     unimp  0x1290
  0000a228: 00001290 !                     unimp  0x1290
  0000a22c: 00001290 !                     unimp  0x1290

name=is-ops flags=80
  0000a23c: 7fffd787                       call  0x58
  0000a240: 8e21e004                       sub  %g7, 4, %g7
  0000a244: 000012b8 isdefer               unimp  0x12b8
  0000a248: 000012f8 isuser                unimp  0x12f8
  0000a24c: 00001328 isvalue               unimp  0x1328
  0000a250: 0000135c isconstant            unimp  0x135c
  0000a254: 0000138c isvariable            unimp  0x138c

name=associate flags=80
  0000a268: 7fffd777                       call  0x44
  0000a26c: 8c21a004                       sub  %g6, 4, %g6
  0000a270: 0000209c word-type             unimp  0x209c
  0000a274: 0000a19c word-types            unimp  0xa19c
  0000a278: 00000e64 2dup                  unimp  0xe64
  0000a27c: 000026a8 get-token?            unimp  0x26a8
  0000a280: 00000194 ?branch               unimp  0x194
  0000a284: 0000003c                       unimp  0x3c
  0000a288: 0000209c word-type             unimp  0x209c
  0000a28c: 00000bd8 =                     unimp  0xbd8
  0000a290: 00000194 ?branch               unimp  0x194
  0000a294: 00000020                       unimp  0x20
  0000a298: 0000a19c word-types            unimp  0xa19c
  0000a29c: 00000648 -                     unimp  0x648
  0000a2a0: 0000256c /token                unimp  0x256c
  0000a2a4: 000028a0 /                     unimp  0x28a0
  0000a2a8: 00000a64 nip                   unimp  0xa64
  0000a2ac: 0000606c false                 unimp  0x606c
  0000a2b0: 00000a00 exit                  unimp  0xa00
  0000a2b4: 000019b0 ta1+                  unimp  0x19b0
  0000a2b8: 00000174 branch                unimp  0x174
  0000a2bc: ffffffbc                       unknown
  0000a2c0: 00000eec 3drop                 unimp  0xeec
  0000a2c4: 00006054 true                  unimp  0x6054
  0000a2c8: 00000a20 unnest                unimp  0xa20

name=+execute flags=80
  0000a2dc: 7fffd75a                       call  0x44
  0000a2e0: 8c21a004                       sub  %g6, 4, %g6
  0000a2e4: 00000dc8 swap                  unimp  0xdc8
  0000a2e8: 000018e0 ta+                   unimp  0x18e0
  0000a2ec: 00002584 token@                unimp  0x2584
  0000a2f0: 00000400 execute               unimp  0x400
  0000a2f4: 00000a20 unnest                unimp  0xa20

name=kerntype? flags=80
  0000a308: 7fffd74f                       call  0x44
  0000a30c: 8c21a004                       sub  %g6, 4, %g6
  0000a310: 0000a248 associate             unimp  0xa248
  0000a314: 00000194 ?branch               unimp  0x194
  0000a318: 00000010 <?>                   unimp  0x10
  0000a31c: 0000606c false                 unimp  0x606c
  0000a320: 00000174 branch                unimp  0x174
  0000a324: 0000000c                       unimp  0xc
  0000a328: 00000d3c drop                  unimp  0xd3c
  0000a32c: 00006054 true                  unimp  0x6054
  0000a330: 00000a20 unnest                unimp  0xa20

name=behavior flags=80
  0000a344: 7fffd740                       call  0x44
  0000a348: 8c21a004                       sub  %g6, 4, %g6
  0000a34c: 0000a178 >bu                   unimp  0xa178
  0000a350: 00002584 token@                unimp  0x2584
  0000a354: 00000a20 unnest                unimp  0xa20

name=(is flags=80
  0000a360: 7fffd739                       call  0x44
  0000a364: 8c21a004                       sub  %g6, 4, %g6
  0000a368: 00000d84 dup                   unimp  0xd84
  0000a36c: 0000a248 associate             unimp  0xa248
  0000a370: 00000194 ?branch               unimp  0x194
  0000a374: 00000008                       unimp  0x8
  0000a378: 0000a128 is-error              unimp  0xa128
  0000a37c: 00000a40 tuck                  unimp  0xa40
  0000a380: 0000a1cc data-locs             unimp  0xa1cc
  0000a384: 0000a2bc +execute              unimp  0xa2bc
  0000a388: 00000dc8 swap                  unimp  0xdc8
  0000a38c: 0000a1f4 !ops                  unimp  0xa1f4
  0000a390: 0000a2bc +execute              unimp  0xa2bc
  0000a394: 00000a20 unnest                unimp  0xa20

name=>data flags=80
  0000a3a4: 7fffd728                       call  0x44
  0000a3a8: 8c21a004                       sub  %g6, 4, %g6
  0000a3ac: 00000d84 dup                   unimp  0xd84
  0000a3b0: 0000a248 associate             unimp  0xa248
  0000a3b4: 00000194 ?branch               unimp  0x194
  0000a3b8: 00000010 <?>                   unimp  0x10
  0000a3bc: 0000270c >body                 unimp  0x270c
  0000a3c0: 00000174 branch                unimp  0x174
  0000a3c4: 0000000c                       unimp  0xc
  0000a3c8: 0000a1cc data-locs             unimp  0xa1cc
  0000a3cc: 0000a2bc +execute              unimp  0xa2bc
  0000a3d0: 00000a20 unnest                unimp  0xa20

name=(is) flags=80
  0000a3e0: 7fffd719                       call  0x44
  0000a3e4: 8c21a004                       sub  %g6, 4, %g6
  0000a3e8: 00000994 ip>                   unimp  0x994
  0000a3ec: 00000d84 dup                   unimp  0xd84
  0000a3f0: 000019b0 ta1+                  unimp  0x19b0
  0000a3f4: 00000970 >ip                   unimp  0x970
  0000a3f8: 00002584 token@                unimp  0x2584
  0000a3fc: 0000a340 (is                   unimp  0xa340
  0000a400: 00000a20 unnest                unimp  0xa20

name=do-is flags=80
  0000a410: 7fffd70d                       call  0x44
  0000a414: 8c21a004                       sub  %g6, 4, %g6
  0000a418: 00000d84 dup                   unimp  0xd84
  0000a41c: 0000a248 associate             unimp  0xa248
  0000a420: 00000194 ?branch               unimp  0x194
  0000a424: 00000010 <?>                   unimp  0x10
  0000a428: 0000a164 to-hook               unimp  0xa164
  0000a42c: 00000174 branch                unimp  0x174
  0000a430: 0000004c <VARIABLE>            unimp  0x4c
  0000a434: 00006854 state                 unimp  0x6854
  0000a438: 000010e0 @                     unimp  0x10e0
  0000a43c: 00000194 ?branch               unimp  0x194
  0000a440: 00000024 <INTERPRET>           unimp  0x24
  0000a444: 0000a21c is-ops                unimp  0xa21c
  0000a448: 00000dc8 swap                  unimp  0xdc8
  0000a44c: 000018e0 ta+                   unimp  0x18e0
  0000a450: 00002584 token@                unimp  0x2584
  0000a454: 000025d0 token,                unimp  0x25d0
  0000a458: 000025d0 token,                unimp  0x25d0
  0000a45c: 00000174 branch                unimp  0x174
  0000a460: 0000001c                       unimp  0x1c
  0000a464: 00000a40 tuck                  unimp  0xa40
  0000a468: 0000a1cc data-locs             unimp  0xa1cc
  0000a46c: 0000a2bc +execute              unimp  0xa2bc
  0000a470: 00000dc8 swap                  unimp  0xdc8
  0000a474: 0000a1f4 !ops                  unimp  0xa1f4
  0000a478: 0000a2bc +execute              unimp  0xa2bc
  0000a47c: 00000a20 unnest                unimp  0xa20

name=is flags=c0
  0000a488: 7fffd6ef                       call  0x44
  0000a48c: 8c21a004                       sub  %g6, 4, %g6
  0000a490: 00006dbc '                     unimp  0x6dbc
  0000a494: 0000a3f0 do-is                 unimp  0xa3f0
  0000a498: 00000a20 unnest                unimp  0xa20

name='word flags=80
  0000a4a8: 7fffd6fc                       call  0x98
  0000a4ac: 8e21e004                       sub  %g7, 4, %g7
  0000a4b0: 0000020c                       VALUE 0x20c

name=eof flags=80
  0000a4bc: 7fffd700                       call  0xbc
  0000a4c0: 8e21e004                       sub  %g7, 4, %g7
  0000a4c4: ffffffff                       CONSTANT 0xffffffff

name=delimiter flags=80
  0000a4d8: 7fffd6ea                       call  0x80
  0000a4dc: 8e21e004                       sub  %g7, 4, %g7
  0000a4e0: 00000210                       USER 0x210

name=file flags=80
  0000a4f0: 7fffd6e4                       call  0x80
  0000a4f4: 8e21e004                       sub  %g7, 4, %g7
  0000a4f8: 00000214                       USER 0x214

name=bfbase flags=80
  0000a508: 7fffd6cf                       call  0x44
  0000a50c: 8c21a004                       sub  %g6, 4, %g6
  0000a510: 0000a4d0 file                  unimp  0xa4d0
  0000a514: 000010e0 @                     unimp  0x10e0
  0000a518: 00005f9c 0                     unimp  0x5f9c
  0000a51c: 000018bc na+                   unimp  0x18bc
  0000a520: 00000a20 unnest                unimp  0xa20

name=bflimit flags=80
  0000a530: 7fffd6c5                       call  0x44
  0000a534: 8c21a004                       sub  %g6, 4, %g6
  0000a538: 0000a4d0 file                  unimp  0xa4d0
  0000a53c: 000010e0 @                     unimp  0x10e0
  0000a540: 00005fb0 1                     unimp  0x5fb0
  0000a544: 000018bc na+                   unimp  0x18bc
  0000a548: 00000a20 unnest                unimp  0xa20

name=bftop flags=80
  0000a558: 7fffd6bb                       call  0x44
  0000a55c: 8c21a004                       sub  %g6, 4, %g6
  0000a560: 0000a4d0 file                  unimp  0xa4d0
  0000a564: 000010e0 @                     unimp  0x10e0
  0000a568: 00005fc4 2                     unimp  0x5fc4
  0000a56c: 000018bc na+                   unimp  0x18bc
  0000a570: 00000a20 unnest                unimp  0xa20

name=bfend flags=80
  0000a580: 7fffd6b1                       call  0x44
  0000a584: 8c21a004                       sub  %g6, 4, %g6
  0000a588: 0000a4d0 file                  unimp  0xa4d0
  0000a58c: 000010e0 @                     unimp  0x10e0
  0000a590: 00005fd8 3                     unimp  0x5fd8
  0000a594: 000018bc na+                   unimp  0x18bc
  0000a598: 00000a20 unnest                unimp  0xa20

name=bfcurrent flags=80
  0000a5ac: 7fffd6a6                       call  0x44
  0000a5b0: 8c21a004                       sub  %g6, 4, %g6
  0000a5b4: 0000a4d0 file                  unimp  0xa4d0
  0000a5b8: 000010e0 @                     unimp  0x10e0
  0000a5bc: 00005fec 4                     unimp  0x5fec
  0000a5c0: 000018bc na+                   unimp  0x18bc
  0000a5c4: 00000a20 unnest                unimp  0xa20

name=bfdirty flags=80
  0000a5d4: 7fffd69c                       call  0x44
  0000a5d8: 8c21a004                       sub  %g6, 4, %g6
  0000a5dc: 0000a4d0 file                  unimp  0xa4d0
  0000a5e0: 000010e0 @                     unimp  0x10e0
  0000a5e4: 00006000 5                     unimp  0x6000
  0000a5e8: 000018bc na+                   unimp  0x18bc
  0000a5ec: 00000a20 unnest                unimp  0xa20

name=fmode flags=80
  0000a5fc: 7fffd692                       call  0x44
  0000a600: 8c21a004                       sub  %g6, 4, %g6
  0000a604: 0000a4d0 file                  unimp  0xa4d0
  0000a608: 000010e0 @                     unimp  0x10e0
  0000a60c: 00006014 6                     unimp  0x6014
  0000a610: 000018bc na+                   unimp  0x18bc
  0000a614: 00000a20 unnest                unimp  0xa20

name=fstart flags=80
  0000a624: 7fffd688                       call  0x44
  0000a628: 8c21a004                       sub  %g6, 4, %g6
  0000a62c: 0000a4d0 file                  unimp  0xa4d0
  0000a630: 000010e0 @                     unimp  0x10e0
  0000a634: 00006028 7                     unimp  0x6028
  0000a638: 000018bc na+                   unimp  0x18bc
  0000a63c: 00000a20 unnest                unimp  0xa20

name=fid flags=80
  0000a648: 7fffd67f                       call  0x44
  0000a64c: 8c21a004                       sub  %g6, 4, %g6
  0000a650: 0000a4d0 file                  unimp  0xa4d0
  0000a654: 000010e0 @                     unimp  0x10e0
  0000a658: 000000fc (lit)                 unimp  0xfc
  0000a65c: 00000009                       unimp  0x9
  0000a660: 000018bc na+                   unimp  0x18bc
  0000a664: 00000a20 unnest                unimp  0xa20

name=seekop flags=80
  0000a674: 7fffd674                       call  0x44
  0000a678: 8c21a004                       sub  %g6, 4, %g6
  0000a67c: 0000a4d0 file                  unimp  0xa4d0
  0000a680: 000010e0 @                     unimp  0x10e0
  0000a684: 000000fc (lit)                 unimp  0xfc
  0000a688: 0000000a                       unimp  0xa
  0000a68c: 000018bc na+                   unimp  0x18bc
  0000a690: 00000a20 unnest                unimp  0xa20

name=readop flags=80
  0000a6a0: 7fffd669                       call  0x44
  0000a6a4: 8c21a004                       sub  %g6, 4, %g6
  0000a6a8: 0000a4d0 file                  unimp  0xa4d0
  0000a6ac: 000010e0 @                     unimp  0x10e0
  0000a6b0: 000000fc (lit)                 unimp  0xfc
  0000a6b4: 0000000b                       unimp  0xb
  0000a6b8: 000018bc na+                   unimp  0x18bc
  0000a6bc: 00000a20 unnest                unimp  0xa20

name=writeop flags=80
  0000a6cc: 7fffd65e                       call  0x44
  0000a6d0: 8c21a004                       sub  %g6, 4, %g6
  0000a6d4: 0000a4d0 file                  unimp  0xa4d0
  0000a6d8: 000010e0 @                     unimp  0x10e0
  0000a6dc: 000000fc (lit)                 unimp  0xfc
  0000a6e0: 0000000c                       unimp  0xc
  0000a6e4: 000018bc na+                   unimp  0x18bc
  0000a6e8: 00000a20 unnest                unimp  0xa20

name=closeop flags=80
  0000a6f8: 7fffd653                       call  0x44
  0000a6fc: 8c21a004                       sub  %g6, 4, %g6
  0000a700: 0000a4d0 file                  unimp  0xa4d0
  0000a704: 000010e0 @                     unimp  0x10e0
  0000a708: 000000fc (lit)                 unimp  0xfc
  0000a70c: 0000000d                       unimp  0xd
  0000a710: 000018bc na+                   unimp  0x18bc
  0000a714: 00000a20 unnest                unimp  0xa20

name=alignop flags=80
  0000a724: 7fffd648                       call  0x44
  0000a728: 8c21a004                       sub  %g6, 4, %g6
  0000a72c: 0000a4d0 file                  unimp  0xa4d0
  0000a730: 000010e0 @                     unimp  0x10e0
  0000a734: 000000fc (lit)                 unimp  0xfc
  0000a738: 0000000e                       unimp  0xe
  0000a73c: 000018bc na+                   unimp  0x18bc
  0000a740: 00000a20 unnest                unimp  0xa20

name=sizeop flags=80
  0000a750: 7fffd63d                       call  0x44
  0000a754: 8c21a004                       sub  %g6, 4, %g6
  0000a758: 0000a4d0 file                  unimp  0xa4d0
  0000a75c: 000010e0 @                     unimp  0x10e0
  0000a760: 000000fc (lit)                 unimp  0xfc
  0000a764: 0000000f                       unimp  0xf
  0000a768: 000018bc na+                   unimp  0x18bc
  0000a76c: 00000a20 unnest                unimp  0xa20

name=(file-line) flags=80
  0000a780: 7fffd631                       call  0x44
  0000a784: 8c21a004                       sub  %g6, 4, %g6
  0000a788: 0000a4d0 file                  unimp  0xa4d0
  0000a78c: 000010e0 @                     unimp  0x10e0
  0000a790: 000000fc (lit)                 unimp  0xfc
  0000a794: 00000010 <?>                   unimp  0x10
  0000a798: 000018bc na+                   unimp  0x18bc
  0000a79c: 00000a20 unnest                unimp  0xa20

name=line-delimiter flags=80
  0000a7b4: 7fffd624                       call  0x44
  0000a7b8: 8c21a004                       sub  %g6, 4, %g6
  0000a7bc: 0000a4d0 file                  unimp  0xa4d0
  0000a7c0: 000010e0 @                     unimp  0x10e0
  0000a7c4: 000000fc (lit)                 unimp  0xfc
  0000a7c8: 00000011                       unimp  0x11
  0000a7cc: 000018bc na+                   unimp  0x18bc
  0000a7d0: 00000a20 unnest                unimp  0xa20

name=pre-delimiter flags=80
  0000a7e8: 7fffd617                       call  0x44
  0000a7ec: 8c21a004                       sub  %g6, 4, %g6
  0000a7f0: 0000a4d0 file                  unimp  0xa4d0
  0000a7f4: 000010e0 @                     unimp  0x10e0
  0000a7f8: 000000fc (lit)                 unimp  0xfc
  0000a7fc: 00000012                       unimp  0x12
  0000a800: 000018bc na+                   unimp  0x18bc
  0000a804: 00000a20 unnest                unimp  0xa20

name=(file-name) flags=80
  0000a818: 7fffd60b                       call  0x44
  0000a81c: 8c21a004                       sub  %g6, 4, %g6
  0000a820: 0000a4d0 file                  unimp  0xa4d0
  0000a824: 000010e0 @                     unimp  0x10e0
  0000a828: 000000fc (lit)                 unimp  0xfc
  0000a82c: 00000013                       unimp  0x13
  0000a830: 000018bc na+                   unimp  0x18bc
  0000a834: 00000a20 unnest                unimp  0xa20

name=/fd flags=80
  0000a840: 7fffd61f                       call  0xbc
  0000a844: 8e21e004                       sub  %g7, 4, %g7
  0000a848: 00000094                       CONSTANT 0x94

name=set-name flags=80
  0000a85c: 7fffd5fa                       call  0x44
  0000a860: 8c21a004                       sub  %g6, 4, %g6
  0000a864: 00000d84 dup                   unimp  0xd84
  0000a868: 000000fc (lit)                 unimp  0xfc
  0000a86c: 00000040                       unimp  0x40
  0000a870: 00000648 -                     unimp  0x648
  0000a874: 00005f9c 0                     unimp  0x5f9c
  0000a878: 0000071c max                   unimp  0x71c
  0000a87c: 00000d84 dup                   unimp  0xd84
  0000a880: 00000868 >r                    unimp  0x868
  0000a884: 00005af0 /string               unimp  0x5af0
  0000a888: 0000a7f8 (file-name)           unimp  0xa7f8
  0000a88c: 00005998 place                 unimp  0x5998
  0000a890: 0000088c r>                    unimp  0x88c
  0000a894: 00000194 ?branch               unimp  0x194
  0000a898: 00000018                       unimp  0x18
  0000a89c: 000000fc (lit)                 unimp  0xfc
  0000a8a0: 0000003f                       unimp  0x3f
  0000a8a4: 0000a7f8 (file-name)           unimp  0xa7f8
  0000a8a8: 00000f98 1+                    unimp  0xf98
  0000a8ac: 00001424 c!                    unimp  0x1424
  0000a8b0: 00000a20 unnest                unimp  0xa20

name=file-name flags=80
  0000a8c4: 7fffd5e0                       call  0x44
  0000a8c8: 8c21a004                       sub  %g6, 4, %g6
  0000a8cc: 0000a4d0 file                  unimp  0xa4d0
  0000a8d0: 000010e0 @                     unimp  0x10e0
  0000a8d4: 00000868 >r                    unimp  0x868
  0000a8d8: 0000a4d0 file                  unimp  0xa4d0
  0000a8dc: 00001290 !                     unimp  0x1290
  0000a8e0: 0000a7f8 (file-name)           unimp  0xa7f8
  0000a8e4: 00001d00 count                 unimp  0x1d00
  0000a8e8: 0000088c r>                    unimp  0x88c
  0000a8ec: 0000a4d0 file                  unimp  0xa4d0
  0000a8f0: 00001290 !                     unimp  0x1290
  0000a8f4: 00000a20 unnest                unimp  0xa20

name=file-line flags=80
  0000a908: 7fffd5cf                       call  0x44
  0000a90c: 8c21a004                       sub  %g6, 4, %g6
  0000a910: 0000a4d0 file                  unimp  0xa4d0
  0000a914: 000010e0 @                     unimp  0x10e0
  0000a918: 00000868 >r                    unimp  0x868
  0000a91c: 0000a4d0 file                  unimp  0xa4d0
  0000a920: 00001290 !                     unimp  0x1290
  0000a924: 0000a760 (file-line)           unimp  0xa760
  0000a928: 000010e0 @                     unimp  0x10e0
  0000a92c: 0000088c r>                    unimp  0x88c
  0000a930: 0000a4d0 file                  unimp  0xa4d0
  0000a934: 00001290 !                     unimp  0x1290
  0000a938: 00000a20 unnest                unimp  0xa20

name=setupfd flags=80
  0000a948: 7fffd5bf                       call  0x44
  0000a94c: 8c21a004                       sub  %g6, 4, %g6
  0000a950: 0000a680 readop                unimp  0xa680
  0000a954: 00001290 !                     unimp  0x1290
  0000a958: 0000a6ac writeop               unimp  0xa6ac
  0000a95c: 00001290 !                     unimp  0x1290
  0000a960: 0000a654 seekop                unimp  0xa654
  0000a964: 00001290 !                     unimp  0x1290
  0000a968: 0000a6d8 closeop               unimp  0xa6d8
  0000a96c: 00001290 !                     unimp  0x1290
  0000a970: 0000a704 alignop               unimp  0xa704
  0000a974: 00001290 !                     unimp  0x1290
  0000a978: 0000a730 sizeop                unimp  0xa730
  0000a97c: 00001290 !                     unimp  0x1290
  0000a980: 0000a5dc fmode                 unimp  0xa5dc
  0000a984: 00001290 !                     unimp  0x1290
  0000a988: 0000a628 fid                   unimp  0xa628
  0000a98c: 00001290 !                     unimp  0x1290
  0000a990: 00005f9c 0                     unimp  0x5f9c
  0000a994: 0000a760 (file-line)           unimp  0xa760
  0000a998: 00001290 !                     unimp  0x1290
  0000a99c: 00005f9c 0                     unimp  0x5f9c
  0000a9a0: 00005f9c 0                     unimp  0x5f9c
  0000a9a4: 0000a83c set-name              unimp  0xa83c
  0000a9a8: 00000a20 unnest                unimp  0xa20

name=not-open flags=80
  0000a9bc: 7fffd5c0                       call  0xbc
  0000a9c0: 8e21e004                       sub  %g7, 4, %g7
  0000a9c4: ffffffff                       CONSTANT 0xffffffff

name=read flags=80
  0000a9d4: 7fffd5ba                       call  0xbc
  0000a9d8: 8e21e004                       sub  %g7, 4, %g7
  0000a9dc: 00000000 [ENTRY]               CONSTANT 0x0

name=write flags=80
  0000a9ec: 7fffd5b4                       call  0xbc
  0000a9f0: 8e21e004                       sub  %g7, 4, %g7
  0000a9f4: 00000001                       CONSTANT 0x1

name=modify flags=80
  0000aa04: 7fffd5ae                       call  0xbc
  0000aa08: 8e21e004                       sub  %g7, 4, %g7
  0000aa0c: 00000002                       CONSTANT 0x2

name=read-write flags=80
  0000aa20: 7fffd5a7                       call  0xbc
  0000aa24: 8e21e004                       sub  %g7, 4, %g7
  0000aa28: 00000002                       CONSTANT 0x2

name=nullwrite flags=80
  0000aa3c: 7fffd582                       call  0x44
  0000aa40: 8c21a004                       sub  %g6, 4, %g6
  0000aa44: 00000eec 3drop                 unimp  0xeec
  0000aa48: 00005f9c 0                     unimp  0x5f9c
  0000aa4c: 00000a20 unnest                unimp  0xa20

name=fakewrite flags=80
  0000aa60: 7fffd579                       call  0x44
  0000aa64: 8c21a004                       sub  %g6, 4, %g6
  0000aa68: 00000d3c drop                  unimp  0xd3c
  0000aa6c: 00000a64 nip                   unimp  0xa64
  0000aa70: 00000a20 unnest                unimp  0xa20

name=nullalign flags=80
  0000aa84: 7fffd570                       call  0x44
  0000aa88: 8c21a004                       sub  %g6, 4, %g6
  0000aa8c: 00000d3c drop                  unimp  0xd3c
  0000aa90: 00000a20 unnest                unimp  0xa20

name=nullread flags=80
  0000aaa4: 7fffd568                       call  0x44
  0000aaa8: 8c21a004                       sub  %g6, 4, %g6
  0000aaac: 00000eec 3drop                 unimp  0xeec
  0000aab0: 00005f9c 0                     unimp  0x5f9c
  0000aab4: 00000a20 unnest                unimp  0xa20

name=nullseek flags=80
  0000aac8: 7fffd55f                       call  0x44
  0000aacc: 8c21a004                       sub  %g6, 4, %g6
  0000aad0: 00000eec 3drop                 unimp  0xeec
  0000aad4: 00000a20 unnest                unimp  0xa20

name=fakeread flags=80
  0000aae8: 7fffd557                       call  0x44
  0000aaec: 8c21a004                       sub  %g6, 4, %g6
  0000aaf0: 00000d3c drop                  unimp  0xd3c
  0000aaf4: 00000a64 nip                   unimp  0xa64
  0000aaf8: 00000a20 unnest                unimp  0xa20

name=initbuf flags=80
  0000ab08: 7fffd54f                       call  0x44
  0000ab0c: 8c21a004                       sub  %g6, 4, %g6
  0000ab10: 00005f9c 0                     unimp  0x5f9c
  0000ab14: 00005f9c 0                     unimp  0x5f9c
  0000ab18: 0000a604 fstart                unimp  0xa604
  0000ab1c: 00001618 2!                    unimp  0x1618
  0000ab20: 00000da4 over                  unimp  0xda4
  0000ab24: 00000628 +                     unimp  0x628
  0000ab28: 0000a510 bflimit               unimp  0xa510
  0000ab2c: 00001290 !                     unimp  0x1290
  0000ab30: 00000d84 dup                   unimp  0xd84
  0000ab34: 0000a4e8 bfbase                unimp  0xa4e8
  0000ab38: 00001290 !                     unimp  0x1290
  0000ab3c: 00000d84 dup                   unimp  0xd84
  0000ab40: 0000a58c bfcurrent             unimp  0xa58c
  0000ab44: 00001290 !                     unimp  0x1290
  0000ab48: 00000d84 dup                   unimp  0xd84
  0000ab4c: 0000a560 bfend                 unimp  0xa560
  0000ab50: 00001290 !                     unimp  0x1290
  0000ab54: 0000a538 bftop                 unimp  0xa538
  0000ab58: 00001290 !                     unimp  0x1290
  0000ab5c: 0000a5b4 bfdirty               unimp  0xa5b4
  0000ab60: 00001094 off                   unimp  0x1094
  0000ab64: 00000a20 unnest                unimp  0xa20

name=release-fd flags=80
  0000ab78: 7fffd533                       call  0x44
  0000ab7c: 8c21a004                       sub  %g6, 4, %g6
  0000ab80: 0000a4d0 file                  unimp  0xa4d0
  0000ab84: 000010e0 @                     unimp  0x10e0
  0000ab88: 00000868 >r                    unimp  0x868
  0000ab8c: 0000a4d0 file                  unimp  0xa4d0
  0000ab90: 00001290 !                     unimp  0x1290
  0000ab94: 0000a99c not-open              unimp  0xa99c
  0000ab98: 0000a5dc fmode                 unimp  0xa5dc
  0000ab9c: 00001290 !                     unimp  0x1290
  0000aba0: 0000088c r>                    unimp  0x88c
  0000aba4: 0000a4d0 file                  unimp  0xa4d0
  0000aba8: 00001290 !                     unimp  0x1290
  0000abac: 00000a20 unnest                unimp  0xa20

name=fdavail? flags=80
  0000abc0: 7fffd521                       call  0x44
  0000abc4: 8c21a004                       sub  %g6, 4, %g6
  0000abc8: 0000a4d0 file                  unimp  0xa4d0
  0000abcc: 000010e0 @                     unimp  0x10e0
  0000abd0: 00000868 >r                    unimp  0x868
  0000abd4: 0000a4d0 file                  unimp  0xa4d0
  0000abd8: 00001290 !                     unimp  0x1290
  0000abdc: 0000a5dc fmode                 unimp  0xa5dc
  0000abe0: 000010e0 @                     unimp  0x10e0
  0000abe4: 0000a99c not-open              unimp  0xa99c
  0000abe8: 00000bd8 =                     unimp  0xbd8
  0000abec: 0000088c r>                    unimp  0x88c
  0000abf0: 0000a4d0 file                  unimp  0xa4d0
  0000abf4: 00001290 !                     unimp  0x1290
  0000abf8: 00000a20 unnest                unimp  0xa20

name=sync flags=80
  0000ac08: 7fffd50f                       call  0x44
  0000ac0c: 8c21a004                       sub  %g6, 4, %g6
  0000ac10: 0000a538 bftop                 unimp  0xa538
  0000ac14: 000010e0 @                     unimp  0x10e0
  0000ac18: 0000a58c bfcurrent             unimp  0xa58c
  0000ac1c: 000010e0 @                     unimp  0x10e0
  0000ac20: 00000c88 u<                    unimp  0xc88
  0000ac24: 00000194 ?branch               unimp  0x194
  0000ac28: 00000014                       unimp  0x14
  0000ac2c: 0000a58c bfcurrent             unimp  0xa58c
  0000ac30: 000010e0 @                     unimp  0x10e0
  0000ac34: 0000a538 bftop                 unimp  0xa538
  0000ac38: 00001290 !                     unimp  0x1290
  0000ac3c: 00000a20 unnest                unimp  0xa20

name=?flushbuf flags=80
  0000ac50: 7fffd4fd                       call  0x44
  0000ac54: 8c21a004                       sub  %g6, 4, %g6
  0000ac58: 0000a5b4 bfdirty               unimp  0xa5b4
  0000ac5c: 000010e0 @                     unimp  0x10e0
  0000ac60: 00000194 ?branch               unimp  0x194
  0000ac64: 00000094                       unimp  0x94
  0000ac68: 0000abe8 sync                  unimp  0xabe8
  0000ac6c: 0000a604 fstart                unimp  0xa604
  0000ac70: 000015dc 2@                    unimp  0x15dc
  0000ac74: 0000a628 fid                   unimp  0xa628
  0000ac78: 000010e0 @                     unimp  0x10e0
  0000ac7c: 0000a654 seekop                unimp  0xa654
  0000ac80: 000010e0 @                     unimp  0x10e0
  0000ac84: 00000400 execute               unimp  0x400
  0000ac88: 0000a538 bftop                 unimp  0xa538
  0000ac8c: 000010e0 @                     unimp  0x10e0
  0000ac90: 0000a4e8 bfbase                unimp  0xa4e8
  0000ac94: 000010e0 @                     unimp  0x10e0
  0000ac98: 00000648 -                     unimp  0x648
  0000ac9c: 0000a4e8 bfbase                unimp  0xa4e8
  0000aca0: 000010e0 @                     unimp  0x10e0
  0000aca4: 00000da4 over                  unimp  0xda4
  0000aca8: 0000a628 fid                   unimp  0xa628
  0000acac: 000010e0 @                     unimp  0x10e0
  0000acb0: 0000a6ac writeop               unimp  0xa6ac
  0000acb4: 000010e0 @                     unimp  0x10e0
  0000acb8: 00000400 execute               unimp  0x400
  0000acbc: 00000c30 u>                    unimp  0xc30
  0000acc0: 0000670c (abort")              unimp  0x670c
  0000acc4: 0e466c75                       unknown
  0000acc8: 73686275                       call  0xcda2369c
  0000accc: 66206572                       call  0x98824294
  0000acd0: 726f7200                       call  0xc9be74d0
  0000acd4: 0000a5b4 bfdirty               unimp  0xa5b4
  0000acd8: 00001094 off                   unimp  0x1094
  0000acdc: 0000a4e8 bfbase                unimp  0xa4e8
  0000ace0: 000010e0 @                     unimp  0x10e0
  0000ace4: 00000d84 dup                   unimp  0xd84
  0000ace8: 0000a538 bftop                 unimp  0xa538
  0000acec: 00001290 !                     unimp  0x1290
  0000acf0: 0000a58c bfcurrent             unimp  0xa58c
  0000acf4: 00001290 !                     unimp  0x1290
  0000acf8: 00000a20 unnest                unimp  0xa20

name=align-byte# flags=80
  0000ad0c: 7fffd4ce                       call  0x44
  0000ad10: 8c21a004                       sub  %g6, 4, %g6
  0000ad14: 0000a628 fid                   unimp  0xa628
  0000ad18: 000010e0 @                     unimp  0x10e0
  0000ad1c: 0000a704 alignop               unimp  0xa704
  0000ad20: 000010e0 @                     unimp  0x10e0
  0000ad24: 00000400 execute               unimp  0x400
  0000ad28: 00000a20 unnest                unimp  0xa20

name=byte#-aligned? flags=80
  0000ad40: 7fffd4c1                       call  0x44
  0000ad44: 8c21a004                       sub  %g6, 4, %g6
  0000ad48: 00000e64 2dup                  unimp  0xe64
  0000ad4c: 0000acec align-byte#           unimp  0xacec
  0000ad50: 000037b0 d=                    unimp  0x37b0
  0000ad54: 00000a20 unnest                unimp  0xa20

name=fillbuf flags=80
  0000ad64: 7fffd4b8                       call  0x44
  0000ad68: 8c21a004                       sub  %g6, 4, %g6
  0000ad6c: 0000acec align-byte#           unimp  0xacec
  0000ad70: 00000e64 2dup                  unimp  0xe64
  0000ad74: 0000a604 fstart                unimp  0xa604
  0000ad78: 00001618 2!                    unimp  0x1618
  0000ad7c: 0000a628 fid                   unimp  0xa628
  0000ad80: 000010e0 @                     unimp  0x10e0
  0000ad84: 0000a654 seekop                unimp  0xa654
  0000ad88: 000010e0 @                     unimp  0x10e0
  0000ad8c: 00000400 execute               unimp  0x400
  0000ad90: 0000a4e8 bfbase                unimp  0xa4e8
  0000ad94: 000010e0 @                     unimp  0x10e0
  0000ad98: 0000a510 bflimit               unimp  0xa510
  0000ad9c: 000010e0 @                     unimp  0x10e0
  0000ada0: 00000da4 over                  unimp  0xda4
  0000ada4: 00000648 -                     unimp  0x648
  0000ada8: 0000a628 fid                   unimp  0xa628
  0000adac: 000010e0 @                     unimp  0x10e0
  0000adb0: 0000a680 readop                unimp  0xa680
  0000adb4: 000010e0 @                     unimp  0x10e0
  0000adb8: 00000400 execute               unimp  0x400
  0000adbc: 0000a4e8 bfbase                unimp  0xa4e8
  0000adc0: 000010e0 @                     unimp  0x10e0
  0000adc4: 00000628 +                     unimp  0x628
  0000adc8: 0000a538 bftop                 unimp  0xa538
  0000adcc: 00001290 !                     unimp  0x1290
  0000add0: 0000a510 bflimit               unimp  0xa510
  0000add4: 000010e0 @                     unimp  0x10e0
  0000add8: 0000a560 bfend                 unimp  0xa560
  0000addc: 00001290 !                     unimp  0x1290
  0000ade0: 00000a20 unnest                unimp  0xa20

name=bufaddr> flags=80
  0000adf4: 7fffd494                       call  0x44
  0000adf8: 8c21a004                       sub  %g6, 4, %g6
  0000adfc: 0000a4e8 bfbase                unimp  0xa4e8
  0000ae00: 000010e0 @                     unimp  0x10e0
  0000ae04: 00000648 -                     unimp  0x648
  0000ae08: 00003924 s>d                   unimp  0x3924
  0000ae0c: 0000a604 fstart                unimp  0xa604
  0000ae10: 000015dc 2@                    unimp  0x15dc
  0000ae14: 000036d0 d+                    unimp  0x36d0
  0000ae18: 00000a20 unnest                unimp  0xa20

name=>bufaddr flags=80
  0000ae2c: 7fffd486                       call  0x44
  0000ae30: 8c21a004                       sub  %g6, 4, %g6
  0000ae34: 0000a604 fstart                unimp  0xa604
  0000ae38: 000015dc 2@                    unimp  0x15dc
  0000ae3c: 00003700 d-                    unimp  0x3700
  0000ae40: 00000d3c drop                  unimp  0xd3c
  0000ae44: 0000a4e8 bfbase                unimp  0xa4e8
  0000ae48: 000010e0 @                     unimp  0x10e0
  0000ae4c: 00000628 +                     unimp  0x628
  0000ae50: 00000a20 unnest                unimp  0xa20

name=prefill? flags=80
  0000ae64: 7fffd478                       call  0x44
  0000ae68: 8c21a004                       sub  %g6, 4, %g6
  0000ae6c: 0000a58c bfcurrent             unimp  0xa58c
  0000ae70: 000010e0 @                     unimp  0x10e0
  0000ae74: 0000add4 bufaddr>              unimp  0xadd4
  0000ae78: 0000ad20 byte#-aligned?        unimp  0xad20
  0000ae7c: 00000aa8 0=                    unimp  0xaa8
  0000ae80: 00000194 ?branch               unimp  0x194
  0000ae84: 0000000c                       unimp  0xc
  0000ae88: 00006054 true                  unimp  0x6054
  0000ae8c: 00000a00 exit                  unimp  0xa00
  0000ae90: 00000e64 2dup                  unimp  0xe64
  0000ae94: 00000648 -                     unimp  0x648
  0000ae98: 00005f9c 0                     unimp  0x5f9c
  0000ae9c: 0000acec align-byte#           unimp  0xacec
  0000aea0: 00000d3c drop                  unimp  0xd3c
  0000aea4: 00000d5c ?dup                  unimp  0xd5c
  0000aea8: 00000aa8 0=                    unimp  0xaa8
  0000aeac: 00000194 ?branch               unimp  0x194
  0000aeb0: 0000000c                       unimp  0xc
  0000aeb4: 00006054 true                  unimp  0x6054
  0000aeb8: 00000a00 exit                  unimp  0xa00
  0000aebc: 0000a510 bflimit               unimp  0xa510
  0000aec0: 000010e0 @                     unimp  0x10e0
  0000aec4: 0000a560 bfend                 unimp  0xa560
  0000aec8: 000010e0 @                     unimp  0x10e0
  0000aecc: 00000648 -                     unimp  0x648
  0000aed0: 00000d5c ?dup                  unimp  0xd5c
  0000aed4: 00000194 ?branch               unimp  0x194
  0000aed8: 00000018                       unimp  0x18
  0000aedc: 000006f0 min                   unimp  0x6f0
  0000aee0: 0000a560 bfend                 unimp  0xa560
  0000aee4: 000010b4 +!                    unimp  0x10b4
  0000aee8: 0000606c false                 unimp  0x606c
  0000aeec: 00000a00 exit                  unimp  0xa00
  0000aef0: 0000a58c bfcurrent             unimp  0xa58c
  0000aef4: 000010e0 @                     unimp  0x10e0
  0000aef8: 0000ac30 ?flushbuf             unimp  0xac30
  0000aefc: 0000add4 bufaddr>              unimp  0xadd4
  0000af00: 0000a604 fstart                unimp  0xa604
  0000af04: 00001618 2!                    unimp  0x1618
  0000af08: 0000a4e8 bfbase                unimp  0xa4e8
  0000af0c: 000010e0 @                     unimp  0x10e0
  0000af10: 00000628 +                     unimp  0x628
  0000af14: 0000a510 bflimit               unimp  0xa510
  0000af18: 000010e0 @                     unimp  0x10e0
  0000af1c: 000006f0 min                   unimp  0x6f0
  0000af20: 0000a560 bfend                 unimp  0xa560
  0000af24: 00001290 !                     unimp  0x1290
  0000af28: 0000a4e8 bfbase                unimp  0xa4e8
  0000af2c: 000010e0 @                     unimp  0x10e0
  0000af30: 00000d84 dup                   unimp  0xd84
  0000af34: 0000a538 bftop                 unimp  0xa538
  0000af38: 00001290 !                     unimp  0x1290
  0000af3c: 0000a58c bfcurrent             unimp  0xa58c
  0000af40: 00001290 !                     unimp  0x1290
  0000af44: 0000606c false                 unimp  0x606c
  0000af48: 00000a20 unnest                unimp  0xa20

name=shortseek flags=80
  0000af5c: 7fffd43a                       call  0x44
  0000af60: 8c21a004                       sub  %g6, 4, %g6
  0000af64: 0000ac30 ?flushbuf             unimp  0xac30
  0000af68: 0000a4e8 bfbase                unimp  0xa4e8
  0000af6c: 000010e0 @                     unimp  0x10e0
  0000af70: 00000648 -                     unimp  0x648
  0000af74: 00003924 s>d                   unimp  0x3924
  0000af78: 0000a604 fstart                unimp  0xa604
  0000af7c: 000015dc 2@                    unimp  0x15dc
  0000af80: 000036d0 d+                    unimp  0x36d0
  0000af84: 00000e64 2dup                  unimp  0xe64
  0000af88: 0000ad44 fillbuf               unimp  0xad44
  0000af8c: 0000ae0c >bufaddr              unimp  0xae0c
  0000af90: 0000a538 bftop                 unimp  0xa538
  0000af94: 000010e0 @                     unimp  0x10e0
  0000af98: 0000074c umin                  unimp  0x74c
  0000af9c: 0000a58c bfcurrent             unimp  0xa58c
  0000afa0: 00001290 !                     unimp  0x1290
  0000afa4: 00000a20 unnest                unimp  0xa20

name=input-file flags=80
  0000afb8: 7fffd432                       call  0x80
  0000afbc: 8e21e004                       sub  %g7, 4, %g7
  0000afc0: 00000218                       USER 0x218

name=?fillbuf flags=80
  0000afd4: 7fffd41c                       call  0x44
  0000afd8: 8c21a004                       sub  %g6, 4, %g6
  0000afdc: 00000d84 dup                   unimp  0xd84
  0000afe0: 0000a4b8 delimiter             unimp  0xa4b8
  0000afe4: 00001290 !                     unimp  0x1290
  0000afe8: 0000a49c eof                   unimp  0xa49c
  0000afec: 00000bd8 =                     unimp  0xbd8
  0000aff0: 00000194 ?branch               unimp  0x194
  0000aff4: 00000028                       unimp  0x28
  0000aff8: 0000af3c shortseek             unimp  0xaf3c
  0000affc: 0000a538 bftop                 unimp  0xa538
  0000b000: 000010e0 @                     unimp  0x10e0
  0000b004: 0000a58c bfcurrent             unimp  0xa58c
  0000b008: 000010e0 @                     unimp  0x10e0
  0000b00c: 00000e64 2dup                  unimp  0xe64
  0000b010: 00000c5c u<=                   unimp  0xc5c
  0000b014: 00000174 branch                unimp  0x174
  0000b018: 00000008                       unimp  0x8
  0000b01c: 00006054 true                  unimp  0x6054
  0000b020: 00000a20 unnest                unimp  0xa20

name=fclose flags=80
  0000b030: 7fffd405                       call  0x44
  0000b034: 8c21a004                       sub  %g6, 4, %g6
  0000b038: 0000a4d0 file                  unimp  0xa4d0
  0000b03c: 000010e0 @                     unimp  0x10e0
  0000b040: 00000868 >r                    unimp  0x868
  0000b044: 0000a4d0 file                  unimp  0xa4d0
  0000b048: 00001290 !                     unimp  0x1290
  0000b04c: 0000a4d0 file                  unimp  0xa4d0
  0000b050: 000010e0 @                     unimp  0x10e0
  0000b054: 0000aba0 fdavail?              unimp  0xaba0
  0000b058: 00000aa8 0=                    unimp  0xaa8
  0000b05c: 00000194 ?branch               unimp  0x194
  0000b060: 00000028                       unimp  0x28
  0000b064: 0000ac30 ?flushbuf             unimp  0xac30
  0000b068: 0000a628 fid                   unimp  0xa628
  0000b06c: 000010e0 @                     unimp  0x10e0
  0000b070: 0000a6d8 closeop               unimp  0xa6d8
  0000b074: 000010e0 @                     unimp  0x10e0
  0000b078: 00000400 execute               unimp  0x400
  0000b07c: 0000a4d0 file                  unimp  0xa4d0
  0000b080: 000010e0 @                     unimp  0x10e0
  0000b084: 0000ab58 release-fd            unimp  0xab58
  0000b088: 0000088c r>                    unimp  0x88c
  0000b08c: 0000a4d0 file                  unimp  0xa4d0
  0000b090: 00001290 !                     unimp  0x1290
  0000b094: 00000a20 unnest                unimp  0xa20

name=close-file flags=80
  0000b0a8: 7fffd3e7                       call  0x44
  0000b0ac: 8c21a004                       sub  %g6, 4, %g6
  0000b0b0: 0000b010 fclose                unimp  0xb010
  0000b0b4: 00005f9c 0                     unimp  0x5f9c
  0000b0b8: 00000a20 unnest                unimp  0xa20

name=#fds flags=80
  0000b0c8: 7fffd3fd                       call  0xbc
  0000b0cc: 8e21e004                       sub  %g7, 4, %g7
  0000b0d0: 00000020                       CONSTANT 0x20

name=/fds flags=80
  0000b0e0: 7fffd3f7                       call  0xbc
  0000b0e4: 8e21e004                       sub  %g7, 4, %g7
  0000b0e8: 00001280                       CONSTANT 0x1280

name=fds flags=80
  0000b0f4: 7fffd3e3                       call  0x80
  0000b0f8: 8e21e004                       sub  %g7, 4, %g7
  0000b0fc: 0000021c                       USER 0x21c

name=init flags=80
  0000b10c: 7fffd3ce                       call  0x44
  0000b110: 8c21a004                       sub  %g6, 4, %g6
  0000b114: 0000a0c8 init                  unimp  0xa0c8
  0000b118: 000051d0 /stringbuf            unimp  0x51d0
  0000b11c: 00004614 alloc-mem             unimp  0x4614
  0000b120: 0000a3c0 (is)                  unimp  0xa3c0
  0000b124: 0000a488 'word                 unimp  0xa488
  0000b128: 0000b0c0 /fds                  unimp  0xb0c0
  0000b12c: 00004614 alloc-mem             unimp  0x4614
  0000b130: 0000b0d4 fds                   unimp  0xb0d4
  0000b134: 00001290 !                     unimp  0x1290
  0000b138: 0000b0d4 fds                   unimp  0xb0d4
  0000b13c: 000010e0 @                     unimp  0x10e0
  0000b140: 0000b0c0 /fds                  unimp  0xb0c0
  0000b144: 00006098 bounds                unimp  0x6098
  0000b148: 00000228 (do)                  unimp  0x228
  0000b14c: 00000018                       unimp  0x18
  0000b150: 000002ac i                     unimp  0x2ac
  0000b154: 0000ab58 release-fd            unimp  0xab58
  0000b158: 0000a820 /fd                   unimp  0xa820
  0000b15c: 000001f0 (+loop)               unimp  0x1f0
  0000b160: fffffff0                       unknown
  0000b164: 00000a20 unnest                unimp  0xa20

name=(get-fd flags=80
  0000b174: 7fffd3b4                       call  0x44
  0000b178: 8c21a004                       sub  %g6, 4, %g6
  0000b17c: 00005f9c 0                     unimp  0x5f9c
  0000b180: 0000b0d4 fds                   unimp  0xb0d4
  0000b184: 000010e0 @                     unimp  0x10e0
  0000b188: 0000b0c0 /fds                  unimp  0xb0c0
  0000b18c: 00006098 bounds                unimp  0x6098
  0000b190: 00000278 (?do)                 unimp  0x278
  0000b194: 0000002c                       unimp  0x2c
  0000b198: 000002ac i                     unimp  0x2ac
  0000b19c: 0000aba0 fdavail?              unimp  0xaba0
  0000b1a0: 00000194 ?branch               unimp  0x194
  0000b1a4: 00000010 <?>                   unimp  0x10
  0000b1a8: 00000d3c drop                  unimp  0xd3c
  0000b1ac: 000002ac i                     unimp  0x2ac
  0000b1b0: 00000300 (leave)               unimp  0x300
  0000b1b4: 0000a820 /fd                   unimp  0xa820
  0000b1b8: 000001f0 (+loop)               unimp  0x1f0
  0000b1bc: ffffffdc                       unknown
  0000b1c0: 00000a20 unnest                unimp  0xa20

name=string-sizeop flags=80
  0000b1d8: 7fffd39b                       call  0x44
  0000b1dc: 8c21a004                       sub  %g6, 4, %g6
  0000b1e0: 00000d3c drop                  unimp  0xd3c
  0000b1e4: 0000a510 bflimit               unimp  0xa510
  0000b1e8: 000010e0 @                     unimp  0x10e0
  0000b1ec: 0000a4e8 bfbase                unimp  0xa4e8
  0000b1f0: 000010e0 @                     unimp  0x10e0
  0000b1f4: 00000648 -                     unimp  0x648
  0000b1f8: 00005f9c 0                     unimp  0x5f9c
  0000b1fc: 00000a20 unnest                unimp  0xa20

name=hold$ flags=80
  0000b20c: 7fffd38e                       call  0x44
  0000b210: 8c21a004                       sub  %g6, 4, %g6
  0000b214: 00000d84 dup                   unimp  0xd84
  0000b218: 00000194 ?branch               unimp  0x194
  0000b21c: 0000003c                       unimp  0x3c
  0000b220: 00000fc8 1-                    unimp  0xfc8
  0000b224: 00006098 bounds                unimp  0x6098
  0000b228: 00000dc8 swap                  unimp  0xdc8
  0000b22c: 00000228 (do)                  unimp  0x228
  0000b230: 00000020                       unimp  0x20
  0000b234: 000002ac i                     unimp  0x2ac
  0000b238: 0000117c c@                    unimp  0x117c
  0000b23c: 00004b08 hold                  unimp  0x4b08
  0000b240: 000000fc (lit)                 unimp  0xfc
  0000b244: ffffffff                       unknown
  0000b248: 000001f0 (+loop)               unimp  0x1f0
  0000b24c: ffffffe8                       unknown
  0000b250: 00000174 branch                unimp  0x174
  0000b254: 00000008                       unimp  0x8
  0000b258: 00000e40 2drop                 unimp  0xe40
  0000b25c: 00000a20 unnest                unimp  0xa20

name=init-delims flags=80
  0000b270: 7fffd375                       call  0x44
  0000b274: 8c21a004                       sub  %g6, 4, %g6
  0000b278: 000048cc newline-string        unimp  0x48cc
  0000b27c: 00005fb0 1                     unimp  0x5fb0
  0000b280: 00000370 (of)                  unimp  0x370
  0000b284: 00000014                       unimp  0x14
  0000b288: 0000117c c@                    unimp  0x117c
  0000b28c: 00005f9c 0                     unimp  0x5f9c
  0000b290: 000003bc (endof)               unimp  0x3bc
  0000b294: 0000003c                       unimp  0x3c
  0000b298: 00005fc4 2                     unimp  0x5fc4
  0000b29c: 00000370 (of)                  unimp  0x370
  0000b2a0: 00000020                       unimp  0x20
  0000b2a4: 00000d84 dup                   unimp  0xd84
  0000b2a8: 00000f98 1+                    unimp  0xf98
  0000b2ac: 0000117c c@                    unimp  0x117c
  0000b2b0: 00000dc8 swap                  unimp  0xdc8
  0000b2b4: 0000117c c@                    unimp  0x117c
  0000b2b8: 000003bc (endof)               unimp  0x3bc
  0000b2bc: 00000014                       unimp  0x14
  0000b2c0: 00004838 linefeed              unimp  0x4838
  0000b2c4: 00004850 carret                unimp  0x4850
  0000b2c8: 00000de8 rot                   unimp  0xde8
  0000b2cc: 000003e0 (endcase)             unimp  0x3e0
  0000b2d0: 0000a7c8 pre-delimiter         unimp  0xa7c8
  0000b2d4: 00001424 c!                    unimp  0x1424
  0000b2d8: 0000a794 line-delimiter        unimp  0xa794
  0000b2dc: 00001424 c!                    unimp  0x1424
  0000b2e0: 00000a20 unnest                unimp  0xa20

name=open-buffer flags=80
  0000b2f4: 7fffd354                       call  0x44
  0000b2f8: 8c21a004                       sub  %g6, 4, %g6
  0000b2fc: 00005fc4 2                     unimp  0x5fc4
  0000b300: 000062b4 ?enough               unimp  0x62b4
  0000b304: 0000b154 (get-fd               unimp  0xb154
  0000b308: 00000d5c ?dup                  unimp  0xd5c
  0000b30c: 00000aa8 0=                    unimp  0xaa8
  0000b310: 00000194 ?branch               unimp  0x194
  0000b314: 00000010 <?>                   unimp  0x10
  0000b318: 00005f9c 0                     unimp  0x5f9c
  0000b31c: 00006054 true                  unimp  0x6054
  0000b320: 00000a00 exit                  unimp  0xa00
  0000b324: 0000a4d0 file                  unimp  0xa4d0
  0000b328: 00001290 !                     unimp  0x1290
  0000b32c: 00000e64 2dup                  unimp  0xe64
  0000b330: 0000aae8 initbuf               unimp  0xaae8
  0000b334: 0000b250 init-delims           unimp  0xb250
  0000b338: 0000a510 bflimit               unimp  0xa510
  0000b33c: 000010e0 @                     unimp  0x10e0
  0000b340: 00000d84 dup                   unimp  0xd84
  0000b344: 0000a560 bfend                 unimp  0xa560
  0000b348: 00001290 !                     unimp  0x1290
  0000b34c: 0000a538 bftop                 unimp  0xa538
  0000b350: 00001290 !                     unimp  0x1290
  0000b354: 00005f9c 0                     unimp  0x5f9c
  0000b358: 0000a9e4 modify                unimp  0xa9e4
  0000b35c: 00001c28 (')                   unimp  0x1c28
  0000b360: 0000b1b8 string-sizeop         unimp  0xb1b8
  0000b364: 00001c28 (')                   unimp  0x1c28
  0000b368: 00000d3c drop                  unimp  0xd3c
  0000b36c: 00001c28 (')                   unimp  0x1c28
  0000b370: 00000d3c drop                  unimp  0xd3c
  0000b374: 00001c28 (')                   unimp  0x1c28
  0000b378: 0000aaa8 nullseek              unimp  0xaaa8
  0000b37c: 00001c28 (')                   unimp  0x1c28
  0000b380: 0000aa40 fakewrite             unimp  0xaa40
  0000b384: 00001c28 (')                   unimp  0x1c28
  0000b388: 0000aa84 nullread              unimp  0xaa84
  0000b38c: 0000a928 setupfd               unimp  0xa928
  0000b390: 0000c12c $set-line-delimiter   unimp  0xc12c
  0000b394: 00004adc base                  unimp  0x4adc
  0000b398: 000010e0 @                     unimp  0x10e0
  0000b39c: 00000868 >r                    unimp  0x868
  0000b3a0: 0000621c hex                   unimp  0x621c
  0000b3a4: 0000a4e8 bfbase                unimp  0xa4e8
  0000b3a8: 000010e0 @                     unimp  0x10e0
  0000b3ac: 00004b38 <#                    unimp  0x4b38
  0000b3b0: 000000fc (lit)                 unimp  0xfc
  0000b3b4: 0000003e                       unimp  0x3e
  0000b3b8: 00004b08 hold                  unimp  0x4b08
  0000b3bc: 00004bfc u#s                   unimp  0x4bfc
  0000b3c0: 00001c90 (")                   unimp  0x1c90
  0000b3c4: 083c6275                       unknown
  0000b3c8: 66666572                       call  0x999a4990
  0000b3cc: 40000000                       call  0xb3cc
  0000b3d0: 0000b1ec hold$                 unimp  0xb1ec
  0000b3d4: 00004c24 u#>                   unimp  0x4c24
  0000b3d8: 0000a83c set-name              unimp  0xa83c
  0000b3dc: 0000088c r>                    unimp  0x88c
  0000b3e0: 00004adc base                  unimp  0x4adc
  0000b3e4: 00001290 !                     unimp  0x1290
  0000b3e8: 0000a4d0 file                  unimp  0xa4d0
  0000b3ec: 000010e0 @                     unimp  0x10e0
  0000b3f0: 0000606c false                 unimp  0x606c
  0000b3f4: 00000a20 unnest                unimp  0xa20

name=(in-dictionary? flags=80
  0000b40c: 7fffd30e                       call  0x44
  0000b410: 8c21a004                       sub  %g6, 4, %g6
  0000b414: 00001d58 origin                unimp  0x1d58
  0000b418: 00006880 here                  unimp  0x6880
  0000b41c: 00006100 between               unimp  0x6100
  0000b420: 00000a20 unnest                unimp  0xa20

name=in-dictionary? flags=80
  0000b438: 7fffd31e                       call  0xb0
  0000b43c: e003e008                       ld  [ %o7 + 8 ], %l0
  0000b440: 00000220                       DEFER 0x220

name=.error# flags=80
  0000b450: 7fffd318                       call  0xb0
  0000b454: e003e008                       ld  [ %o7 + 8 ], %l0
  0000b458: 00000224                       DEFER 0x224

name=(.error#) flags=80
  0000b46c: 7fffd2f6                       call  0x44
  0000b470: 8c21a004                       sub  %g6, 4, %g6
  0000b474: 00000d84 dup                   unimp  0xd84
  0000b478: 000000fc (lit)                 unimp  0xfc
  0000b47c: ffffffda                       unknown
  0000b480: 00000bd8 =                     unimp  0xbd8
  0000b484: 00000194 ?branch               unimp  0x194
  0000b488: 00000010 <?>                   unimp  0x10
  0000b48c: 0000bf10 .file-open-error      unimp  0xbf10
  0000b490: 00000174 branch                unimp  0x174
  0000b494: 00000014                       unimp  0x14
  0000b498: 000066c0 (.")                  unimp  0x66c0
  0000b49c: 06457272                       unknown
  0000b4a0: 6f722000                       call  0xbdc934a0
  0000b4a4: 0000503c .                     unimp  0x503c
  0000b4a8: 00000a20 unnest                unimp  0xa20

name=.abort flags=80
  0000b4b8: 7fffd2e3                       call  0x44
  0000b4bc: 8c21a004                       sub  %g6, 4, %g6
  0000b4c0: 000075dc show-error            unimp  0x75dc
  0000b4c4: 00000d3c drop                  unimp  0xd3c
  0000b4c8: 00006698 abort-message         unimp  0x6698
  0000b4cc: 000044fc type                  unimp  0x44fc
  0000b4d0: 00000a20 unnest                unimp  0xa20

name=.error flags=80
  0000b4e0: 7fffd2f4                       call  0xb0
  0000b4e4: e003e008                       ld  [ %o7 + 8 ], %l0
  0000b4e8: 00000228 (do)                  DEFER 0x228

name=(.error) flags=80
  0000b4fc: 7fffd2d2                       call  0x44
  0000b500: 8c21a004                       sub  %g6, 4, %g6
  0000b504: 00000d84 dup                   unimp  0xd84
  0000b508: 000000fc (lit)                 unimp  0xfc
  0000b50c: fffffff3                       unknown
  0000b510: 00000bd8 =                     unimp  0xbd8
  0000b514: 00000194 ?branch               unimp  0x194
  0000b518: 0000001c                       unimp  0x1c
  0000b51c: 0000b498 .abort                unimp  0xb498
  0000b520: 000066c0 (.")                  unimp  0x66c0
  0000b524: 02203f00                       unknown
  0000b528: 000046c0 cr                    unimp  0x46c0
  0000b52c: 00000174 branch                unimp  0x174
  0000b530: 0000007c                       unimp  0x7c
  0000b534: 00000d84 dup                   unimp  0xd84
  0000b538: 000000fc (lit)                 unimp  0xfc
  0000b53c: fffffffe                       unknown
  0000b540: 00000bd8 =                     unimp  0xbd8
  0000b544: 00000194 ?branch               unimp  0x194
  0000b548: 00000014                       unimp  0x14
  0000b54c: 0000b498 .abort                unimp  0xb498
  0000b550: 000046c0 cr                    unimp  0x46c0
  0000b554: 00000174 branch                unimp  0x174
  0000b558: 00000054                       unimp  0x54
  0000b55c: 00000d84 dup                   unimp  0xd84
  0000b560: 000000fc (lit)                 unimp  0xfc
  0000b564: ffffffff                       unknown
  0000b568: 00000bd8 =                     unimp  0xbd8
  0000b56c: 00000194 ?branch               unimp  0x194
  0000b570: 00000010 <?>                   unimp  0x10
  0000b574: 00000d3c drop                  unimp  0xd3c
  0000b578: 00000174 branch                unimp  0x174
  0000b57c: 00000030                       unimp  0x30
  0000b580: 000075dc show-error            unimp  0x75dc
  0000b584: 00000d84 dup                   unimp  0xd84
  0000b588: 0000b418 in-dictionary?        unimp  0xb418
  0000b58c: 00000194 ?branch               unimp  0x194
  0000b590: 00000014                       unimp  0x14
  0000b594: 00001d00 count                 unimp  0x1d00
  0000b598: 000044fc type                  unimp  0x44fc
  0000b59c: 00000174 branch                unimp  0x174
  0000b5a0: 00000008                       unimp  0x8
  0000b5a4: 0000b430 .error#               unimp  0xb430
  0000b5a8: 000046c0 cr                    unimp  0x46c0
  0000b5ac: 00000a20 unnest                unimp  0xa20

name=guarded flags=80
  0000b5bc: 7fffd2a2                       call  0x44
  0000b5c0: 8c21a004                       sub  %g6, 4, %g6
  0000b5c4: 00005ecc catch                 unimp  0x5ecc
  0000b5c8: 00000d5c ?dup                  unimp  0xd5c
  0000b5cc: 00000194 ?branch               unimp  0x194
  0000b5d0: 0000000c                       unimp  0xc
  0000b5d4: 0000b4c0 .error                unimp  0xb4c0
  0000b5d8: 0000d038 quit                  unimp  0xd038
  0000b5dc: 00000a20 unnest                unimp  0xa20

name=pause flags=80
  0000b5ec: 7fffd2b1                       call  0xb0
  0000b5f0: e003e008                       ld  [ %o7 + 8 ], %l0
  0000b5f4: 0000022c                       DEFER 0x22c

name=init-io flags=80
  0000b604: 7fffd2ab                       call  0xb0
  0000b608: e003e008                       ld  [ %o7 + 8 ], %l0
  0000b60c: 00000230                       DEFER 0x230

name=do-init flags=80
  0000b61c: 7fffd2a5                       call  0xb0
  0000b620: e003e008                       ld  [ %o7 + 8 ], %l0
  0000b624: 00000234                       DEFER 0x234

name=cold-hook flags=80
  0000b638: 7fffd29e                       call  0xb0
  0000b63c: e003e008                       ld  [ %o7 + 8 ], %l0
  0000b640: 00000238                       DEFER 0x238

name=init-environment flags=80
  0000b65c: 7fffd295                       call  0xb0
  0000b660: e003e008                       ld  [ %o7 + 8 ], %l0
  0000b664: 0000023c                       DEFER 0x23c

name=(cold-hook flags=80
  0000b678: 7fffd273                       call  0x44
  0000b67c: 8c21a004                       sub  %g6, 4, %g6
  0000b680: 00007b80 [                     unimp  0x7b80
  0000b684: 00000a20 unnest                unimp  0xa20

name=title flags=80
  0000b694: 7fffd287                       call  0xb0
  0000b698: e003e008                       ld  [ %o7 + 8 ], %l0
  0000b69c: 00000240                       DEFER 0x240

name=cold flags=80
  0000b6ac: 7fffd266                       call  0x44
  0000b6b0: 8c21a004                       sub  %g6, 4, %g6
  0000b6b4: 00006244 decimal               unimp  0x6244
  0000b6b8: 0000b5e4 init-io               unimp  0xb5e4
  0000b6bc: 0000b5fc do-init               unimp  0xb5fc
  0000b6c0: 00001c28 (')                   unimp  0x1c28
  0000b6c4: 0000b63c init-environment      unimp  0xb63c
  0000b6c8: 0000b59c guarded               unimp  0xb59c
  0000b6cc: 00001c28 (')                   unimp  0x1c28
  0000b6d0: 0000b618 cold-hook             unimp  0xb618
  0000b6d4: 0000b59c guarded               unimp  0xb59c
  0000b6d8: 0000d7d8 process-command-line  unimp  0xd7d8
  0000b6dc: 000045c0 (interactive?         unimp  0x45c0
  0000b6e0: 00000194 ?branch               unimp  0x194
  0000b6e4: 00000008                       unimp  0x8
  0000b6e8: 0000b674 title                 unimp  0xb674
  0000b6ec: 0000d038 quit                  unimp  0xd038
  0000b6f0: 00000a20 unnest                unimp  0xa20

name=single flags=80
  0000b700: 7fffd251                       call  0x44
  0000b704: 8c21a004                       sub  %g6, 4, %g6
  0000b708: 00001c28 (')                   unimp  0x1c28
  0000b70c: 000016ec noop                  unimp  0x16ec
  0000b710: 00001c28 (')                   unimp  0x1c28
  0000b714: 0000b5cc pause                 unimp  0xb5cc
  0000b718: 0000a340 (is                   unimp  0xa340
  0000b71c: 00000a20 unnest                unimp  0xa20

name=warm flags=80
  0000b72c: 7fffd246                       call  0x44
  0000b730: 8c21a004                       sub  %g6, 4, %g6
  0000b734: 0000b6e0 single                unimp  0xb6e0
  0000b738: 00002d9c sp0                   unimp  0x2d9c
  0000b73c: 000010e0 @                     unimp  0x10e0
  0000b740: 00000828 sp!                   unimp  0x828
  0000b744: 0000d038 quit                  unimp  0xd038
  0000b748: 00000a20 unnest                unimp  0xa20

name=/fbuf flags=80
  0000b758: 7fffd259                       call  0xbc
  0000b75c: 8e21e004                       sub  %g7, 4, %g7
  0000b760: 00000400 execute               CONSTANT 0x400

name=get-fd flags=80
  0000b770: 7fffd235                       call  0x44
  0000b774: 8c21a004                       sub  %g6, 4, %g6
  0000b778: 0000b154 (get-fd               unimp  0xb154
  0000b77c: 00000d84 dup                   unimp  0xd84
  0000b780: 00000aa8 0=                    unimp  0xaa8
  0000b784: 0000670c (abort")              unimp  0x670c
  0000b788: 0d616c6c                       unknown
  0000b78c: 20666473                       unknown
  0000b790: 20757365                       unknown
  0000b794: 64200000                       call  0x9080b794
  0000b798: 0000a4d0 file                  unimp  0xa4d0
  0000b79c: 00001290 !                     unimp  0x1290
  0000b7a0: 0000b738 /fbuf                 unimp  0xb738
  0000b7a4: 00004614 alloc-mem             unimp  0x4614
  0000b7a8: 0000b738 /fbuf                 unimp  0xb738
  0000b7ac: 0000aae8 initbuf               unimp  0xaae8
  0000b7b0: 00000a20 unnest                unimp  0xa20

name=dftell flags=80
  0000b7c0: 7fffd221                       call  0x44
  0000b7c4: 8c21a004                       sub  %g6, 4, %g6
  0000b7c8: 0000a4d0 file                  unimp  0xa4d0
  0000b7cc: 000010e0 @                     unimp  0x10e0
  0000b7d0: 00000868 >r                    unimp  0x868
  0000b7d4: 0000a4d0 file                  unimp  0xa4d0
  0000b7d8: 00001290 !                     unimp  0x1290
  0000b7dc: 0000a604 fstart                unimp  0xa604
  0000b7e0: 000015dc 2@                    unimp  0x15dc
  0000b7e4: 0000a58c bfcurrent             unimp  0xa58c
  0000b7e8: 000010e0 @                     unimp  0x10e0
  0000b7ec: 0000a4e8 bfbase                unimp  0xa4e8
  0000b7f0: 000010e0 @                     unimp  0x10e0
  0000b7f4: 00000648 -                     unimp  0x648
  0000b7f8: 00005f9c 0                     unimp  0x5f9c
  0000b7fc: 000036d0 d+                    unimp  0x36d0
  0000b800: 0000088c r>                    unimp  0x88c
  0000b804: 0000a4d0 file                  unimp  0xa4d0
  0000b808: 00001290 !                     unimp  0x1290
  0000b80c: 00000a20 unnest                unimp  0xa20

name=ftell flags=80
  0000b81c: 7fffd20a                       call  0x44
  0000b820: 8c21a004                       sub  %g6, 4, %g6
  0000b824: 0000b7a0 dftell                unimp  0xb7a0
  0000b828: 00000d3c drop                  unimp  0xd3c
  0000b82c: 00000a20 unnest                unimp  0xa20

name=fflush flags=80
  0000b83c: 7fffd202                       call  0x44
  0000b840: 8c21a004                       sub  %g6, 4, %g6
  0000b844: 0000a4d0 file                  unimp  0xa4d0
  0000b848: 000010e0 @                     unimp  0x10e0
  0000b84c: 00000868 >r                    unimp  0x868
  0000b850: 0000a4d0 file                  unimp  0xa4d0
  0000b854: 00001290 !                     unimp  0x1290
  0000b858: 0000ac30 ?flushbuf             unimp  0xac30
  0000b85c: 0000088c r>                    unimp  0x88c
  0000b860: 0000a4d0 file                  unimp  0xa4d0
  0000b864: 00001290 !                     unimp  0x1290
  0000b868: 00000a20 unnest                unimp  0xa20

name=dfseek flags=80
  0000b878: 7fffd1f3                       call  0x44
  0000b87c: 8c21a004                       sub  %g6, 4, %g6
  0000b880: 0000a4d0 file                  unimp  0xa4d0
  0000b884: 000010e0 @                     unimp  0x10e0
  0000b888: 00000868 >r                    unimp  0x868
  0000b88c: 0000a4d0 file                  unimp  0xa4d0
  0000b890: 00001290 !                     unimp  0x1290
  0000b894: 0000abe8 sync                  unimp  0xabe8
  0000b898: 00000e64 2dup                  unimp  0xe64
  0000b89c: 0000a604 fstart                unimp  0xa604
  0000b8a0: 000015dc 2@                    unimp  0x15dc
  0000b8a4: 00003700 d-                    unimp  0x3700
  0000b8a8: 00000da4 over                  unimp  0xda4
  0000b8ac: 0000a560 bfend                 unimp  0xa560
  0000b8b0: 000010e0 @                     unimp  0x10e0
  0000b8b4: 0000a4e8 bfbase                unimp  0xa4e8
  0000b8b8: 000010e0 @                     unimp  0x10e0
  0000b8bc: 00000648 -                     unimp  0x648
  0000b8c0: 00000cb4 u>=                   unimp  0xcb4
  0000b8c4: 00000540 or                    unimp  0x540
  0000b8c8: 00000194 ?branch               unimp  0x194
  0000b8cc: 00000060 <USER>                unimp  0x60
  0000b8d0: 00000d3c drop                  unimp  0xd3c
  0000b8d4: 0000ac30 ?flushbuf             unimp  0xac30
  0000b8d8: 00000e64 2dup                  unimp  0xe64
  0000b8dc: 0000ad20 byte#-aligned?        unimp  0xad20
  0000b8e0: 00000194 ?branch               unimp  0x194
  0000b8e4: 00000034                       unimp  0x34
  0000b8e8: 0000a604 fstart                unimp  0xa604
  0000b8ec: 00001618 2!                    unimp  0x1618
  0000b8f0: 0000a4e8 bfbase                unimp  0xa4e8
  0000b8f4: 000010e0 @                     unimp  0x10e0
  0000b8f8: 00000d84 dup                   unimp  0xd84
  0000b8fc: 0000a538 bftop                 unimp  0xa538
  0000b900: 00001290 !                     unimp  0x1290
  0000b904: 00000d84 dup                   unimp  0xd84
  0000b908: 0000a560 bfend                 unimp  0xa560
  0000b90c: 00001290 !                     unimp  0x1290
  0000b910: 00000174 branch                unimp  0x174
  0000b914: 00000010 <?>                   unimp  0x10
  0000b918: 00000e64 2dup                  unimp  0xe64
  0000b91c: 0000ad44 fillbuf               unimp  0xad44
  0000b920: 0000ae0c >bufaddr              unimp  0xae0c
  0000b924: 00000174 branch                unimp  0x174
  0000b928: 00000018                       unimp  0x18
  0000b92c: 00000a64 nip                   unimp  0xa64
  0000b930: 00000a64 nip                   unimp  0xa64
  0000b934: 0000a4e8 bfbase                unimp  0xa4e8
  0000b938: 000010e0 @                     unimp  0x10e0
  0000b93c: 00000628 +                     unimp  0x628
  0000b940: 0000a538 bftop                 unimp  0xa538
  0000b944: 000010e0 @                     unimp  0x10e0
  0000b948: 0000074c umin                  unimp  0x74c
  0000b94c: 0000a58c bfcurrent             unimp  0xa58c
  0000b950: 00001290 !                     unimp  0x1290
  0000b954: 0000088c r>                    unimp  0x88c
  0000b958: 0000a4d0 file                  unimp  0xa4d0
  0000b95c: 00001290 !                     unimp  0x1290
  0000b960: 00000a20 unnest                unimp  0xa20

name=fseek flags=80
  0000b970: 7fffd1b5                       call  0x44
  0000b974: 8c21a004                       sub  %g6, 4, %g6
  0000b978: 00005f9c 0                     unimp  0x5f9c
  0000b97c: 00000dc8 swap                  unimp  0xdc8
  0000b980: 0000b858 dfseek                unimp  0xb858
  0000b984: 00000a20 unnest                unimp  0xa20

name=(feof? flags=80
  0000b994: 7fffd1ac                       call  0x44
  0000b998: 8c21a004                       sub  %g6, 4, %g6
  0000b99c: 0000a58c bfcurrent             unimp  0xa58c
  0000b9a0: 000010e0 @                     unimp  0x10e0
  0000b9a4: 0000a538 bftop                 unimp  0xa538
  0000b9a8: 000010e0 @                     unimp  0x10e0
  0000b9ac: 00000cb4 u>=                   unimp  0xcb4
  0000b9b0: 00000a20 unnest                unimp  0xa20

name=fgetc flags=80
  0000b9c0: 7fffd1a1                       call  0x44
  0000b9c4: 8c21a004                       sub  %g6, 4, %g6
  0000b9c8: 0000a4d0 file                  unimp  0xa4d0
  0000b9cc: 000010e0 @                     unimp  0x10e0
  0000b9d0: 00000868 >r                    unimp  0x868
  0000b9d4: 0000a4d0 file                  unimp  0xa4d0
  0000b9d8: 00001290 !                     unimp  0x1290
  0000b9dc: 0000a58c bfcurrent             unimp  0xa58c
  0000b9e0: 000010e0 @                     unimp  0x10e0
  0000b9e4: 0000a538 bftop                 unimp  0xa538
  0000b9e8: 000010e0 @                     unimp  0x10e0
  0000b9ec: 00000c88 u<                    unimp  0xc88
  0000b9f0: 00000194 ?branch               unimp  0x194
  0000b9f4: 00000014                       unimp  0x14
  0000b9f8: 0000a58c bfcurrent             unimp  0xa58c
  0000b9fc: 0000e3fc @c@++                 unimp  0xe3fc
  0000ba00: 00000174 branch                unimp  0x174
  0000ba04: 00000030                       unimp  0x30
  0000ba08: 0000a58c bfcurrent             unimp  0xa58c
  0000ba0c: 000010e0 @                     unimp  0x10e0
  0000ba10: 0000af3c shortseek             unimp  0xaf3c
  0000ba14: 0000b974 (feof?                unimp  0xb974
  0000ba18: 00000194 ?branch               unimp  0x194
  0000ba1c: 00000010 <?>                   unimp  0x10
  0000ba20: 0000a49c eof                   unimp  0xa49c
  0000ba24: 00000174 branch                unimp  0x174
  0000ba28: 0000000c                       unimp  0xc
  0000ba2c: 0000a58c bfcurrent             unimp  0xa58c
  0000ba30: 0000e3fc @c@++                 unimp  0xe3fc
  0000ba34: 0000088c r>                    unimp  0x88c
  0000ba38: 0000a4d0 file                  unimp  0xa4d0
  0000ba3c: 00001290 !                     unimp  0x1290
  0000ba40: 00000a20 unnest                unimp  0xa20

name=fputc flags=80
  0000ba50: 7fffd17d                       call  0x44
  0000ba54: 8c21a004                       sub  %g6, 4, %g6
  0000ba58: 0000a4d0 file                  unimp  0xa4d0
  0000ba5c: 000010e0 @                     unimp  0x10e0
  0000ba60: 00000868 >r                    unimp  0x868
  0000ba64: 0000a4d0 file                  unimp  0xa4d0
  0000ba68: 00001290 !                     unimp  0x1290
  0000ba6c: 0000a58c bfcurrent             unimp  0xa58c
  0000ba70: 000010e0 @                     unimp  0x10e0
  0000ba74: 0000a560 bfend                 unimp  0xa560
  0000ba78: 000010e0 @                     unimp  0x10e0
  0000ba7c: 00000cb4 u>=                   unimp  0xcb4
  0000ba80: 00000194 ?branch               unimp  0x194
  0000ba84: 00000010 <?>                   unimp  0x10
  0000ba88: 0000a58c bfcurrent             unimp  0xa58c
  0000ba8c: 000010e0 @                     unimp  0x10e0
  0000ba90: 0000af3c shortseek             unimp  0xaf3c
  0000ba94: 0000a58c bfcurrent             unimp  0xa58c
  0000ba98: 0000e428 @c!++                 unimp  0xe428
  0000ba9c: 0000a5b4 bfdirty               unimp  0xa5b4
  0000baa0: 00001070 on                    unimp  0x1070
  0000baa4: 0000088c r>                    unimp  0x88c
  0000baa8: 0000a4d0 file                  unimp  0xa4d0
  0000baac: 00001290 !                     unimp  0x1290
  0000bab0: 00000a20 unnest                unimp  0xa20

name=copyin flags=80
  0000bac0: 7fffd161                       call  0x44
  0000bac4: 8c21a004                       sub  %g6, 4, %g6
  0000bac8: 00000e64 2dup                  unimp  0xe64
  0000bacc: 00000648 -                     unimp  0x648
  0000bad0: 0000a560 bfend                 unimp  0xa560
  0000bad4: 000010e0 @                     unimp  0x10e0
  0000bad8: 0000a58c bfcurrent             unimp  0xa58c
  0000badc: 000010e0 @                     unimp  0x10e0
  0000bae0: 00000648 -                     unimp  0x648
  0000bae4: 000006f0 min                   unimp  0x6f0
  0000bae8: 00000d84 dup                   unimp  0xd84
  0000baec: 00000194 ?branch               unimp  0x194
  0000baf0: 0000000c                       unimp  0xc
  0000baf4: 0000a5b4 bfdirty               unimp  0xa5b4
  0000baf8: 00001070 on                    unimp  0x1070
  0000bafc: 00000e64 2dup                  unimp  0xe64
  0000bb00: 0000a58c bfcurrent             unimp  0xa58c
  0000bb04: 000010e0 @                     unimp  0x10e0
  0000bb08: 00000dc8 swap                  unimp  0xdc8
  0000bb0c: 0000319c move                  unimp  0x319c
  0000bb10: 00000d84 dup                   unimp  0xd84
  0000bb14: 0000a58c bfcurrent             unimp  0xa58c
  0000bb18: 000010b4 +!                    unimp  0x10b4
  0000bb1c: 00000628 +                     unimp  0x628
  0000bb20: 00000a20 unnest                unimp  0xa20

name=copyout flags=80
  0000bb30: 7fffd145                       call  0x44
  0000bb34: 8c21a004                       sub  %g6, 4, %g6
  0000bb38: 00000e64 2dup                  unimp  0xe64
  0000bb3c: 00000648 -                     unimp  0x648
  0000bb40: 0000a538 bftop                 unimp  0xa538
  0000bb44: 000010e0 @                     unimp  0x10e0
  0000bb48: 0000a58c bfcurrent             unimp  0xa58c
  0000bb4c: 000010e0 @                     unimp  0x10e0
  0000bb50: 00000648 -                     unimp  0x648
  0000bb54: 000006f0 min                   unimp  0x6f0
  0000bb58: 00000e64 2dup                  unimp  0xe64
  0000bb5c: 0000a58c bfcurrent             unimp  0xa58c
  0000bb60: 000010e0 @                     unimp  0x10e0
  0000bb64: 00000de8 rot                   unimp  0xde8
  0000bb68: 00000de8 rot                   unimp  0xde8
  0000bb6c: 0000319c move                  unimp  0x319c
  0000bb70: 00000d84 dup                   unimp  0xd84
  0000bb74: 0000a58c bfcurrent             unimp  0xa58c
  0000bb78: 000010b4 +!                    unimp  0x10b4
  0000bb7c: 00000628 +                     unimp  0x628
  0000bb80: 00000a20 unnest                unimp  0xa20

name=fputs flags=80
  0000bb90: 7fffd12d                       call  0x44
  0000bb94: 8c21a004                       sub  %g6, 4, %g6
  0000bb98: 0000a4d0 file                  unimp  0xa4d0
  0000bb9c: 000010e0 @                     unimp  0x10e0
  0000bba0: 00000868 >r                    unimp  0x868
  0000bba4: 0000a4d0 file                  unimp  0xa4d0
  0000bba8: 00001290 !                     unimp  0x1290
  0000bbac: 00000da4 over                  unimp  0xda4
  0000bbb0: 00000628 +                     unimp  0x628
  0000bbb4: 00000dc8 swap                  unimp  0xdc8
  0000bbb8: 0000baa0 copyin                unimp  0xbaa0
  0000bbbc: 00000e64 2dup                  unimp  0xe64
  0000bbc0: 00000c30 u>                    unimp  0xc30
  0000bbc4: 00000194 ?branch               unimp  0x194
  0000bbc8: 00000028                       unimp  0x28
  0000bbcc: 0000abe8 sync                  unimp  0xabe8
  0000bbd0: 0000ae44 prefill?              unimp  0xae44
  0000bbd4: 00000194 ?branch               unimp  0x194
  0000bbd8: 00000010 <?>                   unimp  0x10
  0000bbdc: 0000a58c bfcurrent             unimp  0xa58c
  0000bbe0: 000010e0 @                     unimp  0x10e0
  0000bbe4: 0000af3c shortseek             unimp  0xaf3c
  0000bbe8: 00000174 branch                unimp  0x174
  0000bbec: ffffffcc                       unknown
  0000bbf0: 00000e40 2drop                 unimp  0xe40
  0000bbf4: 0000088c r>                    unimp  0x88c
  0000bbf8: 0000a4d0 file                  unimp  0xa4d0
  0000bbfc: 00001290 !                     unimp  0x1290
  0000bc00: 00000a20 unnest                unimp  0xa20

name=fgets flags=80
  0000bc10: 7fffd10d                       call  0x44
  0000bc14: 8c21a004                       sub  %g6, 4, %g6
  0000bc18: 0000a4d0 file                  unimp  0xa4d0
  0000bc1c: 000010e0 @                     unimp  0x10e0
  0000bc20: 00000868 >r                    unimp  0x868
  0000bc24: 0000a4d0 file                  unimp  0xa4d0
  0000bc28: 00001290 !                     unimp  0x1290
  0000bc2c: 0000abe8 sync                  unimp  0xabe8
  0000bc30: 00000da4 over                  unimp  0xda4
  0000bc34: 00000628 +                     unimp  0x628
  0000bc38: 00000da4 over                  unimp  0xda4
  0000bc3c: 0000bb10 copyout               unimp  0xbb10
  0000bc40: 00000e64 2dup                  unimp  0xe64
  0000bc44: 00000c30 u>                    unimp  0xc30
  0000bc48: 00000194 ?branch               unimp  0x194
  0000bc4c: 00000040                       unimp  0x40
  0000bc50: 0000a58c bfcurrent             unimp  0xa58c
  0000bc54: 000010e0 @                     unimp  0x10e0
  0000bc58: 0000af3c shortseek             unimp  0xaf3c
  0000bc5c: 0000b974 (feof?                unimp  0xb974
  0000bc60: 00000194 ?branch               unimp  0x194
  0000bc64: 00000020                       unimp  0x20
  0000bc68: 00000a64 nip                   unimp  0xa64
  0000bc6c: 00000dc8 swap                  unimp  0xdc8
  0000bc70: 00000648 -                     unimp  0x648
  0000bc74: 0000088c r>                    unimp  0x88c
  0000bc78: 0000a4d0 file                  unimp  0xa4d0
  0000bc7c: 00001290 !                     unimp  0x1290
  0000bc80: 00000a00 exit                  unimp  0xa00
  0000bc84: 00000174 branch                unimp  0x174
  0000bc88: ffffffb4                       unknown
  0000bc8c: 00000a64 nip                   unimp  0xa64
  0000bc90: 00000dc8 swap                  unimp  0xdc8
  0000bc94: 00000648 -                     unimp  0x648
  0000bc98: 0000088c r>                    unimp  0x88c
  0000bc9c: 0000a4d0 file                  unimp  0xa4d0
  0000bca0: 00001290 !                     unimp  0x1290
  0000bca4: 00000a20 unnest                unimp  0xa20

name=dfsize flags=80
  0000bcb4: 7fffd0e4                       call  0x44
  0000bcb8: 8c21a004                       sub  %g6, 4, %g6
  0000bcbc: 0000a4d0 file                  unimp  0xa4d0
  0000bcc0: 000010e0 @                     unimp  0x10e0
  0000bcc4: 00000868 >r                    unimp  0x868
  0000bcc8: 0000a4d0 file                  unimp  0xa4d0
  0000bccc: 00001290 !                     unimp  0x1290
  0000bcd0: 0000abe8 sync                  unimp  0xabe8
  0000bcd4: 0000a604 fstart                unimp  0xa604
  0000bcd8: 000015dc 2@                    unimp  0x15dc
  0000bcdc: 0000a538 bftop                 unimp  0xa538
  0000bce0: 000010e0 @                     unimp  0x10e0
  0000bce4: 0000a4e8 bfbase                unimp  0xa4e8
  0000bce8: 000010e0 @                     unimp  0x10e0
  0000bcec: 00000648 -                     unimp  0x648
  0000bcf0: 00005f9c 0                     unimp  0x5f9c
  0000bcf4: 000036d0 d+                    unimp  0x36d0
  0000bcf8: 0000a628 fid                   unimp  0xa628
  0000bcfc: 000010e0 @                     unimp  0x10e0
  0000bd00: 0000a730 sizeop                unimp  0xa730
  0000bd04: 000010e0 @                     unimp  0x10e0
  0000bd08: 00000400 execute               unimp  0x400
  0000bd0c: 00003ad0 dmax                  unimp  0x3ad0
  0000bd10: 0000088c r>                    unimp  0x88c
  0000bd14: 0000a4d0 file                  unimp  0xa4d0
  0000bd18: 00001290 !                     unimp  0x1290
  0000bd1c: 00000a20 unnest                unimp  0xa20

name=fsize flags=80
  0000bd2c: 7fffd0c6                       call  0x44
  0000bd30: 8c21a004                       sub  %g6, 4, %g6
  0000bd34: 0000bc94 dfsize                unimp  0xbc94
  0000bd38: 00000d3c drop                  unimp  0xd3c
  0000bd3c: 00000a20 unnest                unimp  0xa20

name=do-fopen flags=80
  0000bd50: 7fffd0d8                       call  0xb0
  0000bd54: e003e008                       ld  [ %o7 + 8 ], %l0
  0000bd58: 00000244                       DEFER 0x244

name=fopen flags=80
  0000bd68: 7fffd0b7                       call  0x44
  0000bd6c: 8c21a004                       sub  %g6, 4, %g6
  0000bd70: 00005fc4 2                     unimp  0x5fc4
  0000bd74: 000062b4 ?enough               unimp  0x62b4
  0000bd78: 0000b750 get-fd                unimp  0xb750
  0000bd7c: 00000da4 over                  unimp  0xda4
  0000bd80: 00000868 >r                    unimp  0x868
  0000bd84: 00000d84 dup                   unimp  0xd84
  0000bd88: 0000a5dc fmode                 unimp  0xa5dc
  0000bd8c: 00001290 !                     unimp  0x1290
  0000bd90: 0000bd30 do-fopen              unimp  0xbd30
  0000bd94: 00000194 ?branch               unimp  0x194
  0000bd98: 00000024 <INTERPRET>           unimp  0x24
  0000bd9c: 0000a928 setupfd               unimp  0xa928
  0000bda0: 0000a4d0 file                  unimp  0xa4d0
  0000bda4: 000010e0 @                     unimp  0x10e0
  0000bda8: 0000088c r>                    unimp  0x88c
  0000bdac: 00001d00 count                 unimp  0x1d00
  0000bdb0: 0000a83c set-name              unimp  0xa83c
  0000bdb4: 00000174 branch                unimp  0x174
  0000bdb8: 0000001c                       unimp  0x1c
  0000bdbc: 0000a99c not-open              unimp  0xa99c
  0000bdc0: 0000a5dc fmode                 unimp  0xa5dc
  0000bdc4: 00001290 !                     unimp  0x1290
  0000bdc8: 00005f9c 0                     unimp  0x5f9c
  0000bdcc: 0000088c r>                    unimp  0x88c
  0000bdd0: 00000d3c drop                  unimp  0xd3c
  0000bdd4: 00000a20 unnest                unimp  0xa20

name=close-files flags=80
  0000bde8: 7fffd097                       call  0x44
  0000bdec: 8c21a004                       sub  %g6, 4, %g6
  0000bdf0: 0000b0d4 fds                   unimp  0xb0d4
  0000bdf4: 000010e0 @                     unimp  0x10e0
  0000bdf8: 0000b0c0 /fds                  unimp  0xb0c0
  0000bdfc: 00006098 bounds                unimp  0x6098
  0000be00: 00000228 (do)                  unimp  0x228
  0000be04: 00000018                       unimp  0x18
  0000be08: 000002ac i                     unimp  0x2ac
  0000be0c: 0000b010 fclose                unimp  0xb010
  0000be10: 0000a820 /fd                   unimp  0xa820
  0000be14: 000001f0 (+loop)               unimp  0x1f0
  0000be18: fffffff0                       unknown
  0000be1c: 00000a20 unnest                unimp  0xa20

name=create-file flags=80
  0000be30: 7fffd085                       call  0x44
  0000be34: 8c21a004                       sub  %g6, 4, %g6
  0000be38: 0000603c 8                     unimp  0x603c
  0000be3c: 00000540 or                    unimp  0x540
  0000be40: 0000bf64 open-file             unimp  0xbf64
  0000be44: 00000a20 unnest                unimp  0xa20

name=make flags=80
  0000be54: 7fffd07c                       call  0x44
  0000be58: 8c21a004                       sub  %g6, 4, %g6
  0000be5c: 00001d00 count                 unimp  0x1d00
  0000be60: 0000be9c r/w                   unimp  0xbe9c
  0000be64: 0000be10 create-file           unimp  0xbe10
  0000be68: 00000194 ?branch               unimp  0x194
  0000be6c: 00000014                       unimp  0x14
  0000be70: 00000d3c drop                  unimp  0xd3c
  0000be74: 0000606c false                 unimp  0x606c
  0000be78: 00000174 branch                unimp  0x174
  0000be7c: 0000000c                       unimp  0xc
  0000be80: 0000b010 fclose                unimp  0xb010
  0000be84: 00006054 true                  unimp  0x6054
  0000be88: 00000a20 unnest                unimp  0xa20

name=r/o flags=80
  0000be94: 7fffd08a                       call  0xbc
  0000be98: 8e21e004                       sub  %g7, 4, %g7
  0000be9c: 00000000 [ENTRY]               CONSTANT 0x0

name=w/o flags=80
  0000bea8: 7fffd085                       call  0xbc
  0000beac: 8e21e004                       sub  %g7, 4, %g7
  0000beb0: 00000001                       CONSTANT 0x1

name=r/w flags=80
  0000bebc: 7fffd080                       call  0xbc
  0000bec0: 8e21e004                       sub  %g7, 4, %g7
  0000bec4: 00000002                       CONSTANT 0x2

name=bin flags=80
  0000bed0: 7fffd07b                       call  0xbc
  0000bed4: 8e21e004                       sub  %g7, 4, %g7
  0000bed8: 00000004                       CONSTANT 0x4

name=create-flag flags=80
  0000beec: 7fffd074                       call  0xbc
  0000bef0: 8e21e004                       sub  %g7, 4, %g7
  0000bef4: 00000008                       CONSTANT 0x8

name=opened-filename flags=80
  0000bf0c: 7fffd05d                       call  0x80
  0000bf10: 8e21e004                       sub  %g7, 4, %g7
  0000bf14: 00000248                       USER 0x248

name=.file-open-error flags=80
  0000bf30: 7fffd045                       call  0x44
  0000bf34: 8c21a004                       sub  %g6, 4, %g6
  0000bf38: 000066c0 (.")                  unimp  0x66c0
  0000bf3c: 0a546865                       unknown
  0000bf40: 2066696c                       unknown
  0000bf44: 65202700                       call  0x94815b44
  0000bf48: 0000beec opened-filename       unimp  0xbeec
  0000bf4c: 000015dc 2@                    unimp  0x15dc
  0000bf50: 000044fc type                  unimp  0x44fc
  0000bf54: 000066c0 (.")                  unimp  0x66c0
  0000bf58: 13272063                       sethi  %hi(0x9c818c00), %o1
  0000bf5c: 616e6e6f                       call  0x85ba7918
  0000bf60: 74206265                       call  0xd08248f4
  0000bf64: 206f7065                       unknown
  0000bf68: 6e65642e                       call  0xb9965020
  0000bf6c: 00000000 [ENTRY]               unimp  0
  0000bf70: 00000a20 unnest                unimp  0xa20

name=open-file flags=80
  0000bf84: 7fffd030                       call  0x44
  0000bf88: 8c21a004                       sub  %g6, 4, %g6
  0000bf8c: 0000a4d0 file                  unimp  0xa4d0
  0000bf90: 000010e0 @                     unimp  0x10e0
  0000bf94: 00000868 >r                    unimp  0x868
  0000bf98: 00000868 >r                    unimp  0x868
  0000bf9c: 00000e64 2dup                  unimp  0xe64
  0000bfa0: 0000beec opened-filename       unimp  0xbeec
  0000bfa4: 00001618 2!                    unimp  0x1618
  0000bfa8: 0000c6b4 cstrbuf               unimp  0xc6b4
  0000bfac: 00001bd8 pack                  unimp  0x1bd8
  0000bfb0: 000008b0 r@                    unimp  0x8b0
  0000bfb4: 0000bd48 fopen                 unimp  0xbd48
  0000bfb8: 00000d84 dup                   unimp  0xd84
  0000bfbc: 00000aa8 0=                    unimp  0xaa8
  0000bfc0: 00000194 ?branch               unimp  0x194
  0000bfc4: 00000024 <INTERPRET>           unimp  0x24
  0000bfc8: 000000fc (lit)                 unimp  0xfc
  0000bfcc: ffffffda                       unknown
  0000bfd0: 0000088c r>                    unimp  0x88c
  0000bfd4: 00000d3c drop                  unimp  0xd3c
  0000bfd8: 0000088c r>                    unimp  0x88c
  0000bfdc: 0000a4d0 file                  unimp  0xa4d0
  0000bfe0: 00001290 !                     unimp  0x1290
  0000bfe4: 00000a00 exit                  unimp  0xa00
  0000bfe8: 0000b250 init-delims           unimp  0xb250
  0000bfec: 00000d84 dup                   unimp  0xd84
  0000bff0: 000008b0 r@                    unimp  0x8b0
  0000bff4: 0000beb0 bin                   unimp  0xbeb0
  0000bff8: 0000becc create-flag           unimp  0xbecc
  0000bffc: 00000540 or                    unimp  0x540
  0000c000: 00000520 and                   unimp  0x520
  0000c004: 00000aa8 0=                    unimp  0xaa8
  0000c008: 00000520 and                   unimp  0x520
  0000c00c: 0000088c r>                    unimp  0x88c
  0000c010: 0000be88 w/o                   unimp  0xbe88
  0000c014: 00000c04 <>                    unimp  0xc04
  0000c018: 00000520 and                   unimp  0x520
  0000c01c: 00000194 ?branch               unimp  0x194
  0000c020: 0000000c                       unimp  0xc
  0000c024: 00000d84 dup                   unimp  0xd84
  0000c028: 0000c1ec set-line-delimiter    unimp  0xc1ec
  0000c02c: 00005f9c 0                     unimp  0x5f9c
  0000c030: 0000088c r>                    unimp  0x88c
  0000c034: 0000a4d0 file                  unimp  0xa4d0
  0000c038: 00001290 !                     unimp  0x1290
  0000c03c: 00000a20 unnest                unimp  0xa20

name=close-file flags=80
  0000c050: 7fffcffd                       call  0x44
  0000c054: 8c21a004                       sub  %g6, 4, %g6
  0000c058: 00000d5c ?dup                  unimp  0xd5c
  0000c05c: 00000aa8 0=                    unimp  0xaa8
  0000c060: 00000194 ?branch               unimp  0x194
  0000c064: 0000000c                       unimp  0xc
  0000c068: 00005f9c 0                     unimp  0x5f9c
  0000c06c: 00000a00 exit                  unimp  0xa00
  0000c070: 00000d84 dup                   unimp  0xd84
  0000c074: 000000fc (lit)                 unimp  0xfc
  0000c078: ffffffff                       unknown
  0000c07c: 00000bd8 =                     unimp  0xbd8
  0000c080: 00000194 ?branch               unimp  0x194
  0000c084: 00000010 <?>                   unimp  0x10
  0000c088: 00000d3c drop                  unimp  0xd3c
  0000c08c: 00005f9c 0                     unimp  0x5f9c
  0000c090: 00000a00 exit                  unimp  0xa00
  0000c094: 00001c28 (')                   unimp  0x1c28
  0000c098: 0000b010 fclose                unimp  0xb010
  0000c09c: 00005ecc catch                 unimp  0x5ecc
  0000c0a0: 00000d5c ?dup                  unimp  0xd5c
  0000c0a4: 00000194 ?branch               unimp  0x194
  0000c0a8: 00000010 <?>                   unimp  0x10
  0000c0ac: 00000a64 nip                   unimp  0xa64
  0000c0b0: 00000174 branch                unimp  0x174
  0000c0b4: 00000008                       unimp  0x8
  0000c0b8: 00005f9c 0                     unimp  0x5f9c
  0000c0bc: 00000a20 unnest                unimp  0xa20

name=left-parse-string flags=80
  0000c0d8: 7fffcfdb                       call  0x44
  0000c0dc: 8c21a004                       sub  %g6, 4, %g6
  0000c0e0: 0000e468 split-string          unimp  0xe468
  0000c0e4: 00000d84 dup                   unimp  0xd84
  0000c0e8: 00000194 ?branch               unimp  0x194
  0000c0ec: 0000000c                       unimp  0xc
  0000c0f0: 00005fb0 1                     unimp  0x5fb0
  0000c0f4: 00005af0 /string               unimp  0x5af0
  0000c0f8: 00000eb8 2swap                 unimp  0xeb8
  0000c0fc: 00000a20 unnest                unimp  0xa20

name=remaining$ flags=80
  0000c110: 7fffcfcd                       call  0x44
  0000c114: 8c21a004                       sub  %g6, 4, %g6
  0000c118: 0000a58c bfcurrent             unimp  0xa58c
  0000c11c: 000010e0 @                     unimp  0x10e0
  0000c120: 0000a538 bftop                 unimp  0xa538
  0000c124: 000010e0 @                     unimp  0x10e0
  0000c128: 00000da4 over                  unimp  0xda4
  0000c12c: 00000648 -                     unimp  0x648
  0000c130: 00000a20 unnest                unimp  0xa20

name=$set-line-delimiter flags=80
  0000c14c: 7fffcfbe                       call  0x44
  0000c150: 8c21a004                       sub  %g6, 4, %g6
  0000c154: 00004850 carret                unimp  0x4850
  0000c158: 0000e468 split-string          unimp  0xe468
  0000c15c: 00000d84 dup                   unimp  0xd84
  0000c160: 00000194 ?branch               unimp  0x194
  0000c164: 0000005c                       unimp  0x5c
  0000c168: 00004850 carret                unimp  0x4850
  0000c16c: 0000a794 line-delimiter        unimp  0xa794
  0000c170: 00001424 c!                    unimp  0x1424
  0000c174: 00005fb0 1                     unimp  0x5fb0
  0000c178: 00000bac >                     unimp  0xbac
  0000c17c: 00000194 ?branch               unimp  0x194
  0000c180: 00000038 <NULLSUB>             unimp  0x38
  0000c184: 00000d84 dup                   unimp  0xd84
  0000c188: 00000f98 1+                    unimp  0xf98
  0000c18c: 0000117c c@                    unimp  0x117c
  0000c190: 00004838 linefeed              unimp  0x4838
  0000c194: 00000bd8 =                     unimp  0xbd8
  0000c198: 00000194 ?branch               unimp  0x194
  0000c19c: 0000001c                       unimp  0x1c
  0000c1a0: 00004850 carret                unimp  0x4850
  0000c1a4: 0000a7c8 pre-delimiter         unimp  0xa7c8
  0000c1a8: 00001424 c!                    unimp  0x1424
  0000c1ac: 00004838 linefeed              unimp  0x4838
  0000c1b0: 0000a794 line-delimiter        unimp  0xa794
  0000c1b4: 00001424 c!                    unimp  0x1424
  0000c1b8: 00000174 branch                unimp  0x174
  0000c1bc: 00000030                       unimp  0x30
  0000c1c0: 00000e40 2drop                 unimp  0xe40
  0000c1c4: 00004838 linefeed              unimp  0x4838
  0000c1c8: 0000e468 split-string          unimp  0xe468
  0000c1cc: 00000194 ?branch               unimp  0x194
  0000c1d0: 0000001c                       unimp  0x1c
  0000c1d4: 00005f9c 0                     unimp  0x5f9c
  0000c1d8: 0000a7c8 pre-delimiter         unimp  0xa7c8
  0000c1dc: 00001424 c!                    unimp  0x1424
  0000c1e0: 00004838 linefeed              unimp  0x4838
  0000c1e4: 0000a794 line-delimiter        unimp  0xa794
  0000c1e8: 00001424 c!                    unimp  0x1424
  0000c1ec: 00000eec 3drop                 unimp  0xeec
  0000c1f0: 00000a20 unnest                unimp  0xa20

name=set-line-delimiter flags=80
  0000c20c: 7fffcf8e                       call  0x44
  0000c210: 8c21a004                       sub  %g6, 4, %g6
  0000c214: 0000a4d0 file                  unimp  0xa4d0
  0000c218: 000010e0 @                     unimp  0x10e0
  0000c21c: 00000868 >r                    unimp  0x868
  0000c220: 0000a4d0 file                  unimp  0xa4d0
  0000c224: 00001290 !                     unimp  0x1290
  0000c228: 00005f9c 0                     unimp  0x5f9c
  0000c22c: 00005f9c 0                     unimp  0x5f9c
  0000c230: 0000ad44 fillbuf               unimp  0xad44
  0000c234: 0000c0f0 remaining$            unimp  0xc0f0
  0000c238: 0000c12c $set-line-delimiter   unimp  0xc12c
  0000c23c: 0000088c r>                    unimp  0x88c
  0000c240: 0000a4d0 file                  unimp  0xa4d0
  0000c244: 00001290 !                     unimp  0x1290
  0000c248: 00000a20 unnest                unimp  0xa20

name=-pre-delimiter flags=80
  0000c260: 7fffcf79                       call  0x44
  0000c264: 8c21a004                       sub  %g6, 4, %g6
  0000c268: 0000a7c8 pre-delimiter         unimp  0xa7c8
  0000c26c: 0000117c c@                    unimp  0x117c
  0000c270: 00000194 ?branch               unimp  0x194
  0000c274: 00000038 <NULLSUB>             unimp  0x38
  0000c278: 00000d84 dup                   unimp  0xd84
  0000c27c: 00000194 ?branch               unimp  0x194
  0000c280: 0000002c                       unimp  0x2c
  0000c284: 00000e64 2dup                  unimp  0xe64
  0000c288: 00000628 +                     unimp  0x628
  0000c28c: 00000fc8 1-                    unimp  0xfc8
  0000c290: 0000117c c@                    unimp  0x117c
  0000c294: 0000a7c8 pre-delimiter         unimp  0xa7c8
  0000c298: 0000117c c@                    unimp  0x117c
  0000c29c: 00000bd8 =                     unimp  0xbd8
  0000c2a0: 00000194 ?branch               unimp  0x194
  0000c2a4: 00000008                       unimp  0x8
  0000c2a8: 00000fc8 1-                    unimp  0xfc8
  0000c2ac: 00000a20 unnest                unimp  0xa20

name=parse-line-piece flags=80
  0000c2c8: 7fffcf5f                       call  0x44
  0000c2cc: 8c21a004                       sub  %g6, 4, %g6
  0000c2d0: 00000868 >r                    unimp  0x868
  0000c2d4: 000008f0 2>r                   unimp  0x8f0
  0000c2d8: 0000c0f0 remaining$            unimp  0xc0f0
  0000c2dc: 0000a794 line-delimiter        unimp  0xa794
  0000c2e0: 0000117c c@                    unimp  0x117c
  0000c2e4: 0000e468 split-string          unimp  0xe468
  0000c2e8: 00000eb8 2swap                 unimp  0xeb8
  0000c2ec: 0000c240 -pre-delimiter        unimp  0xc240
  0000c2f0: 00000d84 dup                   unimp  0xd84
  0000c2f4: 000008b0 r@                    unimp  0x8b0
  0000c2f8: 00000cb4 u>=                   unimp  0xcb4
  0000c2fc: 00000194 ?branch               unimp  0x194
  0000c300: 00000044                       unimp  0x44
  0000c304: 00000da4 over                  unimp  0xda4
  0000c308: 000008b0 r@                    unimp  0x8b0
  0000c30c: 00000628 +                     unimp  0x628
  0000c310: 0000a58c bfcurrent             unimp  0xa58c
  0000c314: 00001290 !                     unimp  0x1290
  0000c318: 00000d3c drop                  unimp  0xd3c
  0000c31c: 00000a64 nip                   unimp  0xa64
  0000c320: 00000a64 nip                   unimp  0xa64
  0000c324: 0000091c 2r>                   unimp  0x91c
  0000c328: 00000d84 dup                   unimp  0xd84
  0000c32c: 00000868 >r                    unimp  0x868
  0000c330: 0000319c move                  unimp  0x319c
  0000c334: 0000091c 2r>                   unimp  0x91c
  0000c338: 00000628 +                     unimp  0x628
  0000c33c: 0000606c false                 unimp  0x606c
  0000c340: 00000a00 exit                  unimp  0xa00
  0000c344: 00000a40 tuck                  unimp  0xa40
  0000c348: 0000091c 2r>                   unimp  0x91c
  0000c34c: 00000d3c drop                  unimp  0xd3c
  0000c350: 00000dc8 swap                  unimp  0xdc8
  0000c354: 0000319c move                  unimp  0x319c
  0000c358: 0000088c r>                    unimp  0x88c
  0000c35c: 00000628 +                     unimp  0x628
  0000c360: 00000e14 -rot                  unimp  0xe14
  0000c364: 00000a40 tuck                  unimp  0xa40
  0000c368: 00000194 ?branch               unimp  0x194
  0000c36c: 00000008                       unimp  0x8
  0000c370: 00000f98 1+                    unimp  0xf98
  0000c374: 0000a58c bfcurrent             unimp  0xa58c
  0000c378: 00001290 !                     unimp  0x1290
  0000c37c: 00000d84 dup                   unimp  0xd84
  0000c380: 00000194 ?branch               unimp  0x194
  0000c384: 00000010 <?>                   unimp  0x10
  0000c388: 00005fb0 1                     unimp  0x5fb0
  0000c38c: 0000a760 (file-line)           unimp  0xa760
  0000c390: 000010b4 +!                    unimp  0x10b4
  0000c394: 00000aa8 0=                    unimp  0xaa8
  0000c398: 00000a20 unnest                unimp  0xa20

name=read-line flags=80
  0000c3ac: 7fffcf26                       call  0x44
  0000c3b0: 8c21a004                       sub  %g6, 4, %g6
  0000c3b4: 0000a4d0 file                  unimp  0xa4d0
  0000c3b8: 000010e0 @                     unimp  0x10e0
  0000c3bc: 00000868 >r                    unimp  0x868
  0000c3c0: 0000a4d0 file                  unimp  0xa4d0
  0000c3c4: 00001290 !                     unimp  0x1290
  0000c3c8: 00005f9c 0                     unimp  0x5f9c
  0000c3cc: 00000868 >r                    unimp  0x868
  0000c3d0: 00000e64 2dup                  unimp  0xe64
  0000c3d4: 0000088c r>                    unimp  0x88c
  0000c3d8: 0000c2a8 parse-line-piece      unimp  0xc2a8
  0000c3dc: 00000194 ?branch               unimp  0x194
  0000c3e0: 00000098                       unimp  0x98
  0000c3e4: 0000a538 bftop                 unimp  0xa538
  0000c3e8: 000010e0 @                     unimp  0x10e0
  0000c3ec: 00001c28 (')                   unimp  0x1c28
  0000c3f0: 0000af3c shortseek             unimp  0xaf3c
  0000c3f4: 00005ecc catch                 unimp  0x5ecc
  0000c3f8: 00000d5c ?dup                  unimp  0xd5c
  0000c3fc: 00000194 ?branch               unimp  0x194
  0000c400: 00000028                       unimp  0x28
  0000c404: 00000d3c drop                  unimp  0xd3c
  0000c408: 00000eb8 2swap                 unimp  0xeb8
  0000c40c: 00000e40 2drop                 unimp  0xe40
  0000c410: 0000606c false                 unimp  0x606c
  0000c414: 00000dc8 swap                  unimp  0xdc8
  0000c418: 0000088c r>                    unimp  0x88c
  0000c41c: 0000a4d0 file                  unimp  0xa4d0
  0000c420: 00001290 !                     unimp  0x1290
  0000c424: 00000a00 exit                  unimp  0xa00
  0000c428: 0000c0f0 remaining$            unimp  0xc0f0
  0000c42c: 00000a64 nip                   unimp  0xa64
  0000c430: 00000aa8 0=                    unimp  0xaa8
  0000c434: 00000194 ?branch               unimp  0x194
  0000c438: 00000028                       unimp  0x28
  0000c43c: 00000a64 nip                   unimp  0xa64
  0000c440: 00000a64 nip                   unimp  0xa64
  0000c444: 00000d84 dup                   unimp  0xd84
  0000c448: 00000acc 0<>                   unimp  0xacc
  0000c44c: 00005f9c 0                     unimp  0x5f9c
  0000c450: 0000088c r>                    unimp  0x88c
  0000c454: 0000a4d0 file                  unimp  0xa4d0
  0000c458: 00001290 !                     unimp  0x1290
  0000c45c: 00000a00 exit                  unimp  0xa00
  0000c460: 00000d84 dup                   unimp  0xd84
  0000c464: 00000868 >r                    unimp  0x868
  0000c468: 00005af0 /string               unimp  0x5af0
  0000c46c: 0000088c r>                    unimp  0x88c
  0000c470: 00000174 branch                unimp  0x174
  0000c474: ffffff58                       unknown
  0000c478: 00000a64 nip                   unimp  0xa64
  0000c47c: 00000a64 nip                   unimp  0xa64
  0000c480: 00006054 true                  unimp  0x6054
  0000c484: 00005f9c 0                     unimp  0x5f9c
  0000c488: 0000088c r>                    unimp  0x88c
  0000c48c: 0000a4d0 file                  unimp  0xa4d0
  0000c490: 00001290 !                     unimp  0x1290
  0000c494: 00000a20 unnest                unimp  0xa20

name=reposition-file flags=80
  0000c4ac: 7fffcee6                       call  0x44
  0000c4b0: 8c21a004                       sub  %g6, 4, %g6
  0000c4b4: 00001c28 (')                   unimp  0x1c28
  0000c4b8: 0000b858 dfseek                unimp  0xb858
  0000c4bc: 00005ecc catch                 unimp  0x5ecc
  0000c4c0: 00000d84 dup                   unimp  0xd84
  0000c4c4: 00000194 ?branch               unimp  0x194
  0000c4c8: 00000010 <?>                   unimp  0x10
  0000c4cc: 00000a64 nip                   unimp  0xa64
  0000c4d0: 00000a64 nip                   unimp  0xa64
  0000c4d4: 00000a64 nip                   unimp  0xa64
  0000c4d8: 00000a20 unnest                unimp  0xa20

name=file-size flags=80
  0000c4ec: 7fffced6                       call  0x44
  0000c4f0: 8c21a004                       sub  %g6, 4, %g6
  0000c4f4: 00001c28 (')                   unimp  0x1c28
  0000c4f8: 0000bc94 dfsize                unimp  0xbc94
  0000c4fc: 00005ecc catch                 unimp  0x5ecc
  0000c500: 00000d84 dup                   unimp  0xd84
  0000c504: 00000194 ?branch               unimp  0x194
  0000c508: 00000010 <?>                   unimp  0x10
  0000c50c: 00005f9c 0                     unimp  0x5f9c
  0000c510: 00005f9c 0                     unimp  0x5f9c
  0000c514: 00000de8 rot                   unimp  0xde8
  0000c518: 00000a20 unnest                unimp  0xa20

name=read-file flags=80
  0000c52c: 7fffcec6                       call  0x44
  0000c530: 8c21a004                       sub  %g6, 4, %g6
  0000c534: 00001c28 (')                   unimp  0x1c28
  0000c538: 0000bbf0 fgets                 unimp  0xbbf0
  0000c53c: 00005ecc catch                 unimp  0x5ecc
  0000c540: 00000d84 dup                   unimp  0xd84
  0000c544: 00000194 ?branch               unimp  0x194
  0000c548: 00000014                       unimp  0x14
  0000c54c: 00000868 >r                    unimp  0x868
  0000c550: 00000eec 3drop                 unimp  0xeec
  0000c554: 00005f9c 0                     unimp  0x5f9c
  0000c558: 0000088c r>                    unimp  0x88c
  0000c55c: 00000a20 unnest                unimp  0xa20

name=write-file flags=80
  0000c570: 7fffceb5                       call  0x44
  0000c574: 8c21a004                       sub  %g6, 4, %g6
  0000c578: 00000da4 over                  unimp  0xda4
  0000c57c: 00000868 >r                    unimp  0x868
  0000c580: 00001c28 (')                   unimp  0x1c28
  0000c584: 0000bb70 fputs                 unimp  0xbb70
  0000c588: 00005ecc catch                 unimp  0x5ecc
  0000c58c: 00000d84 dup                   unimp  0xd84
  0000c590: 00000194 ?branch               unimp  0x194
  0000c594: 00000024 <INTERPRET>           unimp  0x24
  0000c598: 0000088c r>                    unimp  0x88c
  0000c59c: 00000d3c drop                  unimp  0xd3c
  0000c5a0: 00000868 >r                    unimp  0x868
  0000c5a4: 00000eec 3drop                 unimp  0xeec
  0000c5a8: 00005f9c 0                     unimp  0x5f9c
  0000c5ac: 0000088c r>                    unimp  0x88c
  0000c5b0: 00000174 branch                unimp  0x174
  0000c5b4: 0000000c                       unimp  0xc
  0000c5b8: 0000088c r>                    unimp  0x88c
  0000c5bc: 00000dc8 swap                  unimp  0xdc8
  0000c5c0: 00000a20 unnest                unimp  0xa20

name=flush-file flags=80
  0000c5d4: 7fffce9c                       call  0x44
  0000c5d8: 8c21a004                       sub  %g6, 4, %g6
  0000c5dc: 00001c28 (')                   unimp  0x1c28
  0000c5e0: 0000b81c fflush                unimp  0xb81c
  0000c5e4: 00005ecc catch                 unimp  0x5ecc
  0000c5e8: 00000d84 dup                   unimp  0xd84
  0000c5ec: 00000194 ?branch               unimp  0x194
  0000c5f0: 00000008                       unimp  0x8
  0000c5f4: 00000a64 nip                   unimp  0xa64
  0000c5f8: 00000a20 unnest                unimp  0xa20

name=write-line flags=80
  0000c60c: 7fffce8e                       call  0x44
  0000c610: 8c21a004                       sub  %g6, 4, %g6
  0000c614: 00000d84 dup                   unimp  0xd84
  0000c618: 00000868 >r                    unimp  0x868
  0000c61c: 00001c28 (')                   unimp  0x1c28
  0000c620: 0000bb70 fputs                 unimp  0xbb70
  0000c624: 00005ecc catch                 unimp  0x5ecc
  0000c628: 00000d5c ?dup                  unimp  0xd5c
  0000c62c: 00000194 ?branch               unimp  0x194
  0000c630: 0000001c                       unimp  0x1c
  0000c634: 00000a64 nip                   unimp  0xa64
  0000c638: 00000a64 nip                   unimp  0xa64
  0000c63c: 00000a64 nip                   unimp  0xa64
  0000c640: 0000088c r>                    unimp  0x88c
  0000c644: 00000d3c drop                  unimp  0xd3c
  0000c648: 00000a00 exit                  unimp  0xa00
  0000c64c: 0000a7c8 pre-delimiter         unimp  0xa7c8
  0000c650: 0000117c c@                    unimp  0x117c
  0000c654: 00000194 ?branch               unimp  0x194
  0000c658: 0000003c                       unimp  0x3c
  0000c65c: 0000a7c8 pre-delimiter         unimp  0xa7c8
  0000c660: 0000117c c@                    unimp  0x117c
  0000c664: 000008b0 r@                    unimp  0x8b0
  0000c668: 00001c28 (')                   unimp  0x1c28
  0000c66c: 0000ba30 fputc                 unimp  0xba30
  0000c670: 00005ecc catch                 unimp  0x5ecc
  0000c674: 00000d5c ?dup                  unimp  0xd5c
  0000c678: 00000194 ?branch               unimp  0x194
  0000c67c: 00000018                       unimp  0x18
  0000c680: 00000a64 nip                   unimp  0xa64
  0000c684: 00000a64 nip                   unimp  0xa64
  0000c688: 0000088c r>                    unimp  0x88c
  0000c68c: 00000d3c drop                  unimp  0xd3c
  0000c690: 00000a00 exit                  unimp  0xa00
  0000c694: 0000a794 line-delimiter        unimp  0xa794
  0000c698: 0000117c c@                    unimp  0x117c
  0000c69c: 0000088c r>                    unimp  0x88c
  0000c6a0: 00001c28 (')                   unimp  0x1c28
  0000c6a4: 0000ba30 fputc                 unimp  0xba30
  0000c6a8: 00005ecc catch                 unimp  0x5ecc
  0000c6ac: 00000d84 dup                   unimp  0xd84
  0000c6b0: 00000194 ?branch               unimp  0x194
  0000c6b4: 00000010 <?>                   unimp  0x10
  0000c6b8: 00000a64 nip                   unimp  0xa64
  0000c6bc: 00000a64 nip                   unimp  0xa64
  0000c6c0: 00000a00 exit                  unimp  0xa00
  0000c6c4: 00000a20 unnest                unimp  0xa20

name=cstrbuf flags=80
  0000c6d4: 7fffce71                       call  0x98
  0000c6d8: 8e21e004                       sub  %g7, 4, %g7
  0000c6dc: 00000250                       VALUE 0x250

name=init flags=80
  0000c6ec: 7fffce56                       call  0x44
  0000c6f0: 8c21a004                       sub  %g6, 4, %g6
  0000c6f4: 0000b0ec init                  unimp  0xb0ec
  0000c6f8: 000000fc (lit)                 unimp  0xfc
  0000c6fc: 00000066                       unimp  0x66
  0000c700: 00004614 alloc-mem             unimp  0x4614
  0000c704: 0000a3c0 (is)                  unimp  0xa3c0
  0000c708: 0000c6b4 cstrbuf               unimp  0xc6b4
  0000c70c: 00000a20 unnest                unimp  0xa20

name=$cstr flags=80
  0000c71c: 7fffce4a                       call  0x44
  0000c720: 8c21a004                       sub  %g6, 4, %g6
  0000c724: 00000e64 2dup                  unimp  0xe64
  0000c728: 00000628 +                     unimp  0x628
  0000c72c: 0000117c c@                    unimp  0x117c
  0000c730: 00000aa8 0=                    unimp  0xaa8
  0000c734: 00000194 ?branch               unimp  0x194
  0000c738: 0000000c                       unimp  0xc
  0000c73c: 00000d3c drop                  unimp  0xd3c
  0000c740: 00000a00 exit                  unimp  0xa00
  0000c744: 00000868 >r                    unimp  0x868
  0000c748: 0000c6b4 cstrbuf               unimp  0xc6b4
  0000c74c: 000008b0 r@                    unimp  0x8b0
  0000c750: 0000048c cmove                 unimp  0x48c
  0000c754: 00005f9c 0                     unimp  0x5f9c
  0000c758: 0000c6b4 cstrbuf               unimp  0xc6b4
  0000c75c: 0000088c r>                    unimp  0x88c
  0000c760: 00000628 +                     unimp  0x628
  0000c764: 00001424 c!                    unimp  0x1424
  0000c768: 0000c6b4 cstrbuf               unimp  0xc6b4
  0000c76c: 00000a20 unnest                unimp  0xa20

name=cstr flags=80
  0000c77c: 7fffce32                       call  0x44
  0000c780: 8c21a004                       sub  %g6, 4, %g6
  0000c784: 00001d00 count                 unimp  0x1d00
  0000c788: 0000c6fc $cstr                 unimp  0xc6fc
  0000c78c: 00000a20 unnest                unimp  0xa20

name=cstrlen flags=80
  0000c79c: 7fffce2a                       call  0x44
  0000c7a0: 8c21a004                       sub  %g6, 4, %g6
  0000c7a4: 00000d84 dup                   unimp  0xd84
  0000c7a8: 00000d84 dup                   unimp  0xd84
  0000c7ac: 0000117c c@                    unimp  0x117c
  0000c7b0: 00000194 ?branch               unimp  0x194
  0000c7b4: 00000010 <?>                   unimp  0x10
  0000c7b8: 00001908 ca1+                  unimp  0x1908
  0000c7bc: 00000174 branch                unimp  0x174
  0000c7c0: ffffffe8                       unknown
  0000c7c4: 00000dc8 swap                  unimp  0xdc8
  0000c7c8: 00000648 -                     unimp  0x648
  0000c7cc: 00000a20 unnest                unimp  0xa20

name=cscount flags=80
  0000c7dc: 7fffce1a                       call  0x44
  0000c7e0: 8c21a004                       sub  %g6, 4, %g6
  0000c7e4: 00000d84 dup                   unimp  0xd84
  0000c7e8: 0000c77c cstrlen               unimp  0xc77c
  0000c7ec: 00000a20 unnest                unimp  0xa20

name=setalias flags=80
  0000c800: 7fffce11                       call  0x44
  0000c804: 8c21a004                       sub  %g6, 4, %g6
  0000c808: 00000b38 0>                    unimp  0xb38
  0000c80c: 00000194 ?branch               unimp  0x194
  0000c810: 00000008                       unimp  0x8
  0000c814: 00009200 immediate             unimp  0x9200
  0000c818: 00009278 flagalias             unimp  0x9278
  0000c81c: 00006794 lastacf               unimp  0x6794
  0000c820: 00006880 here                  unimp  0x6880
  0000c824: 00000648 -                     unimp  0x648
  0000c828: 000068f8 allot                 unimp  0x68f8
  0000c82c: 000025d0 token,                unimp  0x25d0
  0000c830: 00000a20 unnest                unimp  0xa20

name=alias flags=80
  0000c840: 7fffce01                       call  0x44
  0000c844: 8c21a004                       sub  %g6, 4, %g6
  0000c848: 000081ac create                unimp  0x81ac
  0000c84c: 00008fac hide                  unimp  0x8fac
  0000c850: 00006c48 'i                    unimp  0x6c48
  0000c854: 00008fe4 reveal                unimp  0x8fe4
  0000c858: 0000c7e0 setalias              unimp  0xc7e0
  0000c85c: 00000a20 unnest                unimp  0xa20

name=allocate flags=80
  0000c870: 7fffcdf5                       call  0x44
  0000c874: 8c21a004                       sub  %g6, 4, %g6
  0000c878: 00004614 alloc-mem             unimp  0x4614
  0000c87c: 00000d84 dup                   unimp  0xd84
  0000c880: 00000aa8 0=                    unimp  0xaa8
  0000c884: 00000a20 unnest                unimp  0xa20

name=free flags=80
  0000c894: 7fffcdec                       call  0x44
  0000c898: 8c21a004                       sub  %g6, 4, %g6
  0000c89c: 00005f9c 0                     unimp  0x5f9c
  0000c8a0: 00004630 free-mem              unimp  0x4630
  0000c8a4: 00005f9c 0                     unimp  0x5f9c
  0000c8a8: 00000a20 unnest                unimp  0xa20

name=insane flags=80
  0000c8b8: 7fffcdf2                       call  0x80
  0000c8bc: 8e21e004                       sub  %g7, 4, %g7
  0000c8c0: 00000254                       USER 0x254

name=exit-interact? flags=80
  0000c8d8: 7fffcdf0                       call  0x98
  0000c8dc: 8e21e004                       sub  %g7, 4, %g7
  0000c8e0: 00000258                       VALUE 0x258

name=more-input? flags=80
  0000c8f4: 7fffcdd4                       call  0x44

name=[UNIX-MAIN]
  0000c8f8: 8c21a004                       sub  %g6, 4, %g6
  0000c8fc: 0000c898 insane                unimp  0xc898
  0000c900: 00001094 off                   unimp  0x1094
  0000c904: 00006054 true                  unimp  0x6054
  0000c908: 00000a20 unnest                unimp  0xa20

name=/tib flags=80
  0000c918: 7fffcde9                       call  0xbc
  0000c91c: 8e21e004                       sub  %g7, 4, %g7
  0000c920: 00000400 execute               CONSTANT 0x400

name=blk flags=80
  0000c92c: 7fffcdd5                       call  0x80
  0000c930: 8e21e004                       sub  %g7, 4, %g7
  0000c934: 0000025c                       USER 0x25c

name=?block-valid flags=80
  0000c94c: 7fffcdd9                       call  0xb0
  0000c950: e003e008                       ld  [ %o7 + 8 ], %l0
  0000c954: 00000260                       DEFER 0x260

name=>in flags=80
  0000c960: 7fffcdc8                       call  0x80
  0000c964: 8e21e004                       sub  %g7, 4, %g7
  0000c968: 00000264                       USER 0x264

name=#tib flags=80
  0000c978: 7fffcdc2                       call  0x80
  0000c97c: 8e21e004                       sub  %g7, 4, %g7
  0000c980: 00000268                       USER 0x268

name='source-id flags=80
  0000c994: 7fffcdbb                       call  0x80
  0000c998: 8e21e004                       sub  %g7, 4, %g7
  0000c99c: 0000026c                       USER 0x26c

name=source-id flags=80
  0000c9b0: 7fffcda5                       call  0x44
  0000c9b4: 8c21a004                       sub  %g6, 4, %g6
  0000c9b8: 0000c974 'source-id            unimp  0xc974
  0000c9bc: 000010e0 @                     unimp  0x10e0
  0000c9c0: 00000a20 unnest                unimp  0xa20

name='source flags=80
  0000c9d0: 7fffcdac                       call  0x80
  0000c9d4: 8e21e004                       sub  %g7, 4, %g7
  0000c9d8: 00000270                       USER 0x270

name=#source flags=80
  0000c9e8: 7fffcda6                       call  0x80
  0000c9ec: 8e21e004                       sub  %g7, 4, %g7
  0000c9f0: 00000274                       USER 0x274

name=source-adr flags=80
  0000ca04: 7fffcd90                       call  0x44
  0000ca08: 8c21a004                       sub  %g6, 4, %g6
  0000ca0c: 0000c9b0 'source               unimp  0xc9b0
  0000ca10: 000010e0 @                     unimp  0x10e0
  0000ca14: 00000a20 unnest                unimp  0xa20

name=source flags=80
  0000ca24: 7fffcd88                       call  0x44
  0000ca28: 8c21a004                       sub  %g6, 4, %g6
  0000ca2c: 0000c9e4 source-adr            unimp  0xc9e4
  0000ca30: 0000c9c8 #source               unimp  0xc9c8
  0000ca34: 000010e0 @                     unimp  0x10e0
  0000ca38: 00000a20 unnest                unimp  0xa20

name=set-source flags=80
  0000ca4c: 7fffcd7e                       call  0x44
  0000ca50: 8c21a004                       sub  %g6, 4, %g6
  0000ca54: 0000c9c8 #source               unimp  0xc9c8
  0000ca58: 00001290 !                     unimp  0x1290
  0000ca5c: 0000c9b0 'source               unimp  0xc9b0
  0000ca60: 00001290 !                     unimp  0x1290
  0000ca64: 00000a20 unnest                unimp  0xa20

name=save-input flags=80
  0000ca78: 7fffcd73                       call  0x44
  0000ca7c: 8c21a004                       sub  %g6, 4, %g6
  0000ca80: 0000ca04 source                unimp  0xca04
  0000ca84: 0000c990 source-id             unimp  0xc990
  0000ca88: 0000c940 >in                   unimp  0xc940
  0000ca8c: 000010e0 @                     unimp  0x10e0
  0000ca90: 0000c90c blk                   unimp  0xc90c
  0000ca94: 000010e0 @                     unimp  0x10e0
  0000ca98: 00006000 5                     unimp  0x6000
  0000ca9c: 00000a20 unnest                unimp  0xa20

name=restore-input flags=80
  0000cab4: 7fffcd64                       call  0x44
  0000cab8: 8c21a004                       sub  %g6, 4, %g6
  0000cabc: 00000d3c drop                  unimp  0xd3c
  0000cac0: 0000c90c blk                   unimp  0xc90c
  0000cac4: 00001290 !                     unimp  0x1290
  0000cac8: 0000c940 >in                   unimp  0xc940
  0000cacc: 00001290 !                     unimp  0x1290
  0000cad0: 0000c974 'source-id            unimp  0xc974
  0000cad4: 00001290 !                     unimp  0x1290
  0000cad8: 0000ca2c set-source            unimp  0xca2c
  0000cadc: 0000606c false                 unimp  0x606c
  0000cae0: 00000a20 unnest                unimp  0xa20

name=set-input flags=80
  0000caf4: 7fffcd54                       call  0x44
  0000caf8: 8c21a004                       sub  %g6, 4, %g6
  0000cafc: 00005f9c 0                     unimp  0x5f9c
  0000cb00: 00005f9c 0                     unimp  0x5f9c
  0000cb04: 00006000 5                     unimp  0x6000
  0000cb08: 0000ca94 restore-input         unimp  0xca94
  0000cb0c: 00000d3c drop                  unimp  0xd3c
  0000cb10: 00000a20 unnest                unimp  0xa20

name=parse-word flags=80
  0000cb24: 7fffcd48                       call  0x44
  0000cb28: 8c21a004                       sub  %g6, 4, %g6
  0000cb2c: 0000ca04 source                unimp  0xca04
  0000cb30: 0000c940 >in                   unimp  0xc940
  0000cb34: 000010e0 @                     unimp  0x10e0
  0000cb38: 00005af0 /string               unimp  0x5af0
  0000cb3c: 00000da4 over                  unimp  0xda4
  0000cb40: 00000868 >r                    unimp  0x868
  0000cb44: 00004320 skipwhite             unimp  0x4320
  0000cb48: 0000437c scantowhite           unimp  0x437c
  0000cb4c: 0000088c r>                    unimp  0x88c
  0000cb50: 00000648 -                     unimp  0x648
  0000cb54: 0000c940 >in                   unimp  0xc940
  0000cb58: 000010b4 +!                    unimp  0x10b4
  0000cb5c: 00000da4 over                  unimp  0xda4
  0000cb60: 00000648 -                     unimp  0x648
  0000cb64: 00000a20 unnest                unimp  0xa20

name=parse flags=80
  0000cb74: 7fffcd34                       call  0x44
  0000cb78: 8c21a004                       sub  %g6, 4, %g6
  0000cb7c: 0000ca04 source                unimp  0xca04
  0000cb80: 0000c940 >in                   unimp  0xc940
  0000cb84: 000010e0 @                     unimp  0x10e0
  0000cb88: 00005af0 /string               unimp  0x5af0
  0000cb8c: 00000da4 over                  unimp  0xda4
  0000cb90: 00000868 >r                    unimp  0x868
  0000cb94: 00000de8 rot                   unimp  0xde8
  0000cb98: 00004464 scantochar            unimp  0x4464
  0000cb9c: 0000088c r>                    unimp  0x88c
  0000cba0: 00000648 -                     unimp  0x648
  0000cba4: 0000c940 >in                   unimp  0xc940
  0000cba8: 000010b4 +!                    unimp  0x10b4
  0000cbac: 00000da4 over                  unimp  0xda4
  0000cbb0: 00000648 -                     unimp  0x648
  0000cbb4: 00000a20 unnest                unimp  0xa20

name=word flags=80
  0000cbc4: 7fffcd20                       call  0x44
  0000cbc8: 8c21a004                       sub  %g6, 4, %g6
  0000cbcc: 0000ca04 source                unimp  0xca04
  0000cbd0: 0000c940 >in                   unimp  0xc940
  0000cbd4: 000010e0 @                     unimp  0x10e0
  0000cbd8: 00005af0 /string               unimp  0x5af0
  0000cbdc: 00000da4 over                  unimp  0xda4
  0000cbe0: 00000868 >r                    unimp  0x868
  0000cbe4: 00000de8 rot                   unimp  0xde8
  0000cbe8: 00000868 >r                    unimp  0x868
  0000cbec: 000008b0 r@                    unimp  0x8b0
  0000cbf0: 000043f4 skipchar              unimp  0x43f4
  0000cbf4: 0000088c r>                    unimp  0x88c
  0000cbf8: 00004464 scantochar            unimp  0x4464
  0000cbfc: 0000088c r>                    unimp  0x88c
  0000cc00: 00000648 -                     unimp  0x648
  0000cc04: 0000c940 >in                   unimp  0xc940
  0000cc08: 000010b4 +!                    unimp  0x10b4
  0000cc0c: 00000da4 over                  unimp  0xda4
  0000cc10: 00000648 -                     unimp  0x648
  0000cc14: 00000d84 dup                   unimp  0xd84
  0000cc18: 000000fc (lit)                 unimp  0xfc
  0000cc1c: 000000ff                       unimp  0xff
  0000cc20: 00000bac >                     unimp  0xbac
  0000cc24: 0000670c (abort")              unimp  0x670c
  0000cc28: 16506172                       unknown
  0000cc2c: 73656420                       call  0xcd965cac
  0000cc30: 73747269                       call  0xcdd295d4
  0000cc34: 6e67206f                       call  0xb99d4df0
  0000cc38: 76657266                       call  0xd99695d0
  0000cc3c: 6c6f7700                       call  0xb1bea83c
  0000cc40: 0000a488 'word                 unimp  0xa488
  0000cc44: 00001bd8 pack                  unimp  0x1bd8
  0000cc48: 00000a20 unnest                unimp  0xa20

name=refill flags=80
  0000cc58: 7fffccfb                       call  0x44
  0000cc5c: 8c21a004                       sub  %g6, 4, %g6
  0000cc60: 0000c90c blk                   unimp  0xc90c
  0000cc64: 000010e0 @                     unimp  0x10e0
  0000cc68: 00000194 ?branch               unimp  0x194
  0000cc6c: 00000018                       unimp  0x18
  0000cc70: 00005fb0 1                     unimp  0x5fb0
  0000cc74: 0000c90c blk                   unimp  0xc90c
  0000cc78: 000010b4 +!                    unimp  0x10b4
  0000cc7c: 0000c92c ?block-valid          unimp  0xc92c
  0000cc80: 00000a00 exit                  unimp  0xa00
  0000cc84: 0000c990 source-id             unimp  0xc990
  0000cc88: 000000fc (lit)                 unimp  0xfc
  0000cc8c: ffffffff                       unknown
  0000cc90: 00000bd8 =                     unimp  0xbd8
  0000cc94: 00000194 ?branch               unimp  0x194
  0000cc98: 0000000c                       unimp  0xc
  0000cc9c: 0000606c false                 unimp  0x606c
  0000cca0: 00000a00 exit                  unimp  0xa00
  0000cca4: 0000c9e4 source-adr            unimp  0xc9e4
  0000cca8: 0000c990 source-id             unimp  0xc990
  0000ccac: 00000194 ?branch               unimp  0x194
  0000ccb0: 00000064                       unimp  0x64
  0000ccb4: 0000c8f8 /tib                  unimp  0xc8f8
  0000ccb8: 0000c990 source-id             unimp  0xc990
  0000ccbc: 0000c38c read-line             unimp  0xc38c
  0000ccc0: 0000670c (abort")              unimp  0x670c
  0000ccc4: 14526561                       unknown
  0000ccc8: 64206572                       call  0x90826290
  0000cccc: 726f7220                       call  0xc9be954c
  0000ccd0: 696e2072                       call  0xa5b94e98
  0000ccd4: 6566696c                       call  0x959a7284
  0000ccd8: 6c000000                       call  0xb000ccd8
  0000ccdc: 00000da4 over                  unimp  0xda4
  0000cce0: 0000c8f8 /tib                  unimp  0xc8f8
  0000cce4: 00000bd8 =                     unimp  0xbd8
  0000cce8: 0000670c (abort")              unimp  0x670c
  0000ccec: 1b6c696e                       unknown
  0000ccf0: 6520746f                       call  0x94829eac
  0000ccf4: 6f206c6f                       call  0xbc827eb0
  0000ccf8: 6e672069                       call  0xb99d4e9c
  0000ccfc: 6e20696e                       call  0xb88272b4
  0000cd00: 70757420                       call  0xc1d69d80
  0000cd04: 66696c65                       call  0x99a67e98
  0000cd08: 00000000 [ENTRY]               unimp  0
  0000cd0c: 00000174 branch                unimp  0x174
  0000cd10: 00000030                       unimp  0x30
  0000cd14: 0000c8f8 /tib                  unimp  0xc8f8
  0000cd18: 000045f8 accept                unimp  0x45f8
  0000cd1c: 0000c898 insane                unimp  0xc898
  0000cd20: 00001094 off                   unimp  0x1094
  0000cd24: 00000d84 dup                   unimp  0xd84
  0000cd28: 00000194 ?branch               unimp  0x194
  0000cd2c: 00000010 <?>                   unimp  0x10
  0000cd30: 00006054 true                  unimp  0x6054
  0000cd34: 00000174 branch                unimp  0x174
  0000cd38: 00000008                       unimp  0x8
  0000cd3c: 0000c8d4 more-input?           unimp  0xc8d4
  0000cd40: 00000dc8 swap                  unimp  0xdc8
  0000cd44: 0000c9c8 #source               unimp  0xc9c8
  0000cd48: 00001290 !                     unimp  0x1290
  0000cd4c: 00005f9c 0                     unimp  0x5f9c
  0000cd50: 0000c940 >in                   unimp  0xc940
  0000cd54: 00001290 !                     unimp  0x1290
  0000cd58: 00000a20 unnest                unimp  0xa20

name=(prompt) flags=80
  0000cd6c: 7fffccb6                       call  0x44
  0000cd70: 8c21a004                       sub  %g6, 4, %g6
  0000cd74: 000045e0 interactive?          unimp  0x45e0
  0000cd78: 00000194 ?branch               unimp  0x194
  0000cd7c: 00000060 <USER>                unimp  0x60
  0000cd80: 00007d1c ??cr                  unimp  0x7d1c
  0000cd84: 00007d5c status                unimp  0x7d5c
  0000cd88: 00006854 state                 unimp  0x6854
  0000cd8c: 000010e0 @                     unimp  0x10e0
  0000cd90: 00000194 ?branch               unimp  0x194
  0000cd94: 00000040                       unimp  0x40
  0000cd98: 00006ee8 level                 unimp  0x6ee8
  0000cd9c: 000010e0 @                     unimp  0x10e0
  0000cda0: 00000d5c ?dup                  unimp  0xd5c
  0000cda4: 00000194 ?branch               unimp  0x194
  0000cda8: 00000014                       unimp  0x14
  0000cdac: 00005fb0 1                     unimp  0x5fb0
  0000cdb0: 00004dc8 .r                    unimp  0x4dc8
  0000cdb4: 00000174 branch                unimp  0x174
  0000cdb8: 0000000c                       unimp  0xc
  0000cdbc: 000066c0 (.")                  unimp  0x66c0
  0000cdc0: 01200000                       sethi  %hi(0x80000000), %g0
  0000cdc4: 000066c0 (.")                  unimp  0x66c0
  0000cdc8: 025d2000                       unknown
  0000cdcc: 00000174 branch                unimp  0x174
  0000cdd0: 00000008                       unimp  0x8
  0000cdd4: 00007d90 (ok)                  unimp  0x7d90
  0000cdd8: 00007d78 mark-output           unimp  0x7d78
  0000cddc: 00000a20 unnest                unimp  0xa20

name=(interact) flags=80
  0000cdf0: 7fffcc95                       call  0x44
  0000cdf4: 8c21a004                       sub  %g6, 4, %g6
  0000cdf8: 00004a64 tib                   unimp  0x4a64
  0000cdfc: 0000c8f8 /tib                  unimp  0xc8f8
  0000ce00: 00005f9c 0                     unimp  0x5f9c
  0000ce04: 0000cad4 set-input             unimp  0xcad4
  0000ce08: 00007b80 [                     unimp  0x7b80
  0000ce0c: 000061c8 depth                 unimp  0x61c8
  0000ce10: 00000af0 0<                    unimp  0xaf0
  0000ce14: 00000194 ?branch               unimp  0x194
  0000ce18: 00000024 <INTERPRET>           unimp  0x24
  0000ce1c: 000066c0 (.")                  unimp  0x66c0
  0000ce20: 0f537461                       unknown
  0000ce24: 636b2055                       call  0x8dad4f78
  0000ce28: 6e646572                       call  0xb99263f0
  0000ce2c: 666c6f77                       call  0x99b28c08
  0000ce30: 00000000 [ENTRY]               unimp  0
  0000ce34: 000046c0 cr                    unimp  0x46c0
  0000ce38: 000061fc clear                 unimp  0x61fc
  0000ce3c: 000007c8 sp@                   unimp  0x7c8
  0000ce40: 00002d9c sp0                   unimp  0x2d9c
  0000ce44: 000010e0 @                     unimp  0x10e0
  0000ce48: 000062f4 ps-size               unimp  0x62f4
  0000ce4c: 00000648 -                     unimp  0x648
  0000ce50: 00000c88 u<                    unimp  0xc88
  0000ce54: 00000194 ?branch               unimp  0x194
  0000ce58: 00000020                       unimp  0x20
  0000ce5c: 000066c0 (.")                  unimp  0x66c0
  0000ce60: 0e537461                       unknown
  0000ce64: 636b204f                       call  0x8dad4fa0
  0000ce68: 76657266                       call  0xd9969800
  0000ce6c: 6c6f7700                       call  0xb1beaa6c
  0000ce70: 000046c0 cr                    unimp  0x46c0
  0000ce74: 000061fc clear                 unimp  0x61fc
  0000ce78: 00007dec do-prompt             unimp  0x7dec
  0000ce7c: 0000cc38 refill                unimp  0xcc38
  0000ce80: 00000194 ?branch               unimp  0x194
  0000ce84: 00000034                       unimp  0x34
  0000ce88: 00001c28 (')                   unimp  0x1c28
  0000ce8c: 00007cc4 interpret             unimp  0x7cc4
  0000ce90: 00005ecc catch                 unimp  0x5ecc
  0000ce94: 00007d1c ??cr                  unimp  0x7d1c
  0000ce98: 00000d5c ?dup                  unimp  0xd5c
  0000ce9c: 00000194 ?branch               unimp  0x194
  0000cea0: 0000000c                       unimp  0xc
  0000cea4: 00007b80 [                     unimp  0x7b80
  0000cea8: 0000b4c0 .error                unimp  0xb4c0
  0000ceac: 0000c8b8 exit-interact?        unimp  0xc8b8
  0000ceb0: 00000194 ?branch               unimp  0x194
  0000ceb4: ffffff58                       unknown
  0000ceb8: 0000606c false                 unimp  0x606c
  0000cebc: 0000a3c0 (is)                  unimp  0xa3c0
  0000cec0: 0000c8b8 exit-interact?        unimp  0xc8b8
  0000cec4: 00000a20 unnest                unimp  0xa20

name=interact flags=80
  0000ced8: 7fffcc5b                       call  0x44
  0000cedc: 8c21a004                       sub  %g6, 4, %g6
  0000cee0: 0000ca58 save-input            unimp  0xca58
  0000cee4: 000008f0 2>r                   unimp  0x8f0
  0000cee8: 000008f0 2>r                   unimp  0x8f0
  0000ceec: 000008f0 2>r                   unimp  0x8f0
  0000cef0: 0000cdd0 (interact)            unimp  0xcdd0
  0000cef4: 0000091c 2r>                   unimp  0x91c
  0000cef8: 0000091c 2r>                   unimp  0x91c
  0000cefc: 0000091c 2r>                   unimp  0x91c
  0000cf00: 0000ca94 restore-input         unimp  0xca94
  0000cf04: 00005f34 throw                 unimp  0x5f34
  0000cf08: 00000a20 unnest                unimp  0xa20

name=(quit) flags=80
  0000cf18: 7fffcc4b                       call  0x44
  0000cf1c: 8c21a004                       sub  %g6, 4, %g6
  0000cf20: 00005f9c 0                     unimp  0x5f9c
  0000cf24: 00006ee8 level                 unimp  0x6ee8
  0000cf28: 00001290 !                     unimp  0x1290
  0000cf2c: 00007bd8 ]                     unimp  0x7bd8
  0000cf30: 00002db0 rp0                   unimp  0x2db0
  0000cf34: 000010e0 @                     unimp  0x10e0
  0000cf38: 00000848 rp!                   unimp  0x848
  0000cf3c: 0000ceb8 interact              unimp  0xceb8
  0000cf40: 00004584 bye                   unimp  0x4584
  0000cf44: 00000a20 unnest                unimp  0xa20

name=interpret-lines flags=80
  0000cf5c: 7fffcc3a                       call  0x44
  0000cf60: 8c21a004                       sub  %g6, 4, %g6
  0000cf64: 0000cc38 refill                unimp  0xcc38
  0000cf68: 00000194 ?branch               unimp  0x194
  0000cf6c: 00000010 <?>                   unimp  0x10
  0000cf70: 00007cc4 interpret             unimp  0x7cc4
  0000cf74: 00000174 branch                unimp  0x174
  0000cf78: ffffffec                       unknown
  0000cf7c: 00000a20 unnest                unimp  0xa20

name=(evaluate) flags=80
  0000cf90: 7fffcc2d                       call  0x44
  0000cf94: 8c21a004                       sub  %g6, 4, %g6
  0000cf98: 00000d84 dup                   unimp  0xd84
  0000cf9c: 00000194 ?branch               unimp  0x194
  0000cfa0: 00000028                       unimp  0x28
  0000cfa4: 0000e7c0 parse-line            unimp  0xe7c0
  0000cfa8: 000008f0 2>r                   unimp  0x8f0
  0000cfac: 000000fc (lit)                 unimp  0xfc
  0000cfb0: ffffffff                       unknown
  0000cfb4: 0000cad4 set-input             unimp  0xcad4
  0000cfb8: 00007cc4 interpret             unimp  0x7cc4
  0000cfbc: 0000091c 2r>                   unimp  0x91c
  0000cfc0: 00000174 branch                unimp  0x174
  0000cfc4: ffffffd4                       unknown
  0000cfc8: 00000e40 2drop                 unimp  0xe40
  0000cfcc: 00000a20 unnest                unimp  0xa20

name=evaluate flags=80
  0000cfe0: 7fffcc19                       call  0x44
  0000cfe4: 8c21a004                       sub  %g6, 4, %g6
  0000cfe8: 0000ca58 save-input            unimp  0xca58
  0000cfec: 000008f0 2>r                   unimp  0x8f0
  0000cff0: 000008f0 2>r                   unimp  0x8f0
  0000cff4: 000008f0 2>r                   unimp  0x8f0
  0000cff8: 00001c28 (')                   unimp  0x1c28
  0000cffc: 0000cf70 (evaluate)            unimp  0xcf70
  0000d000: 00005ecc catch                 unimp  0x5ecc
  0000d004: 00000d84 dup                   unimp  0xd84
  0000d008: 00000194 ?branch               unimp  0x194
  0000d00c: 0000000c                       unimp  0xc
  0000d010: 00000a64 nip                   unimp  0xa64
  0000d014: 00000a64 nip                   unimp  0xa64
  0000d018: 0000091c 2r>                   unimp  0x91c
  0000d01c: 0000091c 2r>                   unimp  0x91c
  0000d020: 0000091c 2r>                   unimp  0x91c
  0000d024: 0000ca94 restore-input         unimp  0xca94
  0000d028: 00005f34 throw                 unimp  0x5f34
  0000d02c: 00005f34 throw                 unimp  0x5f34
  0000d030: 00000a20 unnest                unimp  0xa20

name=prompt flags=80
  0000d040: 7fffcc1c                       call  0xb0
  0000d044: e003e008                       ld  [ %o7 + 8 ], %l0
  0000d048: 00000278 (?do)                 DEFER 0x278

name=quit flags=80
  0000d058: 7fffcc16                       call  0xb0
  0000d05c: e003e008                       ld  [ %o7 + 8 ], %l0
  0000d060: 0000027c                       DEFER 0x27c

name=include-file flags=80
  0000d078: 7fffcbf3                       call  0x44
  0000d07c: 8c21a004                       sub  %g6, 4, %g6
  0000d080: 0000c8f8 /tib                  unimp  0xc8f8
  0000d084: 00005fec 4                     unimp  0x5fec
  0000d088: 00000628 +                     unimp  0x628
  0000d08c: 0000c850 allocate              unimp  0xc850
  0000d090: 00005f34 throw                 unimp  0x5f34
  0000d094: 0000ca58 save-input            unimp  0xca58
  0000d098: 000008f0 2>r                   unimp  0x8f0
  0000d09c: 000008f0 2>r                   unimp  0x8f0
  0000d0a0: 000008f0 2>r                   unimp  0x8f0
  0000d0a4: 0000c8f8 /tib                  unimp  0xc8f8
  0000d0a8: 00000de8 rot                   unimp  0xde8
  0000d0ac: 0000cad4 set-input             unimp  0xcad4
  0000d0b0: 00001c28 (')                   unimp  0x1c28
  0000d0b4: 0000cf3c interpret-lines       unimp  0xcf3c
  0000d0b8: 00005ecc catch                 unimp  0x5ecc
  0000d0bc: 0000c990 source-id             unimp  0xc990
  0000d0c0: 0000c030 close-file            unimp  0xc030
  0000d0c4: 00000d3c drop                  unimp  0xd3c
  0000d0c8: 0000c9e4 source-adr            unimp  0xc9e4
  0000d0cc: 0000c874 free                  unimp  0xc874
  0000d0d0: 00000d3c drop                  unimp  0xd3c
  0000d0d4: 0000091c 2r>                   unimp  0x91c
  0000d0d8: 0000091c 2r>                   unimp  0x91c
  0000d0dc: 0000091c 2r>                   unimp  0x91c
  0000d0e0: 0000ca94 restore-input         unimp  0xca94
  0000d0e4: 00005f34 throw                 unimp  0x5f34
  0000d0e8: 00005f34 throw                 unimp  0x5f34
  0000d0ec: 00000a20 unnest                unimp  0xa20

name=$open-error flags=80
  0000d100: 7fffcbec                       call  0xb0
  0000d104: e003e008                       ld  [ %o7 + 8 ], %l0
  0000d108: 00000280                       DEFER 0x280

name=include-hook flags=80
  0000d120: 7fffcbe4                       call  0xb0
  0000d124: e003e008                       ld  [ %o7 + 8 ], %l0
  0000d128: 00000284                       DEFER 0x284

name=include-exit-hook flags=80
  0000d144: 7fffcbdb                       call  0xb0
  0000d148: e003e008                       ld  [ %o7 + 8 ], %l0
  0000d14c: 00000288                       DEFER 0x288

name=include-buffer flags=80
  0000d164: 7fffcbb8                       call  0x44
  0000d168: 8c21a004                       sub  %g6, 4, %g6
  0000d16c: 0000b2d4 open-buffer           unimp  0xb2d4
  0000d170: 00000d5c ?dup                  unimp  0xd5c
  0000d174: 00000194 ?branch               unimp  0x194
  0000d178: 00000018                       unimp  0x18
  0000d17c: 00001c90 (")                   unimp  0x1c90
  0000d180: 083c6275                       unknown
  0000d184: 66666572                       call  0x999a674c
  0000d188: 3e000000                       unknown
  0000d18c: 0000d0e0 $open-error           unimp  0xd0e0
  0000d190: 0000d058 include-file          unimp  0xd058
  0000d194: 00000a20 unnest                unimp  0xa20

name=$abort-include flags=80
  0000d1ac: 7fffcba6                       call  0x44
  0000d1b0: 8c21a004                       sub  %g6, 4, %g6
  0000d1b4: 00000e40 2drop                 unimp  0xe40
  0000d1b8: 00005f34 throw                 unimp  0x5f34
  0000d1bc: 00000a20 unnest                unimp  0xa20

name=(included) flags=80
  0000d1d0: 7fffcb9d                       call  0x44
  0000d1d4: 8c21a004                       sub  %g6, 4, %g6
  0000d1d8: 0000be74 r/o                   unimp  0xbe74
  0000d1dc: 0000bf64 open-file             unimp  0xbf64
  0000d1e0: 00000d5c ?dup                  unimp  0xd5c
  0000d1e4: 00000194 ?branch               unimp  0x194
  0000d1e8: 00000010 <?>                   unimp  0x10
  0000d1ec: 0000beec opened-filename       unimp  0xbeec
  0000d1f0: 000015dc 2@                    unimp  0x15dc
  0000d1f4: 0000d0e0 $open-error           unimp  0xd0e0
  0000d1f8: 0000d058 include-file          unimp  0xd058
  0000d1fc: 00000a20 unnest                unimp  0xa20

name=included flags=80
  0000d210: 7fffcb8d                       call  0x44
  0000d214: 8c21a004                       sub  %g6, 4, %g6
  0000d218: 0000d100 include-hook          unimp  0xd100
  0000d21c: 00001c28 (')                   unimp  0x1c28
  0000d220: 0000d1b0 (included)            unimp  0xd1b0
  0000d224: 00005ecc catch                 unimp  0x5ecc
  0000d228: 0000d124 include-exit-hook     unimp  0xd124
  0000d22c: 00005f34 throw                 unimp  0x5f34
  0000d230: 00000a20 unnest                unimp  0xa20

name=including flags=80
  0000d244: 7fffcb80                       call  0x44
  0000d248: 8c21a004                       sub  %g6, 4, %g6
  0000d24c: 00006ce4 safe-parse-word       unimp  0x6ce4
  0000d250: 0000d1f0 included              unimp  0xd1f0
  0000d254: 00000a20 unnest                unimp  0xa20

name=fl flags=80
  0000d260: 7fffcb79                       call  0x44
  0000d264: 8c21a004                       sub  %g6, 4, %g6
  0000d268: 0000d224 including             unimp  0xd224
  0000d26c: 00000a20 unnest                unimp  0xa20

name=error-file flags=80
  0000d280: 7fffcb86                       call  0x98
  0000d284: 8e21e004                       sub  %g7, 4, %g7
  0000d288: 0000028c                       VALUE 0x28c

name=init flags=80
  0000d298: 7fffcb6b                       call  0x44
  0000d29c: 8c21a004                       sub  %g6, 4, %g6
  0000d2a0: 0000c6cc init                  unimp  0xc6cc
  0000d2a4: 000000fc (lit)                 unimp  0xfc
  0000d2a8: 00000080                       unimp  0x80
  0000d2ac: 00004614 alloc-mem             unimp  0x4614
  0000d2b0: 0000a3c0 (is)                  unimp  0xa3c0
  0000d2b4: 0000d260 error-file            unimp  0xd260
  0000d2b8: 00000a20 unnest                unimp  0xa20

name=error-line# flags=80
  0000d2cc: 7fffcb6d                       call  0x80
  0000d2d0: 8e21e004                       sub  %g7, 4, %g7
  0000d2d4: 00000290                       USER 0x290

name=error-source-id flags=80
  0000d2ec: 7fffcb65                       call  0x80
  0000d2f0: 8e21e004                       sub  %g7, 4, %g7
  0000d2f4: 00000294                       USER 0x294

name=error-source-adr flags=80
  0000d310: 7fffcb5c                       call  0x80
  0000d314: 8e21e004                       sub  %g7, 4, %g7
  0000d318: 00000298                       USER 0x298

name=error-#source flags=80
  0000d330: 7fffcb54                       call  0x80
  0000d334: 8e21e004                       sub  %g7, 4, %g7
  0000d338: 0000029c                       USER 0x29c

name=(mark-error) flags=80
  0000d350: 7fffcb3d                       call  0x44
  0000d354: 8c21a004                       sub  %g6, 4, %g6
  0000d358: 0000c990 source-id             unimp  0xc990
  0000d35c: 0000d2cc error-source-id       unimp  0xd2cc
  0000d360: 00001290 !                     unimp  0x1290
  0000d364: 0000c990 source-id             unimp  0xc990
  0000d368: 00000acc 0<>                   unimp  0xacc
  0000d36c: 00000194 ?branch               unimp  0x194
  0000d370: 00000058                       unimp  0x58
  0000d374: 0000c990 source-id             unimp  0xc990
  0000d378: 000000fc (lit)                 unimp  0xfc
  0000d37c: ffffffff                       unknown
  0000d380: 00000bd8 =                     unimp  0xbd8
  0000d384: 00000194 ?branch               unimp  0x194
  0000d388: 00000020                       unimp  0x20
  0000d38c: 0000ca04 source                unimp  0xca04
  0000d390: 0000d310 error-#source         unimp  0xd310
  0000d394: 00001290 !                     unimp  0x1290
  0000d398: 0000d2f0 error-source-adr      unimp  0xd2f0
  0000d39c: 00001290 !                     unimp  0x1290
  0000d3a0: 00000174 branch                unimp  0x174
  0000d3a4: 00000024 <INTERPRET>           unimp  0x24
  0000d3a8: 0000c990 source-id             unimp  0xc990
  0000d3ac: 0000a8a4 file-name             unimp  0xa8a4
  0000d3b0: 0000d260 error-file            unimp  0xd260
  0000d3b4: 00005998 place                 unimp  0x5998
  0000d3b8: 0000c990 source-id             unimp  0xc990
  0000d3bc: 0000a8e8 file-line             unimp  0xa8e8
  0000d3c0: 0000d2ac error-line#           unimp  0xd2ac
  0000d3c4: 00001290 !                     unimp  0x1290
  0000d3c8: 00000a20 unnest                unimp  0xa20

name=(show-error) flags=80
  0000d3e0: 7fffcb19                       call  0x44
  0000d3e4: 8c21a004                       sub  %g6, 4, %g6
  0000d3e8: 00007d1c ??cr                  unimp  0x7d1c
  0000d3ec: 0000d2cc error-source-id       unimp  0xd2cc
  0000d3f0: 000010e0 @                     unimp  0x10e0
  0000d3f4: 00000194 ?branch               unimp  0x194
  0000d3f8: 0000009c <CONSTANT>            unimp  0x9c
  0000d3fc: 0000d2cc error-source-id       unimp  0xd2cc
  0000d400: 000010e0 @                     unimp  0x10e0
  0000d404: 000000fc (lit)                 unimp  0xfc
  0000d408: ffffffff                       unknown
  0000d40c: 00000bd8 =                     unimp  0xbd8
  0000d410: 00000194 ?branch               unimp  0x194
  0000d414: 00000038 <NULLSUB>             unimp  0x38
  0000d418: 000066c0 (.")                  unimp  0x66c0
  0000d41c: 0c457661                       unknown
  0000d420: 6c756174                       call  0xb1d659f0
  0000d424: 696e673a                       call  0xa5ba710c
  0000d428: 20000000                       unknown
  0000d42c: 0000d2f0 error-source-adr      unimp  0xd2f0
  0000d430: 000010e0 @                     unimp  0x10e0
  0000d434: 0000d310 error-#source         unimp  0xd310
  0000d438: 000010e0 @                     unimp  0x10e0
  0000d43c: 000044fc type                  unimp  0x44fc
  0000d440: 000046c0 cr                    unimp  0x46c0
  0000d444: 00000174 branch                unimp  0x174
  0000d448: 0000004c <VARIABLE>            unimp  0x4c
  0000d44c: 0000d260 error-file            unimp  0xd260
  0000d450: 00001d00 count                 unimp  0x1d00
  0000d454: 000044fc type                  unimp  0x44fc
  0000d458: 000066c0 (.")                  unimp  0x66c0
  0000d45c: 013a0000                       sethi  %hi(0xe8000000), %g0
  0000d460: 00004adc base                  unimp  0x4adc
  0000d464: 000010e0 @                     unimp  0x10e0
  0000d468: 00000868 >r                    unimp  0x868
  0000d46c: 00006244 decimal               unimp  0x6244
  0000d470: 0000d2ac error-line#           unimp  0xd2ac
  0000d474: 000010e0 @                     unimp  0x10e0
  0000d478: 00004d78 (.)                   unimp  0x4d78
  0000d47c: 000044fc type                  unimp  0x44fc
  0000d480: 0000088c r>                    unimp  0x88c
  0000d484: 00004adc base                  unimp  0x4adc
  0000d488: 00001290 !                     unimp  0x1290
  0000d48c: 000066c0 (.")                  unimp  0x66c0
  0000d490: 023a2000                       unknown
  0000d494: 00000a20 unnest                unimp  0xa20

name=environment? flags=80
  0000d4ac: 7fffcb01                       call  0xb0
  0000d4b0: e003e008                       ld  [ %o7 + 8 ], %l0
  0000d4b4: 000002a0                       DEFER 0x2a0

name=null-environment? flags=80
  0000d4d0: 7fffcadd                       call  0x44
  0000d4d4: 8c21a004                       sub  %g6, 4, %g6
  0000d4d8: 00000e40 2drop                 unimp  0xe40
  0000d4dc: 0000606c false                 unimp  0x606c
  0000d4e0: 00000a20 unnest                unimp  0xa20

name=fload flags=80
  0000d4f0: 7fffcad5                       call  0x44
  0000d4f4: 8c21a004                       sub  %g6, 4, %g6
  0000d4f8: 0000d240 fl                    unimp  0xd240
  0000d4fc: 00000a20 unnest                unimp  0xa20

name=$report-name flags=80
  0000d514: 7fffcacc                       call  0x44
  0000d518: 8c21a004                       sub  %g6, 4, %g6
  0000d51c: 000066c0 (.")                  unimp  0x66c0
  0000d520: 084c6f61                       unknown
  0000d524: 64696e67                       call  0x91a68ec0
  0000d528: 20000000                       unknown
  0000d52c: 00000e64 2dup                  unimp  0xe64
  0000d530: 000044fc type                  unimp  0x44fc
  0000d534: 000046c0 cr                    unimp  0x46c0
  0000d538: 00000a20 unnest                unimp  0xa20

name=fexit flags=80
  0000d548: 7fffcabf                       call  0x44
  0000d54c: 8c21a004                       sub  %g6, 4, %g6
  0000d550: 0000c990 source-id             unimp  0xc990
  0000d554: 0000c030 close-file            unimp  0xc030
  0000d558: 00000d3c drop                  unimp  0xd3c
  0000d55c: 000000fc (lit)                 unimp  0xfc
  0000d560: ffffffff                       unknown
  0000d564: 0000c974 'source-id            unimp  0xc974
  0000d568: 00001290 !                     unimp  0x1290
  0000d56c: 00000a20 unnest                unimp  0xa20

name=id: flags=80
  0000d578: 7fffcab3                       call  0x44
  0000d57c: 8c21a004                       sub  %g6, 4, %g6
  0000d580: 00005958 \                     unimp  0x5958
  0000d584: 00000a20 unnest                unimp  0xa20

name=copyright: flags=80
  0000d598: 7fffcaab                       call  0x44
  0000d59c: 8c21a004                       sub  %g6, 4, %g6
  0000d5a0: 00005958 \                     unimp  0x5958
  0000d5a4: 00000a20 unnest                unimp  0xa20

name=purpose: flags=80
  0000d5b8: 7fffcaa3                       call  0x44
  0000d5bc: 8c21a004                       sub  %g6, 4, %g6
  0000d5c0: 00005958 \                     unimp  0x5958
  0000d5c4: 00000a20 unnest                unimp  0xa20

name=build-now flags=80
  0000d5d8: 7fffca9b                       call  0x44
  0000d5dc: 8c21a004                       sub  %g6, 4, %g6
  0000d5e0: 00000a20 unnest                unimp  0xa20

name=command: flags=80
  0000d5f4: 7fffca94                       call  0x44
  0000d5f8: 8c21a004                       sub  %g6, 4, %g6
  0000d5fc: 00005958 \                     unimp  0x5958
  0000d600: 00000a20 unnest                unimp  0xa20

name=in: flags=80
  0000d60c: 7fffca8e                       call  0x44
  0000d610: 8c21a004                       sub  %g6, 4, %g6
  0000d614: 00005958 \                     unimp  0x5958
  0000d618: 00000a20 unnest                unimp  0xa20

name=dictionary: flags=80
  0000d62c: 7fffca86                       call  0x44
  0000d630: 8c21a004                       sub  %g6, 4, %g6
  0000d634: 00005958 \                     unimp  0x5958
  0000d638: 00000a20 unnest                unimp  0xa20

name=fixme: flags=80
  0000d648: 7fffca7f                       call  0x44
  0000d64c: 8c21a004                       sub  %g6, 4, %g6
  0000d650: 000066c0 (.")                  unimp  0x66c0
  0000d654: 07464958                       unknown
  0000d658: 4d453a20                       call  0x3515bed8
  0000d65c: 00000000 [ENTRY]               unimp  0
  0000d660: 0000beec opened-filename       unimp  0xbeec
  0000d664: 000015dc 2@                    unimp  0x15dc
  0000d668: 000044fc type                  unimp  0x44fc
  0000d66c: 000066c0 (.")                  unimp  0x66c0
  0000d670: 023a2000                       unknown
  0000d674: 000000fc (lit)                 unimp  0xfc
  0000d678: ffffffff                       unknown
  0000d67c: 0000cb54 parse                 unimp  0xcb54
  0000d680: 000044fc type                  unimp  0x44fc
  0000d684: 000046c0 cr                    unimp  0x46c0
  0000d688: 00000a20 unnest                unimp  0xa20

name=>arg flags=80
  0000d698: 7fffca6b                       call  0x44
  0000d69c: 8c21a004                       sub  %g6, 4, %g6
  0000d6a0: 00000d84 dup                   unimp  0xd84
  0000d6a4: 0000e8a0 #args                 unimp  0xe8a0
  0000d6a8: 00000ce0 >=                    unimp  0xce0
  0000d6ac: 00000194 ?branch               unimp  0x194
  0000d6b0: 00000014                       unimp  0x14
  0000d6b4: 00000d3c drop                  unimp  0xd3c
  0000d6b8: 0000606c false                 unimp  0x606c
  0000d6bc: 00000174 branch                unimp  0x174
  0000d6c0: 0000001c                       unimp  0x1c
  0000d6c4: 0000e8b8 args                  unimp  0xe8b8
  0000d6c8: 00000dc8 swap                  unimp  0xdc8
  0000d6cc: 000018bc na+                   unimp  0x18bc
  0000d6d0: 000010e0 @                     unimp  0x10e0
  0000d6d4: 0000c7bc cscount               unimp  0xc7bc
  0000d6d8: 00006054 true                  unimp  0x6054
  0000d6dc: 00000a20 unnest                unimp  0xa20

name=arg# flags=80
  0000d6ec: 7fffca65                       call  0x80
  0000d6f0: 8e21e004                       sub  %g7, 4, %g7
  0000d6f4: 000002a4                       USER 0x2a4

name=next-arg flags=80
  0000d708: 7fffca4f                       call  0x44
  0000d70c: 8c21a004                       sub  %g6, 4, %g6
  0000d710: 0000d6cc arg#                  unimp  0xd6cc
  0000d714: 000010e0 @                     unimp  0x10e0
  0000d718: 0000d678 >arg                  unimp  0xd678
  0000d71c: 00000d84 dup                   unimp  0xd84
  0000d720: 00000194 ?branch               unimp  0x194
  0000d724: 00000010 <?>                   unimp  0x10
  0000d728: 00005fb0 1                     unimp  0x5fb0
  0000d72c: 0000d6cc arg#                  unimp  0xd6cc
  0000d730: 000010b4 +!                    unimp  0x10b4
  0000d734: 00000a20 unnest                unimp  0xa20

name=process-argument flags=80
  0000d750: 7fffca3d                       call  0x44
  0000d754: 8c21a004                       sub  %g6, 4, %g6
  0000d758: 00000e64 2dup                  unimp  0xe64
  0000d75c: 00001c90 (")                   unimp  0x1c90
  0000d760: 022d7300                       unknown
  0000d764: 00005dbc $=                    unimp  0x5dbc
  0000d768: 00000194 ?branch               unimp  0x194
  0000d76c: 00000040                       unimp  0x40
  0000d770: 00000e40 2drop                 unimp  0xe40
  0000d774: 0000d6e8 next-arg              unimp  0xd6e8
  0000d778: 00000aa8 0=                    unimp  0xaa8
  0000d77c: 0000670c (abort")              unimp  0x670c
  0000d780: 1b4d6973                       unknown
  0000d784: 73696e67                       call  0xcda69120
  0000d788: 20617267                       unknown
  0000d78c: 756d656e                       call  0xd5b66d44
  0000d790: 74206166                       call  0xd0825d28
  0000d794: 74657220                       call  0xd196a014
  0000d798: 272d7327                       sethi  %hi(0xb5cc9c00), %l3
  0000d79c: 00000000 [ENTRY]               unimp  0
  0000d7a0: 0000cfc0 evaluate              unimp  0xcfc0
  0000d7a4: 00000174 branch                unimp  0x174
  0000d7a8: 00000030                       unimp  0x30
  0000d7ac: 00000e64 2dup                  unimp  0xe64
  0000d7b0: 00001c90 (")                   unimp  0x1c90
  0000d7b4: 012d0000                       sethi  %hi(0xb4000000), %g0
  0000d7b8: 00005dbc $=                    unimp  0x5dbc
  0000d7bc: 00000194 ?branch               unimp  0x194
  0000d7c0: 00000014                       unimp  0x14
  0000d7c4: 00000e40 2drop                 unimp  0xe40
  0000d7c8: 0000ceb8 interact              unimp  0xceb8
  0000d7cc: 00000174 branch                unimp  0x174
  0000d7d0: 00000008                       unimp  0x8
  0000d7d4: 0000d1f0 included              unimp  0xd1f0
  0000d7d8: 00000a20 unnest                unimp  0xa20

name=process-command-line flags=80
  0000d7f8: 7fffca13                       call  0x44
  0000d7fc: 8c21a004                       sub  %g6, 4, %g6
  0000d800: 0000e8a0 #args                 unimp  0xe8a0
  0000d804: 00005fb0 1                     unimp  0x5fb0
  0000d808: 00000d0c <=                    unimp  0xd0c
  0000d80c: 00000194 ?branch               unimp  0x194
  0000d810: 00000008                       unimp  0x8
  0000d814: 00000a00 exit                  unimp  0xa00
  0000d818: 00005fb0 1                     unimp  0x5fb0
  0000d81c: 0000d6cc arg#                  unimp  0xd6cc
  0000d820: 00001290 !                     unimp  0x1290
  0000d824: 0000d6e8 next-arg              unimp  0xd6e8
  0000d828: 00000194 ?branch               unimp  0x194
  0000d82c: 0000002c                       unimp  0x2c
  0000d830: 00001c28 (')                   unimp  0x1c28
  0000d834: 0000d730 process-argument      unimp  0xd730
  0000d838: 00005ecc catch                 unimp  0x5ecc
  0000d83c: 00000d5c ?dup                  unimp  0xd5c
  0000d840: 00000194 ?branch               unimp  0x194
  0000d844: 0000000c                       unimp  0xc
  0000d848: 0000b4c0 .error                unimp  0xb4c0
  0000d84c: 000045a0 error-exit            unimp  0x45a0
  0000d850: 00000174 branch                unimp  0x174
  0000d854: ffffffd0                       unknown
  0000d858: 00004584 bye                   unimp  0x4584
  0000d85c: 00000a20 unnest                unimp  0xa20

name=time&date flags=80
  0000d870: 7fffca10                       call  0xb0
  0000d874: e003e008                       ld  [ %o7 + 8 ], %l0
  0000d878: 000002a8                       DEFER 0x2a8

name=now flags=80
  0000d884: 7fffc9f0                       call  0x44
  0000d888: 8c21a004                       sub  %g6, 4, %g6
  0000d88c: 0000d850 time&date             unimp  0xd850
  0000d890: 00000eec 3drop                 unimp  0xeec
  0000d894: 00000a20 unnest                unimp  0xa20

name=today flags=80
  0000d8a4: 7fffc9e8                       call  0x44
  0000d8a8: 8c21a004                       sub  %g6, 4, %g6
  0000d8ac: 0000d850 time&date             unimp  0xd850
  0000d8b0: 00000868 >r                    unimp  0x868
  0000d8b4: 00000868 >r                    unimp  0x868
  0000d8b8: 00000868 >r                    unimp  0x868
  0000d8bc: 00000eec 3drop                 unimp  0xeec
  0000d8c0: 0000088c r>                    unimp  0x88c
  0000d8c4: 0000088c r>                    unimp  0x88c
  0000d8c8: 0000088c r>                    unimp  0x88c
  0000d8cc: 00000a20 unnest                unimp  0xa20

name=_fclose flags=80
  0000d8dc: 7fffc9da                       call  0x44
  0000d8e0: 8c21a004                       sub  %g6, 4, %g6
  0000d8e4: 0000a4e8 bfbase                unimp  0xa4e8
  0000d8e8: 000010e0 @                     unimp  0x10e0
  0000d8ec: 0000a510 bflimit               unimp  0xa510
  0000d8f0: 000010e0 @                     unimp  0x10e0
  0000d8f4: 00000da4 over                  unimp  0xda4
  0000d8f8: 00000648 -                     unimp  0x648
  0000d8fc: 00004630 free-mem              unimp  0x4630
  0000d900: 000000fc (lit)                 unimp  0xfc
  0000d904: 00000010 <?>                   unimp  0x10
  0000d908: 0000e530 syscall               unimp  0xe530
  0000d90c: 00000d3c drop                  unimp  0xd3c
  0000d910: 00000a20 unnest                unimp  0xa20

name=_fwrite flags=80
  0000d920: 7fffc9c9                       call  0x44
  0000d924: 8c21a004                       sub  %g6, 4, %g6
  0000d928: 00000868 >r                    unimp  0x868
  0000d92c: 00000dc8 swap                  unimp  0xdc8
  0000d930: 0000088c r>                    unimp  0x88c
  0000d934: 000000fc (lit)                 unimp  0xfc
  0000d938: 00000018                       unimp  0x18
  0000d93c: 0000e530 syscall               unimp  0xe530
  0000d940: 00000eec 3drop                 unimp  0xeec
  0000d944: 0000e620 retval                unimp  0xe620
  0000d948: 0000e67c error?                unimp  0xe67c
  0000d94c: 00000194 ?branch               unimp  0x194
  0000d950: 0000000c                       unimp  0xc
  0000d954: 00000d3c drop                  unimp  0xd3c
  0000d958: 00005f9c 0                     unimp  0x5f9c
  0000d95c: 00000a20 unnest                unimp  0xa20

name=_fread flags=80
  0000d96c: 7fffc9b6                       call  0x44
  0000d970: 8c21a004                       sub  %g6, 4, %g6
  0000d974: 00000868 >r                    unimp  0x868
  0000d978: 00000dc8 swap                  unimp  0xdc8
  0000d97c: 0000088c r>                    unimp  0x88c
  0000d980: 000000fc (lit)                 unimp  0xfc
  0000d984: 00000014                       unimp  0x14
  0000d988: 0000e530 syscall               unimp  0xe530
  0000d98c: 00000eec 3drop                 unimp  0xeec
  0000d990: 0000e620 retval                unimp  0xe620
  0000d994: 0000e67c error?                unimp  0xe67c
  0000d998: 0000670c (abort")              unimp  0x670c
  0000d99c: 0d5f6672                       unknown
  0000d9a0: 65616420                       call  0x95866a20
  0000d9a4: 6661696c                       call  0x99867f54
  0000d9a8: 65640000                       call  0x9590d9a8
  0000d9ac: 00000a20 unnest                unimp  0xa20

name=_lseek flags=80
  0000d9bc: 7fffc9a2                       call  0x44
  0000d9c0: 8c21a004                       sub  %g6, 4, %g6
  0000d9c4: 000000fc (lit)                 unimp  0xfc
  0000d9c8: 00000028                       unimp  0x28
  0000d9cc: 0000e530 syscall               unimp  0xe530
  0000d9d0: 00000d3c drop                  unimp  0xd3c
  0000d9d4: 00007efc ldrop                 unimp  0x7efc
  0000d9d8: 00000d3c drop                  unimp  0xd3c
  0000d9dc: 0000e620 retval                unimp  0xe620
  0000d9e0: 0000e67c error?                unimp  0xe67c
  0000d9e4: 00000a20 unnest                unimp  0xa20

name=_fseek flags=80
  0000d9f4: 7fffc994                       call  0x44
  0000d9f8: 8c21a004                       sub  %g6, 4, %g6
  0000d9fc: 00005f9c 0                     unimp  0x5f9c
  0000da00: 00000e14 -rot                  unimp  0xe14
  0000da04: 0000d99c _lseek                unimp  0xd99c
  0000da08: 0000670c (abort")              unimp  0x670c
  0000da0c: 0d5f6673                       unknown
  0000da10: 65656b20                       call  0x95968690
  0000da14: 6661696c                       call  0x99867fc4
  0000da18: 65640000                       call  0x9590da18
  0000da1c: 00000d3c drop                  unimp  0xd3c
  0000da20: 00000a20 unnest                unimp  0xa20

name=_dfseek flags=80
  0000da30: 7fffc985                       call  0x44
  0000da34: 8c21a004                       sub  %g6, 4, %g6
  0000da38: 00000dc8 swap                  unimp  0xdc8
  0000da3c: 0000670c (abort")              unimp  0x670c
  0000da40: 1a5f6466                       unknown
  0000da44: 7365656b                       call  0xcd966ff0
  0000da48: 20617267                       unknown
  0000da4c: 756d656e                       call  0xd5b67004
  0000da50: 7420746f                       call  0xd082ac0c
  0000da54: 6f206c61                       call  0xbc828bd8
  0000da58: 72676500                       call  0xc99e6e58
  0000da5c: 0000d9d4 _fseek                unimp  0xd9d4
  0000da60: 00000a20 unnest                unimp  0xa20

name=_ftell flags=80
  0000da70: 7fffc975                       call  0x44
  0000da74: 8c21a004                       sub  %g6, 4, %g6
  0000da78: 00005fb0 1                     unimp  0x5fb0
  0000da7c: 00005f9c 0                     unimp  0x5f9c
  0000da80: 00000de8 rot                   unimp  0xde8
  0000da84: 0000d99c _lseek                unimp  0xd99c
  0000da88: 0000670c (abort")              unimp  0x670c
  0000da8c: 0d5f6674                       unknown
  0000da90: 656c6c20                       call  0x95b28b10
  0000da94: 6661696c                       call  0x99868044
  0000da98: 65640000                       call  0x9590da98
  0000da9c: 00000a20 unnest                unimp  0xa20

name=_dftell flags=80
  0000daac: 7fffc966                       call  0x44
  0000dab0: 8c21a004                       sub  %g6, 4, %g6
  0000dab4: 0000da50 _ftell                unimp  0xda50
  0000dab8: 00005f9c 0                     unimp  0x5f9c
  0000dabc: 00000a20 unnest                unimp  0xa20

name=_fsize flags=80
  0000dacc: 7fffc95e                       call  0x44
  0000dad0: 8c21a004                       sub  %g6, 4, %g6
  0000dad4: 00000868 >r                    unimp  0x868
  0000dad8: 000008b0 r@                    unimp  0x8b0
  0000dadc: 0000da50 _ftell                unimp  0xda50
  0000dae0: 00005fc4 2                     unimp  0x5fc4
  0000dae4: 00005f9c 0                     unimp  0x5f9c
  0000dae8: 000008b0 r@                    unimp  0x8b0
  0000daec: 0000d99c _lseek                unimp  0xd99c
  0000daf0: 0000670c (abort")              unimp  0x670c
  0000daf4: 0d5f6673                       unknown
  0000daf8: 697a6520                       call  0xa5ea6f78
  0000dafc: 6661696c                       call  0x998680ac
  0000db00: 65640000                       call  0x9590db00
  0000db04: 00007f34 lswap                 unimp  0x7f34
  0000db08: 0000088c r>                    unimp  0x88c
  0000db0c: 0000d9d4 _fseek                unimp  0xd9d4
  0000db10: 00000a20 unnest                unimp  0xa20

name=_dfsize flags=80
  0000db20: 7fffc949                       call  0x44
  0000db24: 8c21a004                       sub  %g6, 4, %g6
  0000db28: 0000daac _fsize                unimp  0xdaac
  0000db2c: 00005f9c 0                     unimp  0x5f9c
  0000db30: 00000a20 unnest                unimp  0xa20

name=file-protection flags=80
  0000db48: 7fffc94e                       call  0x80
  0000db4c: 8e21e004                       sub  %g7, 4, %g7
  0000db50: 000002ac i                     USER 0x2ac

name=sys_fopen flags=80
  0000db64: 7fffc938                       call  0x44
  0000db68: 8c21a004                       sub  %g6, 4, %g6
  0000db6c: 000000fc (lit)                 unimp  0xfc
  0000db70: 0000000b                       unimp  0xb
  0000db74: 00000520 and                   unimp  0x520
  0000db78: 00000868 >r                    unimp  0x868
  0000db7c: 000008b0 r@                    unimp  0x8b0
  0000db80: 00000dc8 swap                  unimp  0xdc8
  0000db84: 0000c75c cstr                  unimp  0xc75c
  0000db88: 0000db28 file-protection       unimp  0xdb28
  0000db8c: 000010e0 @                     unimp  0x10e0
  0000db90: 00000e14 -rot                  unimp  0xe14
  0000db94: 00000da4 over                  unimp  0xda4
  0000db98: 0000603c 8                     unimp  0x603c
  0000db9c: 00000520 and                   unimp  0x520
  0000dba0: 00000194 ?branch               unimp  0x194
  0000dba4: 00000024 <INTERPRET>           unimp  0x24
  0000dba8: 00000a64 nip                   unimp  0xa64
  0000dbac: 000000fc (lit)                 unimp  0xfc
  0000dbb0: 0000000c                       unimp  0xc
  0000dbb4: 0000e530 syscall               unimp  0xe530
  0000dbb8: 00000e40 2drop                 unimp  0xe40
  0000dbbc: 0000e620 retval                unimp  0xe620
  0000dbc0: 00000174 branch                unimp  0x174
  0000dbc4: 00000014                       unimp  0x14
  0000dbc8: 0000603c 8                     unimp  0x603c
  0000dbcc: 0000e530 syscall               unimp  0xe530
  0000dbd0: 00000eec 3drop                 unimp  0xeec
  0000dbd4: 0000e620 retval                unimp  0xe620
  0000dbd8: 0000e67c error?                unimp  0xe67c
  0000dbdc: 00000194 ?branch               unimp  0x194
  0000dbe0: 00000018                       unimp  0x18
  0000dbe4: 0000088c r>                    unimp  0x88c
  0000dbe8: 00000d3c drop                  unimp  0xd3c
  0000dbec: 00000d3c drop                  unimp  0xd3c
  0000dbf0: 0000606c false                 unimp  0x606c
  0000dbf4: 00000a00 exit                  unimp  0xa00
  0000dbf8: 000008b0 r@                    unimp  0x8b0
  0000dbfc: 00001c28 (')                   unimp  0x1c28
  0000dc00: 0000db00 _dfsize               unimp  0xdb00
  0000dc04: 00001c28 (')                   unimp  0x1c28
  0000dc08: 0000e6f0 _dfalign              unimp  0xe6f0
  0000dc0c: 00001c28 (')                   unimp  0x1c28
  0000dc10: 0000d8bc _fclose               unimp  0xd8bc
  0000dc14: 00001c28 (')                   unimp  0x1c28
  0000dc18: 0000da10 _dfseek               unimp  0xda10
  0000dc1c: 000008b0 r@                    unimp  0x8b0
  0000dc20: 0000a9b4 read                  unimp  0xa9b4
  0000dc24: 00000bd8 =                     unimp  0xbd8
  0000dc28: 00000194 ?branch               unimp  0x194
  0000dc2c: 00000014                       unimp  0x14
  0000dc30: 00001c28 (')                   unimp  0x1c28
  0000dc34: 0000aa1c nullwrite             unimp  0xaa1c
  0000dc38: 00000174 branch                unimp  0x174
  0000dc3c: 0000000c                       unimp  0xc
  0000dc40: 00001c28 (')                   unimp  0x1c28
  0000dc44: 0000d900 _fwrite               unimp  0xd900
  0000dc48: 0000088c r>                    unimp  0x88c
  0000dc4c: 0000a9cc write                 unimp  0xa9cc
  0000dc50: 00000bd8 =                     unimp  0xbd8
  0000dc54: 00000194 ?branch               unimp  0x194
  0000dc58: 00000014                       unimp  0x14
  0000dc5c: 00001c28 (')                   unimp  0x1c28
  0000dc60: 0000aa84 nullread              unimp  0xaa84
  0000dc64: 00000174 branch                unimp  0x174
  0000dc68: 0000000c                       unimp  0xc
  0000dc6c: 00001c28 (')                   unimp  0x1c28
  0000dc70: 0000d94c _fread                unimp  0xd94c
  0000dc74: 00006054 true                  unimp  0x6054
  0000dc78: 00000a20 unnest                unimp  0xa20

name=delete-file flags=80
  0000dc8c: 7fffc8ee                       call  0x44
  0000dc90: 8c21a004                       sub  %g6, 4, %g6
  0000dc94: 0000c6fc $cstr                 unimp  0xc6fc
  0000dc98: 000000fc (lit)                 unimp  0xfc
  0000dc9c: 0000002c                       unimp  0x2c
  0000dca0: 0000e530 syscall               unimp  0xe530
  0000dca4: 00000d3c drop                  unimp  0xd3c
  0000dca8: 0000e620 retval                unimp  0xe620
  0000dcac: 00000a20 unnest                unimp  0xa20

name=sys_newline flags=80
  0000dcc0: 7fffc8e1                       call  0x44
  0000dcc4: 8c21a004                       sub  %g6, 4, %g6
  0000dcc8: 000000fc (lit)                 unimp  0xfc
  0000dccc: 00000070                       unimp  0x70
  0000dcd0: 0000e530 syscall               unimp  0xe530
  0000dcd4: 0000e620 retval                unimp  0xe620
  0000dcd8: 00000a20 unnest                unimp  0xa20

name=install-disk-io flags=80
  0000dcf0: 7fffc8d5                       call  0x44
  0000dcf4: 8c21a004                       sub  %g6, 4, %g6
  0000dcf8: 00001c28 (')                   unimp  0x1c28
  0000dcfc: 0000dca0 sys_newline           unimp  0xdca0
  0000dd00: 0000a3c0 (is)                  unimp  0xa3c0
  0000dd04: 000048ac newline-pstring       unimp  0x48ac
  0000dd08: 00001c28 (')                   unimp  0x1c28
  0000dd0c: 0000db44 sys_fopen             unimp  0xdb44
  0000dd10: 0000a3c0 (is)                  unimp  0xa3c0
  0000dd14: 0000bd30 do-fopen              unimp  0xbd30
  0000dd18: 00000a20 unnest                unimp  0xa20

name=lf-pstr flags=80
  0000dd28: 7fffc8cc                       call  0x58
  0000dd2c: 8e21e004                       sub  %g7, 4, %g7
  0000dd30: 010a0000                       sethi  %hi(0x28000000), %g0

name=cr-pstr flags=80
  0000dd40: 7fffc8c6                       call  0x58
  0000dd44: 8e21e004                       sub  %g7, 4, %g7

name=crlf-pstr flags=80
  0000dd58: 7fffc8c0                       call  0x58
  0000dd5c: 8e21e004                       sub  %g7, 4, %g7
  0000dd60: 020d0a00                       unknown

name=$sh flags=80
  0000dd6c: 7fffc8b6                       call  0x44
  0000dd70: 8c21a004                       sub  %g6, 4, %g6
  0000dd74: 0000c6fc $cstr                 unimp  0xc6fc
  0000dd78: 000000fc (lit)                 unimp  0xfc
  0000dd7c: 00000058                       unimp  0x58
  0000dd80: 0000e530 syscall               unimp  0xe530
  0000dd84: 00000d3c drop                  unimp  0xd3c
  0000dd88: 00000a20 unnest                unimp  0xa20

name=sys-emit flags=80
  0000dd9c: 7fffc8aa                       call  0x44
  0000dda0: 8c21a004                       sub  %g6, 4, %g6
  0000dda4: 00005fec 4                     unimp  0x5fec
  0000dda8: 0000e530 syscall               unimp  0xe530
  0000ddac: 00000d3c drop                  unimp  0xd3c
  0000ddb0: 00000a20 unnest                unimp  0xa20

name=sys-key flags=80
  0000ddc0: 7fffc8a1                       call  0x44
  0000ddc4: 8c21a004                       sub  %g6, 4, %g6
  0000ddc8: 00005f9c 0                     unimp  0x5f9c
  0000ddcc: 0000e530 syscall               unimp  0xe530
  0000ddd0: 0000e620 retval                unimp  0xe620
  0000ddd4: 00000a20 unnest                unimp  0xa20

name=sys-(key? flags=80
  0000dde8: 7fffc897                       call  0x44
  0000ddec: 8c21a004                       sub  %g6, 4, %g6
  0000ddf0: 000000fc (lit)                 unimp  0xfc
  0000ddf4: 00000020                       unimp  0x20
  0000ddf8: 0000e530 syscall               unimp  0xe530
  0000ddfc: 0000e620 retval                unimp  0xe620
  0000de00: 00000a20 unnest                unimp  0xa20

name=sys-cr flags=80
  0000de10: 7fffc88d                       call  0x44
  0000de14: 8c21a004                       sub  %g6, 4, %g6
  0000de18: 000000fc (lit)                 unimp  0xfc
  0000de1c: 0000006c                       unimp  0x6c
  0000de20: 0000e530 syscall               unimp  0xe530
  0000de24: 00004694 #out                  unimp  0x4694
  0000de28: 00001094 off                   unimp  0x1094
  0000de2c: 00005fb0 1                     unimp  0x5fb0
  0000de30: 000046ac #line                 unimp  0x46ac
  0000de34: 000010b4 +!                    unimp  0x10b4
  0000de38: 00000a20 unnest                unimp  0xa20

name=sys-interactive? flags=80
  0000de54: 7fffc87c                       call  0x44
  0000de58: 8c21a004                       sub  %g6, 4, %g6
  0000de5c: 000000fc (lit)                 unimp  0xfc
  0000de60: 00000030                       unimp  0x30
  0000de64: 0000e530 syscall               unimp  0xe530
  0000de68: 0000e620 retval                unimp  0xe620
  0000de6c: 00000aa8 0=                    unimp  0xaa8
  0000de70: 00000a20 unnest                unimp  0xa20

name=sys-accept flags=80
  0000de84: 7fffc870                       call  0x44
  0000de88: 8c21a004                       sub  %g6, 4, %g6
  0000de8c: 000000fc (lit)                 unimp  0xfc
  0000de90: 00000038 <NULLSUB>             unimp  0x38
  0000de94: 0000e530 syscall               unimp  0xe530
  0000de98: 00000e40 2drop                 unimp  0xe40
  0000de9c: 0000e620 retval                unimp  0xe620
  0000dea0: 00004694 #out                  unimp  0x4694
  0000dea4: 00001094 off                   unimp  0x1094
  0000dea8: 00005fb0 1                     unimp  0x5fb0
  0000deac: 000046ac #line                 unimp  0x46ac
  0000deb0: 000010b4 +!                    unimp  0x10b4
  0000deb4: 00000a20 unnest                unimp  0xa20

name=sys-type flags=80
  0000dec8: 7fffc85f                       call  0x44
  0000decc: 8c21a004                       sub  %g6, 4, %g6
  0000ded0: 000000fc (lit)                 unimp  0xfc
  0000ded4: 00000034                       unimp  0x34
  0000ded8: 0000e530 syscall               unimp  0xe530
  0000dedc: 00000e40 2drop                 unimp  0xe40
  0000dee0: 00000a20 unnest                unimp  0xa20

name=sys-bye flags=80
  0000def0: 7fffc855                       call  0x44
  0000def4: 8c21a004                       sub  %g6, 4, %g6
  0000def8: 00005f9c 0                     unimp  0x5f9c
  0000defc: 000000fc (lit)                 unimp  0xfc
  0000df00: 00000024 <INTERPRET>           unimp  0x24
  0000df04: 0000e530 syscall               unimp  0xe530
  0000df08: 00000a20 unnest                unimp  0xa20

name=sys-error-exit flags=80
  0000df20: 7fffc849                       call  0x44
  0000df24: 8c21a004                       sub  %g6, 4, %g6
  0000df28: 00005fb0 1                     unimp  0x5fb0
  0000df2c: 000000fc (lit)                 unimp  0xfc
  0000df30: 00000024 <INTERPRET>           unimp  0x24
  0000df34: 0000e530 syscall               unimp  0xe530
  0000df38: 00000a20 unnest                unimp  0xa20

name=sys-alloc-mem flags=80
  0000df50: 7fffc83d                       call  0x44
  0000df54: 8c21a004                       sub  %g6, 4, %g6
  0000df58: 000000fc (lit)                 unimp  0xfc
  0000df5c: 00000068                       unimp  0x68
  0000df60: 0000e530 syscall               unimp  0xe530
  0000df64: 00000d3c drop                  unimp  0xd3c
  0000df68: 0000e620 retval                unimp  0xe620
  0000df6c: 00000a20 unnest                unimp  0xa20

name=sys-free-mem flags=80
  0000df84: 7fffc830                       call  0x44
  0000df88: 8c21a004                       sub  %g6, 4, %g6
  0000df8c: 000000fc (lit)                 unimp  0xfc
  0000df90: 00000080                       unimp  0x80
  0000df94: 0000e530 syscall               unimp  0xe530
  0000df98: 00000e40 2drop                 unimp  0xe40
  0000df9c: 00000a20 unnest                unimp  0xa20

name=sys-resize flags=80
  0000dfb0: 7fffc825                       call  0x44
  0000dfb4: 8c21a004                       sub  %g6, 4, %g6
  0000dfb8: 000000fc (lit)                 unimp  0xfc
  0000dfbc: 000000b8                       unimp  0xb8
  0000dfc0: 0000e530 syscall               unimp  0xe530
  0000dfc4: 00000e40 2drop                 unimp  0xe40
  0000dfc8: 0000e620 retval                unimp  0xe620
  0000dfcc: 00000d84 dup                   unimp  0xd84
  0000dfd0: 00000aa8 0=                    unimp  0xaa8
  0000dfd4: 00000a20 unnest                unimp  0xa20

name=sys-sync-cache flags=80
  0000dfec: 7fffc816                       call  0x44
  0000dff0: 8c21a004                       sub  %g6, 4, %g6
  0000dff4: 00000dc8 swap                  unimp  0xdc8
  0000dff8: 000000fc (lit)                 unimp  0xfc
  0000dffc: 00000074                       unimp  0x74
  0000e000: 0000e530 syscall               unimp  0xe530
  0000e004: 00000e40 2drop                 unimp  0xe40
  0000e008: 00000a20 unnest                unimp  0xa20

name=sys-$getenv flags=80
  0000e01c: 7fffc80a                       call  0x44
  0000e020: 8c21a004                       sub  %g6, 4, %g6
  0000e024: 0000c6fc $cstr                 unimp  0xc6fc
  0000e028: 000000fc (lit)                 unimp  0xfc
  0000e02c: 00000054                       unimp  0x54
  0000e030: 0000e530 syscall               unimp  0xe530
  0000e034: 00000d3c drop                  unimp  0xd3c
  0000e038: 0000e620 retval                unimp  0xe620
  0000e03c: 00000d84 dup                   unimp  0xd84
  0000e040: 00000194 ?branch               unimp  0x194
  0000e044: 00000014                       unimp  0x14
  0000e048: 0000c7bc cscount               unimp  0xc7bc
  0000e04c: 0000606c false                 unimp  0x606c
  0000e050: 00000174 branch                unimp  0x174
  0000e054: 0000000c                       unimp  0xc
  0000e058: 00000d3c drop                  unimp  0xd3c
  0000e05c: 00006054 true                  unimp  0x6054
  0000e060: 00000a20 unnest                unimp  0xa20

name=l@+ flags=80
  0000e06c: 7fffc7f6                       call  0x44
  0000e070: 8c21a004                       sub  %g6, 4, %g6
  0000e074: 00000d84 dup                   unimp  0xd84
  0000e078: 0000111c l@                    unimp  0x111c
  0000e07c: 00000dc8 swap                  unimp  0xdc8
  0000e080: 0000195c la1+                  unimp  0x195c
  0000e084: 00000a20 unnest                unimp  0xa20

name=sys-time&date flags=80
  0000e09c: 7fffc7ea                       call  0x44
  0000e0a0: 8c21a004                       sub  %g6, 4, %g6
  0000e0a4: 000000fc (lit)                 unimp  0xfc
  0000e0a8: 00000040                       unimp  0x40
  0000e0ac: 0000e530 syscall               unimp  0xe530
  0000e0b0: 0000e620 retval                unimp  0xe620
  0000e0b4: 0000e04c l@+                   unimp  0xe04c
  0000e0b8: 0000e04c l@+                   unimp  0xe04c
  0000e0bc: 0000e04c l@+                   unimp  0xe04c
  0000e0c0: 0000e04c l@+                   unimp  0xe04c
  0000e0c4: 0000e04c l@+                   unimp  0xe04c
  0000e0c8: 0000e04c l@+                   unimp  0xe04c
  0000e0cc: 00000d3c drop                  unimp  0xd3c
  0000e0d0: 00000dc8 swap                  unimp  0xdc8
  0000e0d4: 00000f98 1+                    unimp  0xf98
  0000e0d8: 00000dc8 swap                  unimp  0xdc8
  0000e0dc: 000000fc (lit)                 unimp  0xfc
  0000e0e0: 0000076c                       unimp  0x76c
  0000e0e4: 00000628 +                     unimp  0x628
  0000e0e8: 00000a20 unnest                unimp  0xa20

name=install-wrapper-alloc flags=80
  0000e108: 7fffc7cf                       call  0x44
  0000e10c: 8c21a004                       sub  %g6, 4, %g6
  0000e110: 00001c28 (')                   unimp  0x1c28
  0000e114: 0000df30 sys-alloc-mem         unimp  0xdf30
  0000e118: 00001c28 (')                   unimp  0x1c28
  0000e11c: 00004614 alloc-mem             unimp  0x4614
  0000e120: 0000270c >body                 unimp  0x270c
  0000e124: 0000746c >user                 unimp  0x746c
  0000e128: 000025a4 token!                unimp  0x25a4
  0000e12c: 00001c28 (')                   unimp  0x1c28
  0000e130: 0000df64 sys-free-mem          unimp  0xdf64
  0000e134: 00001c28 (')                   unimp  0x1c28
  0000e138: 00004630 free-mem              unimp  0x4630
  0000e13c: 0000270c >body                 unimp  0x270c
  0000e140: 0000746c >user                 unimp  0x746c
  0000e144: 000025a4 token!                unimp  0x25a4
  0000e148: 00001c28 (')                   unimp  0x1c28
  0000e14c: 0000df90 sys-resize            unimp  0xdf90
  0000e150: 00001c28 (')                   unimp  0x1c28
  0000e154: 00004648 resize                unimp  0x4648
  0000e158: 0000270c >body                 unimp  0x270c
  0000e15c: 0000746c >user                 unimp  0x746c
  0000e160: 000025a4 token!                unimp  0x25a4
  0000e164: 00000a20 unnest                unimp  0xa20

name=install-wrapper-key flags=80
  0000e180: 7fffc7b1                       call  0x44
  0000e184: 8c21a004                       sub  %g6, 4, %g6
  0000e188: 00001c28 (')                   unimp  0x1c28
  0000e18c: 0000ddf0 sys-cr                unimp  0xddf0
  0000e190: 0000a3c0 (is)                  unimp  0xa3c0
  0000e194: 000046c0 cr                    unimp  0x46c0
  0000e198: 00001c28 (')                   unimp  0x1c28
  0000e19c: 0000dea8 sys-type              unimp  0xdea8
  0000e1a0: 0000a3c0 (is)                  unimp  0xa3c0
  0000e1a4: 000044e4 (type                 unimp  0x44e4
  0000e1a8: 00001c28 (')                   unimp  0x1c28
  0000e1ac: 0000dd7c sys-emit              unimp  0xdd7c
  0000e1b0: 0000a3c0 (is)                  unimp  0xa3c0
  0000e1b4: 00004514 (emit                 unimp  0x4514
  0000e1b8: 00001c28 (')                   unimp  0x1c28
  0000e1bc: 0000dda0 sys-key               unimp  0xdda0
  0000e1c0: 0000a3c0 (is)                  unimp  0xa3c0
  0000e1c4: 00004544 (key                  unimp  0x4544
  0000e1c8: 00001c28 (')                   unimp  0x1c28
  0000e1cc: 0000ddc8 sys-(key?             unimp  0xddc8
  0000e1d0: 0000a3c0 (is)                  unimp  0xa3c0
  0000e1d4: 00004570 key?                  unimp  0x4570
  0000e1d8: 00001c28 (')                   unimp  0x1c28
  0000e1dc: 0000ded0 sys-bye               unimp  0xded0
  0000e1e0: 0000a3c0 (is)                  unimp  0xa3c0
  0000e1e4: 00004584 bye                   unimp  0x4584
  0000e1e8: 00001c28 (')                   unimp  0x1c28
  0000e1ec: 0000df00 sys-error-exit        unimp  0xdf00
  0000e1f0: 0000a3c0 (is)                  unimp  0xa3c0
  0000e1f4: 000045a0 error-exit            unimp  0x45a0
  0000e1f8: 00001c28 (')                   unimp  0x1c28
  0000e1fc: 0000de64 sys-accept            unimp  0xde64
  0000e200: 0000a3c0 (is)                  unimp  0xa3c0
  0000e204: 000045f8 accept                unimp  0x45f8
  0000e208: 00001c28 (')                   unimp  0x1c28
  0000e20c: 0000de34 sys-interactive?      unimp  0xde34
  0000e210: 0000a3c0 (is)                  unimp  0xa3c0
  0000e214: 000045c0 (interactive?         unimp  0x45c0
  0000e218: 00001c28 (')                   unimp  0x1c28
  0000e21c: 00004544 (key                  unimp  0x4544
  0000e220: 0000a3c0 (is)                  unimp  0xa3c0
  0000e224: 00004558 key                   unimp  0x4558
  0000e228: 00001c28 (')                   unimp  0x1c28
  0000e22c: 0000dfcc sys-sync-cache        unimp  0xdfcc
  0000e230: 0000a3c0 (is)                  unimp  0xa3c0
  0000e234: 00004664 sync-cache            unimp  0x4664
  0000e238: 00000a20 unnest                unimp  0xa20

name=install-wrapper-env flags=80
  0000e254: 7fffc77c                       call  0x44
  0000e258: 8c21a004                       sub  %g6, 4, %g6
  0000e25c: 00001c28 (')                   unimp  0x1c28
  0000e260: 0000dffc sys-$getenv           unimp  0xdffc
  0000e264: 0000a3c0 (is)                  unimp  0xa3c0
  0000e268: 0000467c $getenv               unimp  0x467c
  0000e26c: 00001c28 (')                   unimp  0x1c28
  0000e270: 0000e07c sys-time&date         unimp  0xe07c
  0000e274: 0000a3c0 (is)                  unimp  0xa3c0
  0000e278: 0000d850 time&date             unimp  0xd850
  0000e27c: 00000a20 unnest                unimp  0xa20

name=install-wrapper-io flags=80
  0000e298: 7fffc76b                       call  0x44
  0000e29c: 8c21a004                       sub  %g6, 4, %g6
  0000e2a0: 0000e0e8 install-wrapper-alloc  unimp  0xe0e8
  0000e2a4: 0000e160 install-wrapper-key   unimp  0xe160
  0000e2a8: 0000e234 install-wrapper-env   unimp  0xe234
  0000e2ac: 00000a20 unnest                unimp  0xa20

name=next-free-mem flags=80
  0000e2c4: 7fffc76f                       call  0x80
  0000e2c8: 8e21e004                       sub  %g7, 4, %g7
  0000e2cc: 000002b0                       USER 0x2b0

name=dumb-init-malloc flags=80
  0000e2e8: 7fffc757                       call  0x44
  0000e2ec: 8c21a004                       sub  %g6, 4, %g6
  0000e2f0: 00002d9c sp0                   unimp  0x2d9c
  0000e2f4: 000010e0 @                     unimp  0x10e0
  0000e2f8: 000062f4 ps-size               unimp  0x62f4
  0000e2fc: 00000648 -                     unimp  0x648
  0000e300: 00002740 aligned               unimp  0x2740
  0000e304: 0000e2a4 next-free-mem         unimp  0xe2a4
  0000e308: 00001290 !                     unimp  0x1290
  0000e30c: 00000a20 unnest                unimp  0xa20

name=dumb-alloc-mem flags=80
  0000e324: 7fffc748                       call  0x44
  0000e328: 8c21a004                       sub  %g6, 4, %g6
  0000e32c: 00002740 aligned               unimp  0x2740
  0000e330: 0000e2a4 next-free-mem         unimp  0xe2a4
  0000e334: 000010e0 @                     unimp  0x10e0
  0000e338: 00000dc8 swap                  unimp  0xdc8
  0000e33c: 00000648 -                     unimp  0x648
  0000e340: 00000d84 dup                   unimp  0xd84
  0000e344: 0000e2a4 next-free-mem         unimp  0xe2a4
  0000e348: 00001290 !                     unimp  0x1290
  0000e34c: 00000a20 unnest                unimp  0xa20

name=dumb-free-mem flags=80
  0000e364: 7fffc738                       call  0x44
  0000e368: 8c21a004                       sub  %g6, 4, %g6
  0000e36c: 00000dc8 swap                  unimp  0xdc8
  0000e370: 0000e2a4 next-free-mem         unimp  0xe2a4
  0000e374: 000010e0 @                     unimp  0x10e0
  0000e378: 00000bd8 =                     unimp  0xbd8
  0000e37c: 00000194 ?branch               unimp  0x194
  0000e380: 00000018                       unimp  0x18
  0000e384: 00002740 aligned               unimp  0x2740
  0000e388: 0000e2a4 next-free-mem         unimp  0xe2a4
  0000e38c: 000010b4 +!                    unimp  0x10b4
  0000e390: 00000174 branch                unimp  0x174
  0000e394: 00000008                       unimp  0x8
  0000e398: 00000d3c drop                  unimp  0xd3c
  0000e39c: 00000a20 unnest                unimp  0xa20

name=install-dumb-alloc flags=80
  0000e3b8: 7fffc723                       call  0x44
  0000e3bc: 8c21a004                       sub  %g6, 4, %g6
  0000e3c0: 0000e2c8 dumb-init-malloc      unimp  0xe2c8
  0000e3c4: 00001c28 (')                   unimp  0x1c28
  0000e3c8: 0000e304 dumb-alloc-mem        unimp  0xe304
  0000e3cc: 00001c28 (')                   unimp  0x1c28
  0000e3d0: 00004614 alloc-mem             unimp  0x4614
  0000e3d4: 0000a340 (is                   unimp  0xa340
  0000e3d8: 00001c28 (')                   unimp  0x1c28
  0000e3dc: 0000e344 dumb-free-mem         unimp  0xe344
  0000e3e0: 00001c28 (')                   unimp  0x1c28
  0000e3e4: 00004630 free-mem              unimp  0x4630
  0000e3e8: 0000a340 (is                   unimp  0xa340
  0000e3ec: 00000a20 unnest                unimp  0xa20

name=ln+ flags=80
  0000e3f8: e001e000                       ld  [ %g7 ], %l0
  0000e3fc: 8e01e004                       add  %g7, 4, %g7
  0000e400: 88010010                       add  %g4, %l0, %g4
  0000e404: e0016000                       ld  [ %g5 ], %l0
  0000e408: 81c40002                       jmp  %l0 + %g2
  0000e40c: 8a016004                       add  %g5, 4, %g5

name=@c@++ flags=80
  0000e41c: e0012000                       ld  [ %g4 ], %l0
  0000e420: a2000004                       add  %g0, %g4, %l1
  0000e424: c80c2000                       ldub  [ %l0 ], %g4
  0000e428: a0042001                       inc  %l0
  0000e42c: e0200011                       st  %l0, [ %g0 + %l1 ]
  0000e430: e0016000                       ld  [ %g5 ], %l0
  0000e434: 81c40002                       jmp  %l0 + %g2
  0000e438: 8a016004                       add  %g5, 4, %g5

name=@c!++ flags=80
  0000e448: e0012000                       ld  [ %g4 ], %l0
  0000e44c: e201e000                       ld  [ %g7 ], %l1
  0000e450: 8e01e004                       add  %g7, 4, %g7
  0000e454: e22c2000                       stb  %l1, [ %l0 ]
  0000e458: a0042001                       inc  %l0
  0000e45c: e0200004                       st  %l0, [ %g0 + %g4 ]
  0000e460: c801e000                       ld  [ %g7 ], %g4
  0000e464: 8e01e004                       add  %g7, 4, %g7
  0000e468: e0016000                       ld  [ %g5 ], %l0
  0000e46c: 81c40002                       jmp  %l0 + %g2
  0000e470: 8a016004                       add  %g5, 4, %g5

name=split-string flags=80
  0000e488: e201e000                       ld  [ %g7 ], %l1
  0000e48c: e001e004                       ld  [ %g7 + 4 ], %l0
  0000e490: 8e21e004                       sub  %g7, 4, %g7
  0000e494: a0040011                       add  %l0, %l1, %l0
  0000e498: a6200011                       neg  %l1, %l3
  0000e49c: a624e001                       dec  %l3
  0000e4a0: 1080000d                       b  0xe4d4
  0000e4a4: a684e001                       inccc  %l3
  0000e4a8: 80a10012                       cmp  %g4, %l2
  0000e4ac: 3280000a                       bne,a   0xe4d4
  0000e4b0: a684e001                       inccc  %l3
  0000e4b4: a2044013                       add  %l1, %l3, %l1
  0000e4b8: e221e004                       st  %l1, [ %g7 + 4 ]
  0000e4bc: a0040013                       add  %l0, %l3, %l0
  0000e4c0: e021e000                       st  %l0, [ %g7 ]
  0000e4c4: 88200013                       neg  %l3, %g4
  0000e4c8: e0016000                       ld  [ %g5 ], %l0
  0000e4cc: 81c40002                       jmp  %l0 + %g2
  0000e4d0: 8a016004                       add  %g5, 4, %g5
  0000e4d4: 32bffff5                       bne,a   0xe4a8
  0000e4d8: e40c0013                       ldub  [ %l0 + %l3 ], %l2
  0000e4dc: e021e000                       st  %l0, [ %g7 ]
  0000e4e0: 88000000                       add  %g0, %g0, %g4
  0000e4e4: e0016000                       ld  [ %g5 ], %l0
  0000e4e8: 81c40002                       jmp  %l0 + %g2
  0000e4ec: 8a016004                       add  %g5, 4, %g5
  0000e4f0: c8200007                       st  %g4, [ %g0 + %g7 ]
  0000e4f4: e003e008                       ld  [ %o7 + 8 ], %l0
  0000e4f8: e200e214                       ld  [ %g3 + 0x214 ], %l1
  0000e4fc: 88044010                       add  %l1, %l0, %g4
  0000e500: e0016000                       ld  [ %g5 ], %l0
  0000e504: 81c40002                       jmp  %l0 + %g2
  0000e508: 8a016004                       add  %g5, 4, %g5

name=syscall-vec flags=80
  0000e51c: 7fffc6d9                       call  0x80
  0000e520: 8e21e004                       sub  %g7, 4, %g7
  0000e524: 000002b4                       USER 0x2b4

name=sysretval flags=80
  0000e538: 7fffc6d2                       call  0x80
  0000e53c: 8e21e004                       sub  %g7, 4, %g7
  0000e540: 000002b8                       USER 0x2b8

name=syscall flags=80
  0000e550: e000e2b4                       ld  [ %g3 + 0x2b4 ], %l0
  0000e554: e0040004                       ld  [ %l0 + %g4 ], %l0
  0000e558: c801e000                       ld  [ %g7 ], %g4
  0000e55c: 8e01e004                       add  %g7, 4, %g7
  0000e560: 90000004                       add  %g0, %g4, %o0
  0000e564: d201e000                       ld  [ %g7 ], %o1
  0000e568: d401e004                       ld  [ %g7 + 4 ], %o2
  0000e56c: d601e008                       ld  [ %g7 + 8 ], %o3
  0000e570: d801e00c                       ld  [ %g7 + 0xc ], %o4
  0000e574: da01e010                       ld  [ %g7 + 0x10 ], %o5
  0000e578: a4000002                       add  %g0, %g2, %l2
  0000e57c: a6000003                       add  %g0, %g3, %l3
  0000e580: a8000004                       add  %g0, %g4, %l4
  0000e584: aa000005                       add  %g0, %g5, %l5
  0000e588: ac000006                       add  %g0, %g6, %l6
  0000e58c: ae000007                       add  %g0, %g7, %l7
  0000e590: 9fc40000                       call  %l0
  0000e594: a2000001                       add  %g0, %g1, %l1
  0000e598: 82000011                       add  %g0, %l1, %g1
  0000e59c: 84000012                       add  %g0, %l2, %g2
  0000e5a0: 86000013                       add  %g0, %l3, %g3
  0000e5a4: 88000014                       add  %g0, %l4, %g4
  0000e5a8: 8a000015                       add  %g0, %l5, %g5
  0000e5ac: 8c000016                       add  %g0, %l6, %g6
  0000e5b0: 8e000017                       add  %g0, %l7, %g7
  0000e5b4: d020e2b8                       st  %o0, [ %g3 + 0x2b8 ]
  0000e5b8: e0016000                       ld  [ %g5 ], %l0
  0000e5bc: 81c40002                       jmp  %l0 + %g2
  0000e5c0: 8a016004                       add  %g5, 4, %g5

name=fsyscall flags=80
  0000e5d4: e000e2b4                       ld  [ %g3 + 0x2b4 ], %l0
  0000e5d8: e0040004                       ld  [ %l0 + %g4 ], %l0
  0000e5dc: 90000007                       add  %g0, %g7, %o0
  0000e5e0: a4000002                       add  %g0, %g2, %l2
  0000e5e4: a6000003                       add  %g0, %g3, %l3
  0000e5e8: a8000004                       add  %g0, %g4, %l4
  0000e5ec: aa000005                       add  %g0, %g5, %l5
  0000e5f0: ac000006                       add  %g0, %g6, %l6
  0000e5f4: ae000007                       add  %g0, %g7, %l7
  0000e5f8: 9fc40000                       call  %l0
  0000e5fc: a2000001                       add  %g0, %g1, %l1
  0000e600: 82000011                       add  %g0, %l1, %g1
  0000e604: 84000012                       add  %g0, %l2, %g2
  0000e608: 86000013                       add  %g0, %l3, %g3
  0000e60c: 88000014                       add  %g0, %l4, %g4
  0000e610: 8a000015                       add  %g0, %l5, %g5
  0000e614: 8c000016                       add  %g0, %l6, %g6
  0000e618: 8e000017                       add  %g0, %l7, %g7
  0000e61c: 8e000008                       add  %g0, %o0, %g7
  0000e620: c801e000                       ld  [ %g7 ], %g4
  0000e624: 8e01e004                       add  %g7, 4, %g7
  0000e628: e0016000                       ld  [ %g5 ], %l0
  0000e62c: 81c40002                       jmp  %l0 + %g2
  0000e630: 8a016004                       add  %g5, 4, %g5

name=retval flags=80
  0000e640: 7fffc681                       call  0x44
  0000e644: 8c21a004                       sub  %g6, 4, %g6
  0000e648: 0000e518 sysretval             unimp  0xe518
  0000e64c: 000010e0 @                     unimp  0x10e0
  0000e650: 00000a20 unnest                unimp  0xa20

name=lretval flags=80
  0000e660: 7fffc679                       call  0x44
  0000e664: 8c21a004                       sub  %g6, 4, %g6
  0000e668: 0000e518 sysretval             unimp  0xe518
  0000e66c: 000010e0 @                     unimp  0x10e0
  0000e670: 00001704 n->l                  unimp  0x1704
  0000e674: 00000a20 unnest                unimp  0xa20

name=errno flags=80
  0000e684: 7fffc67f                       call  0x80
  0000e688: 8e21e004                       sub  %g7, 4, %g7
  0000e68c: 000002bc                       USER 0x2bc

name=error? flags=80
  0000e69c: 7fffc66a                       call  0x44
  0000e6a0: 8c21a004                       sub  %g6, 4, %g6
  0000e6a4: 00000d84 dup                   unimp  0xd84
  0000e6a8: 00000af0 0<                    unimp  0xaf0
  0000e6ac: 00000d84 dup                   unimp  0xd84
  0000e6b0: 00000194 ?branch               unimp  0x194
  0000e6b4: 0000001c                       unimp  0x1c
  0000e6b8: 000000fc (lit)                 unimp  0xfc
  0000e6bc: 0000000f                       unimp  0xf
  0000e6c0: 0000e530 syscall               unimp  0xe530
  0000e6c4: 0000e620 retval                unimp  0xe620
  0000e6c8: 0000e664 errno                 unimp  0xe664
  0000e6cc: 00001290 !                     unimp  0x1290
  0000e6d0: 00000a20 unnest                unimp  0xa20

name=_falign flags=80
  0000e6e0: 7fffc659                       call  0x44
  0000e6e4: 8c21a004                       sub  %g6, 4, %g6
  0000e6e8: 00000d3c drop                  unimp  0xd3c
  0000e6ec: 000000fc (lit)                 unimp  0xfc
  0000e6f0: 000001ff                       unimp  0x1ff
  0000e6f4: 0000066c invert                unimp  0x66c
  0000e6f8: 00000520 and                   unimp  0x520
  0000e6fc: 00000a20 unnest                unimp  0xa20

name=_dfalign flags=80
  0000e710: 7fffc64d                       call  0x44
  0000e714: 8c21a004                       sub  %g6, 4, %g6
  0000e718: 00000d3c drop                  unimp  0xd3c
  0000e71c: 00000dc8 swap                  unimp  0xdc8
  0000e720: 000000fc (lit)                 unimp  0xfc
  0000e724: 000001ff                       unimp  0x1ff
  0000e728: 0000066c invert                unimp  0x66c
  0000e72c: 00000520 and                   unimp  0x520
  0000e730: 00000dc8 swap                  unimp  0xdc8
  0000e734: 00000a20 unnest                unimp  0xa20

name=unix-init-io flags=80
  0000e74c: 7fffc63e                       call  0x44
  0000e750: 8c21a004                       sub  %g6, 4, %g6
  0000e754: 0000e278 install-wrapper-io    unimp  0xe278
  0000e758: 0000dcd0 install-disk-io       unimp  0xdcd0
  0000e75c: 00001c28 (')                   unimp  0x1c28
  0000e760: 00004544 (key                  unimp  0x4544
  0000e764: 00001c28 (')                   unimp  0x1c28
  0000e768: 00004558 key                   unimp  0x4558
  0000e76c: 0000a340 (is                   unimp  0xa340
  0000e770: 00000a20 unnest                unimp  0xa20

name=unix-init flags=80
  0000e784: 7fffc630                       call  0x44
  0000e788: 8c21a004                       sub  %g6, 4, %g6
  0000e78c: 00000a20 unnest                unimp  0xa20

name=set-swap-bit flags=80
  0000e7a4: 7fffc628                       call  0x44
  0000e7a8: 8c21a004                       sub  %g6, 4, %g6
  0000e7ac: 00000d3c drop                  unimp  0xd3c
  0000e7b0: 00000a20 unnest                unimp  0xa20

name=note-string flags=80
  0000e7c4: 7fffc620                       call  0x44
  0000e7c8: 8c21a004                       sub  %g6, 4, %g6
  0000e7cc: 00000a20 unnest                unimp  0xa20

name=parse-line flags=80
  0000e7e0: a2000004                       add  %g0, %g4, %l1
  0000e7e4: e001e000                       ld  [ %g7 ], %l0
  0000e7e8: 8e21e008                       sub  %g7, 8, %g7
  0000e7ec: 8800200a                       add  %g0, 0xa, %g4
  0000e7f0: a800200d                       add  %g0, 0xd, %l4
  0000e7f4: a0040011                       add  %l0, %l1, %l0
  0000e7f8: a6200011                       neg  %l1, %l3
  0000e7fc: a624e001                       dec  %l3
  0000e800: 10800019                       b  0xe864
  0000e804: a684e001                       inccc  %l3
  0000e808: 80a10012                       cmp  %g4, %l2
  0000e80c: 32800002                       bne,a   0xe814
  0000e810: 80a50012                       cmp  %l4, %l2
  0000e814: 32800014                       bne,a   0xe864
  0000e818: a684e001                       inccc  %l3
  0000e81c: a2044013                       add  %l1, %l3, %l1
  0000e820: e221e004                       st  %l1, [ %g7 + 4 ]
  0000e824: a684e001                       inccc  %l3
  0000e828: 02800009                       be  0xe84c
  0000e82c: 01000000                       nop 
  0000e830: ea0c0013                       ldub  [ %l0 + %l3 ], %l5
  0000e834: 80a10012                       cmp  %g4, %l2
  0000e838: 12800003                       bne  0xe844
  0000e83c: 80a10015                       cmp  %g4, %l5
  0000e840: 80a50015                       cmp  %l4, %l5
  0000e844: 22800002                       be,a   0xe84c
  0000e848: a604e001                       inc  %l3
  0000e84c: a0040013                       add  %l0, %l3, %l0
  0000e850: e021e000                       st  %l0, [ %g7 ]
  0000e854: 88200013                       neg  %l3, %g4
  0000e858: e0016000                       ld  [ %g5 ], %l0
  0000e85c: 81c40002                       jmp  %l0 + %g2
  0000e860: 8a016004                       add  %g5, 4, %g5
  0000e864: 32bfffe9                       bne,a   0xe808
  0000e868: e40c0013                       ldub  [ %l0 + %l3 ], %l2
  0000e86c: e021e000                       st  %l0, [ %g7 ]
  0000e870: 88000000                       add  %g0, %g0, %g4
  0000e874: e0016000                       ld  [ %g5 ], %l0
  0000e878: 81c40002                       jmp  %l0 + %g2
  0000e87c: 8a016004                       add  %g5, 4, %g5

name=main-task flags=80
  0000e890: 7fffc60b                       call  0xbc
  0000e894: 8e21e004                       sub  %g7, 4, %g7
  0000e898: 00000000 [ENTRY]               CONSTANT 0x0

name=memtop flags=80
  0000e8a8: 7fffc5f6                       call  0x80
  0000e8ac: 8e21e004                       sub  %g7, 4, %g7
  0000e8b0: 000002c0                       USER 0x2c0

name=#args flags=80
  0000e8c0: 7fffc5f6                       call  0x98
  0000e8c4: 8e21e004                       sub  %g7, 4, %g7
  0000e8c8: 000002c4                       VALUE 0x2c4

name=args flags=80
  0000e8d8: 7fffc5f0                       call  0x98
  0000e8dc: 8e21e004                       sub  %g7, 4, %g7
  0000e8e0: 000002c8                       VALUE 0x2c8

name=cold-code flags=80
  0000e8f4: 7fffc5cf                       call  0x30
  0000e8f8: 8e21e004                       sub  %g7, 4, %g7
  0000e8fc: 9de3bfc0                       save  %sp, -64, %sp
  0000e900: 40000001                       call  0xe904
  0000e904: 0500003a                       sethi  %hi(0xe800), %g2
  0000e908: 8400a0e0                       add  %g2, 0xe0, %g2	! 0xe8e0
  0000e90c: 8423c002                       sub  %o7, %g2, %g2
  0000e910: ac00001a                       add  %g0, %i2, %l6
  0000e914: e8062008                       ld  [ %i0 + 8 ], %l4
  0000e918: b4268014                       sub  %i2, %l4, %i2
  0000e91c: 8600001a                       add  %g0, %i2, %g3
  0000e920: 2700003a                       sethi  %hi(0xe800), %l3
  0000e924: a604e078                       add  %l3, 0x78, %l3	! 0xe878
  0000e928: aa008013                       add  %g2, %l3, %l5
  0000e92c: c6356002                       sth  %g3, [ %l5 + 2 ]
  0000e930: a730e010                       srl  %g3, 0x10, %l3
  0000e934: e6356000                       sth  %l3, [ %l5 ]
  0000e938: e6062004                       ld  [ %i0 + 4 ], %l3
  0000e93c: a6008013                       add  %g2, %l3, %l3
  0000e940: a8a52004                       subcc  %l4, 4, %l4
  0000e944: ea04c014                       ld  [ %l3 + %l4 ], %l5
  0000e948: 12bffffe                       bne  0xe940
  0000e94c: ea20c014                       st  %l5, [ %g3 + %l4 ]
  0000e950: ec20e2c0                       st  %l6, [ %g3 + 0x2c0 ]
  0000e954: c620e018                       st  %g3, [ %g3 + 0x18 ]
  0000e958: 8c00001a                       add  %g0, %i2, %g6
  0000e95c: cc20e024                       st  %g6, [ %g3 + 0x24 ]
  0000e960: b426a7fc                       sub  %i2, 0x7fc, %i2
  0000e964: f420e020                       st  %i2, [ %g3 + 0x20 ]
  0000e968: 8e06a004                       add  %i2, 4, %g7
  0000e96c: b426a7fc                       sub  %i2, 0x7fc, %i2
  0000e970: 80a5801a                       cmp  %l6, %i2
  0000e974: 1a800003                       bcc  0xe980
  0000e978: 01000000                       nop 
  0000e97c: b4000016                       add  %g0, %l6, %i2
  0000e980: f420e0d0                       st  %i2, [ %g3 + 0xd0 ]
  0000e984: f220e2b4                       st  %i1, [ %g3 + 0x2b4 ]
  0000e988: e0062004                       ld  [ %i0 + 4 ], %l0
  0000e98c: a0008010                       add  %g2, %l0, %l0
  0000e990: e020e0cc                       st  %l0, [ %g3 + 0xcc ]
  0000e994: f620e2c4                       st  %i3, [ %g3 + 0x2c4 ]
  0000e998: f820e2c8                       st  %i4, [ %g3 + 0x2c8 ]
  0000e99c: 0b00002d                       sethi  %hi(0xb400), %g5
  0000e9a0: 8a016294                       add  %g5, 0x294, %g5	! 0xb694
  0000e9a4: 8a014002                       add  %g5, %g2, %g5
  0000e9a8: e0016000                       ld  [ %g5 ], %l0
  0000e9ac: 81c40002                       jmp  %l0 + %g2
  0000e9b0: 8a016004                       add  %g5, 4, %g5
  0000e9d0: 000002cc                       unimp  0x2cc
  0000e9dc: 00002f20 (move)                unimp  0x2f20
  0000e9e0: 00000000 [ENTRY]               unimp  0
  0000e9e4: 00004734 type1                 unimp  0x4734
  0000e9e8: 00000000 [ENTRY]               unimp  0
  0000e9ec: 00004704 emit1                 unimp  0x4704
  0000e9f0: 00000000 [ENTRY]               unimp  0
  0000e9f4: 000046d8 key1                  unimp  0x46d8
  0000ea08: 000045c0 (interactive?         unimp  0x45c0
  0000ea1c: 00000e40 2drop                 unimp  0xe40
  0000ea20: 000047b8 null-$getenv          unimp  0x47b8
  0000ea24: 000047d8 (#out                 unimp  0x47d8
  0000ea28: 000047f0 (#line                unimp  0x47f0
  0000ea84: fffffffc                       unknown
  0000ea88: 00006978 allot-abort           unimp  0x6978
  0000ea9c: ffffffff                       unknown
  0000eaa0: 0000d330 (mark-error)          unimp  0xd330
  0000eaa4: 0000d3c0 (show-error)          unimp  0xd3c0
  0000eab0: 00007920 (do-literal)          unimp  0x7920
  0000eab4: 000079a4 ($handle-literal?)    unimp  0x79a4
  0000eab8: 00000000 [ENTRY]               unimp  0
  0000eabc: 00007b94 ([)                   unimp  0x7b94
  0000eac0: 00007bec (])                   unimp  0x7bec
  0000eac4: 000016ec noop                  unimp  0x16ec
  0000eac8: 00007ce0 (interpret            unimp  0x7ce0
  0000eacc: 000016ec noop                  unimp  0x16ec
  0000ead0: 000016ec noop                  unimp  0x16ec
  0000ead4: 00007da8 "ok"                  unimp  0x7da8
  0000ead8: 000016ec noop                  unimp  0x16ec
  0000eadc: 0000957c ($header)             unimp  0x957c
  0000eae0: 0000816c (header)              unimp  0x816c
  0000eae4: 00000000 [ENTRY]               unimp  0
  0000eae8: 000016ec noop                  unimp  0x16ec
  0000eaec: 000016ec noop                  unimp  0x16ec
  0000eafc: 00000e40 2drop                 unimp  0xe40
  0000eb00: 000032cc ($find-next)          unimp  0x32cc
  0000eb04: 00000000 [ENTRY]               unimp  0
  0000eb08: 0000a0ac                       unimp  0xa0ac
  0000eb14: 000016ec noop                  unimp  0x16ec
  0000eb20: 0000e994                       unimp  0xe994
  0000eba8: 0000a0ac                       unimp  0xa0ac
  0000ebac: 00009d70                       unimp  0x9d70
  0000ebb0: 0000e8d4 cold-code             unimp  0xe8d4
  0000ebbc: 0000a128 is-error              unimp  0xa128
  0000ebd4: 0000b3ec (in-dictionary?       unimp  0xb3ec
  0000ebd8: 0000b44c (.error#)             unimp  0xb44c
  0000ebdc: 0000b4dc (.error)              unimp  0xb4dc
  0000ebe0: 000016ec noop                  unimp  0x16ec
  0000ebe4: 0000e72c unix-init-io          unimp  0xe72c
  0000ebe8: 0000d278 init                  unimp  0xd278
  0000ebec: 0000b658 (cold-hook            unimp  0xb658
  0000ebf0: 0000e764 unix-init             unimp  0xe764
  0000ebf4: 000016ec noop                  unimp  0x16ec
  0000ec14: 0000606c false                 unimp  0x606c
  0000ec2c: 0000cd4c (prompt)              unimp  0xcd4c
  0000ec30: 0000cef8 (quit)                unimp  0xcef8
  0000ec34: 0000d18c $abort-include        unimp  0xd18c
  0000ec38: 000016ec noop                  unimp  0x16ec
  0000ec3c: 000016ec noop                  unimp  0x16ec
  0000ec54: 0000d4b0 null-environment?     unimp  0xd4b0
  0000ec60: 000001b6                       unimp  0x1b6
